00:01.743  blend            | Read blend: "/Users/lucaschu/Documents/Codex/2026-09-04/https-maps-app-goo-gl-6kaddkvqd8j54t9fa/outputs/Chateau_Frontenac.blend"
00:12.863  render           | Saved: '/Users/lucaschu/Documents/Codex/2026-09-04/https-maps-app-goo-gl-6kaddkvqd8j54t9fa/work/frames/0114.png'
FRAME 114 / 720 | 10.26s | average 10.29s
00:23.607  render           | Saved: '/Users/lucaschu/Documents/Codex/2026-09-04/https-maps-app-goo-gl-6kaddkvqd8j54t9fa/work/frames/0115.png'
FRAME 115 / 720 | 10.73s | average 10.51s
00:30.003  render           | Saved: '/Users/lucaschu/Documents/Codex/2026-09-04/https-maps-app-goo-gl-6kaddkvqd8j54t9fa/work/frames/0116.png'
FRAME 116 / 720 | 6.38s | average 9.13s
00:37.450  render           | Saved: '/Users/lucaschu/Documents/Codex/2026-09-04/https-maps-app-goo-gl-6kaddkvqd8j54t9fa/work/frames/0117.png'
FRAME 117 / 720 | 7.45s | average 8.71s
00:39.129  render           | Saved: '/Users/lucaschu/Documents/Codex/2026-09-04/https-maps-app-goo-gl-6kaddkvqd8j54t9fa/work/frames/0118.png'
FRAME 118 / 720 | 1.68s | average 7.31s
00:42.675  render           | Saved: '/Users/lucaschu/Documents/Codex/2026-09-04/https-maps-app-goo-gl-6kaddkvqd8j54t9fa/work/frames/0119.png'
FRAME 119 / 720 | 3.55s | average 6.68s
00:52.677  render           | Saved: '/Users/lucaschu/Documents/Codex/2026-09-04/https-maps-app-goo-gl-6kaddkvqd8j54t9fa/work/frames/0120.png'
FRAME 120 / 720 | 10.01s | average 7.15s
01:02.249  render           | Saved: '/Users/lucaschu/Documents/Codex/2026-09-04/https-maps-app-goo-gl-6kaddkvqd8j54t9fa/work/frames/0121.png'
FRAME 121 / 720 | 9.57s | average 7.46s
01:04.979  render           | Saved: '/Users/lucaschu/Documents/Codex/2026-09-04/https-maps-app-goo-gl-6kaddkvqd8j54t9fa/work/frames/0122.png'
FRAME 122 / 720 | 2.72s | average 6.93s
16:08.541  render           | Saved: '/Users/lucaschu/Documents/Codex/2026-09-04/https-maps-app-goo-gl-6kaddkvqd8j54t9fa/work/frames/0123.png'
FRAME 123 / 720 | 903.57s | average 96.59s
16:10.660  render           | Saved: '/Users/lucaschu/Documents/Codex/2026-09-04/https-maps-app-goo-gl-6kaddkvqd8j54t9fa/work/frames/0124.png'
FRAME 124 / 720 | 2.11s | average 88.01s
16:11.564  render           | Saved: '/Users/lucaschu/Documents/Codex/2026-09-04/https-maps-app-goo-gl-6kaddkvqd8j54t9fa/work/frames/0125.png'
FRAME 125 / 720 | 0.90s | average 80.75s
16:12.505  render           | Saved: '/Users/lucaschu/Documents/Codex/2026-09-04/https-maps-app-goo-gl-6kaddkvqd8j54t9fa/work/frames/0126.png'
FRAME 126 / 720 | 0.94s | average 74.61s
16:13.384  render           | Saved: '/Users/lucaschu/Documents/Codex/2026-09-04/https-maps-app-goo-gl-6kaddkvqd8j54t9fa/work/frames/0127.png'
FRAME 127 / 720 | 0.88s | average 69.34s
16:14.248  render           | Saved: '/Users/lucaschu/Documents/Codex/2026-09-04/https-maps-app-goo-gl-6kaddkvqd8j54t9fa/work/frames/0128.png'
FRAME 128 / 720 | 0.86s | average 64.78s
26:26.162  render           | Saved: '/Users/lucaschu/Documents/Codex/2026-09-04/https-maps-app-goo-gl-6kaddkvqd8j54t9fa/work/frames/0129.png'
FRAME 129 / 720 | 611.91s | average 98.97s
26:27.253  render           | Saved: '/Users/lucaschu/Documents/Codex/2026-09-04/https-maps-app-goo-gl-6kaddkvqd8j54t9fa/work/frames/0130.png'
FRAME 130 / 720 | 1.09s | average 93.21s
26:28.400  render           | Saved: '/Users/lucaschu/Documents/Codex/2026-09-04/https-maps-app-goo-gl-6kaddkvqd8j54t9fa/work/frames/0131.png'
FRAME 131 / 720 | 1.15s | average 88.10s
26:29.535  render           | Saved: '/Users/lucaschu/Documents/Codex/2026-09-04/https-maps-app-goo-gl-6kaddkvqd8j54t9fa/work/frames/0132.png'
FRAME 132 / 720 | 1.13s | average 83.52s
26:30.831  render           | Saved: '/Users/lucaschu/Documents/Codex/2026-09-04/https-maps-app-goo-gl-6kaddkvqd8j54t9fa/work/frames/0133.png'
FRAME 133 / 720 | 1.30s | average 79.41s
26:34.850  render           | Saved: '/Users/lucaschu/Documents/Codex/2026-09-04/https-maps-app-goo-gl-6kaddkvqd8j54t9fa/work/frames/0134.png'
FRAME 134 / 720 | 4.02s | average 75.82s
26:36.728  render           | Saved: '/Users/lucaschu/Documents/Codex/2026-09-04/https-maps-app-goo-gl-6kaddkvqd8j54t9fa/work/frames/0135.png'
FRAME 135 / 720 | 1.86s | average 72.46s
26:37.855  render           | Saved: '/Users/lucaschu/Documents/Codex/2026-09-04/https-maps-app-goo-gl-6kaddkvqd8j54t9fa/work/frames/0136.png'
FRAME 136 / 720 | 1.13s | average 69.36s
26:39.026  render           | Saved: '/Users/lucaschu/Documents/Codex/2026-09-04/https-maps-app-goo-gl-6kaddkvqd8j54t9fa/work/frames/0137.png'
FRAME 137 / 720 | 1.17s | average 66.52s
26:40.195  render           | Saved: '/Users/lucaschu/Documents/Codex/2026-09-04/https-maps-app-goo-gl-6kaddkvqd8j54t9fa/work/frames/0138.png'
FRAME 138 / 720 | 1.17s | average 63.90s
26:41.332  render           | Saved: '/Users/lucaschu/Documents/Codex/2026-09-04/https-maps-app-goo-gl-6kaddkvqd8j54t9fa/work/frames/0139.png'
FRAME 139 / 720 | 1.14s | average 61.49s
26:42.694  render           | Saved: '/Users/lucaschu/Documents/Codex/2026-09-04/https-maps-app-goo-gl-6kaddkvqd8j54t9fa/work/frames/0140.png'
FRAME 140 / 720 | 1.36s | average 59.26s
26:43.916  render           | Saved: '/Users/lucaschu/Documents/Codex/2026-09-04/https-maps-app-goo-gl-6kaddkvqd8j54t9fa/work/frames/0141.png'
FRAME 141 / 720 | 1.22s | average 57.19s
26:45.162  render           | Saved: '/Users/lucaschu/Documents/Codex/2026-09-04/https-maps-app-goo-gl-6kaddkvqd8j54t9fa/work/frames/0142.png'
FRAME 142 / 720 | 1.25s | average 55.26s
26:46.417  render           | Saved: '/Users/lucaschu/Documents/Codex/2026-09-04/https-maps-app-goo-gl-6kaddkvqd8j54t9fa/work/frames/0143.png'
FRAME 143 / 720 | 1.25s | average 53.46s
26:47.668  render           | Saved: '/Users/lucaschu/Documents/Codex/2026-09-04/https-maps-app-goo-gl-6kaddkvqd8j54t9fa/work/frames/0144.png'
FRAME 144 / 720 | 1.25s | average 51.78s
26:48.847  render           | Saved: '/Users/lucaschu/Documents/Codex/2026-09-04/https-maps-app-goo-gl-6kaddkvqd8j54t9fa/work/frames/0145.png'
FRAME 145 / 720 | 1.18s | average 50.20s
26:50.030  render           | Saved: '/Users/lucaschu/Documents/Codex/2026-09-04/https-maps-app-goo-gl-6kaddkvqd8j54t9fa/work/frames/0146.png'
FRAME 146 / 720 | 1.18s | average 48.71s
26:51.092  render           | Saved: '/Users/lucaschu/Documents/Codex/2026-09-04/https-maps-app-goo-gl-6kaddkvqd8j54t9fa/work/frames/0147.png'
FRAME 147 / 720 | 1.06s | average 47.31s
26:52.171  render           | Saved: '/Users/lucaschu/Documents/Codex/2026-09-04/https-maps-app-goo-gl-6kaddkvqd8j54t9fa/work/frames/0148.png'
FRAME 148 / 720 | 1.08s | average 45.99s
26:53.270  render           | Saved: '/Users/lucaschu/Documents/Codex/2026-09-04/https-maps-app-goo-gl-6kaddkvqd8j54t9fa/work/frames/0149.png'
FRAME 149 / 720 | 1.10s | average 44.74s
26:54.494  render           | Saved: '/Users/lucaschu/Documents/Codex/2026-09-04/https-maps-app-goo-gl-6kaddkvqd8j54t9fa/work/frames/0150.png'
FRAME 150 / 720 | 1.22s | average 43.56s
26:55.646  render           | Saved: '/Users/lucaschu/Documents/Codex/2026-09-04/https-maps-app-goo-gl-6kaddkvqd8j54t9fa/work/frames/0151.png'
FRAME 151 / 720 | 1.15s | average 42.45s
26:56.812  render           | Saved: '/Users/lucaschu/Documents/Codex/2026-09-04/https-maps-app-goo-gl-6kaddkvqd8j54t9fa/work/frames/0152.png'
FRAME 152 / 720 | 1.17s | average 41.39s
41:38.308  render           | Saved: '/Users/lucaschu/Documents/Codex/2026-09-04/https-maps-app-goo-gl-6kaddkvqd8j54t9fa/work/frames/0153.png'
FRAME 153 / 720 | 881.49s | average 62.39s
41:39.660  render           | Saved: '/Users/lucaschu/Documents/Codex/2026-09-04/https-maps-app-goo-gl-6kaddkvqd8j54t9fa/work/frames/0154.png'
FRAME 154 / 720 | 1.35s | average 60.90s
41:41.001  render           | Saved: '/Users/lucaschu/Documents/Codex/2026-09-04/https-maps-app-goo-gl-6kaddkvqd8j54t9fa/work/frames/0155.png'
FRAME 155 / 720 | 1.35s | average 59.49s
41:43.446  render           | Saved: '/Users/lucaschu/Documents/Codex/2026-09-04/https-maps-app-goo-gl-6kaddkvqd8j54t9fa/work/frames/0156.png'
FRAME 156 / 720 | 2.45s | average 58.16s
41:47.688  render           | Saved: '/Users/lucaschu/Documents/Codex/2026-09-04/https-maps-app-goo-gl-6kaddkvqd8j54t9fa/work/frames/0157.png'
FRAME 157 / 720 | 4.23s | average 56.93s
41:52.284  render           | Saved: '/Users/lucaschu/Documents/Codex/2026-09-04/https-maps-app-goo-gl-6kaddkvqd8j54t9fa/work/frames/0158.png'
FRAME 158 / 720 | 4.59s | average 55.77s
41:54.687  render           | Saved: '/Users/lucaschu/Documents/Codex/2026-09-04/https-maps-app-goo-gl-6kaddkvqd8j54t9fa/work/frames/0159.png'
FRAME 159 / 720 | 2.39s | average 54.61s
41:56.034  render           | Saved: '/Users/lucaschu/Documents/Codex/2026-09-04/https-maps-app-goo-gl-6kaddkvqd8j54t9fa/work/frames/0160.png'
FRAME 160 / 720 | 1.34s | average 53.48s
41:57.434  render           | Saved: '/Users/lucaschu/Documents/Codex/2026-09-04/https-maps-app-goo-gl-6kaddkvqd8j54t9fa/work/frames/0161.png'
FRAME 161 / 720 | 1.40s | average 52.39s
41:58.811  render           | Saved: '/Users/lucaschu/Documents/Codex/2026-09-04/https-maps-app-goo-gl-6kaddkvqd8j54t9fa/work/frames/0162.png'
FRAME 162 / 720 | 1.38s | average 51.35s
58:40.520  render           | Saved: '/Users/lucaschu/Documents/Codex/2026-09-04/https-maps-app-goo-gl-6kaddkvqd8j54t9fa/work/frames/0163.png'
FRAME 163 / 720 | 1001.71s | average 70.36s
58:41.677  render           | Saved: '/Users/lucaschu/Documents/Codex/2026-09-04/https-maps-app-goo-gl-6kaddkvqd8j54t9fa/work/frames/0164.png'
FRAME 164 / 720 | 1.16s | average 69.00s
58:42.874  render           | Saved: '/Users/lucaschu/Documents/Codex/2026-09-04/https-maps-app-goo-gl-6kaddkvqd8j54t9fa/work/frames/0165.png'
FRAME 165 / 720 | 1.20s | average 67.70s
58:44.044  render           | Saved: '/Users/lucaschu/Documents/Codex/2026-09-04/https-maps-app-goo-gl-6kaddkvqd8j54t9fa/work/frames/0166.png'
FRAME 166 / 720 | 1.17s | average 66.44s
01:03:50.183  render           | Saved: '/Users/lucaschu/Documents/Codex/2026-09-04/https-maps-app-goo-gl-6kaddkvqd8j54t9fa/work/frames/0167.png'
FRAME 167 / 720 | 306.14s | average 70.88s
01:03:51.408  render           | Saved: '/Users/lucaschu/Documents/Codex/2026-09-04/https-maps-app-goo-gl-6kaddkvqd8j54t9fa/work/frames/0168.png'
FRAME 168 / 720 | 1.22s | average 69.61s
01:03:52.627  render           | Saved: '/Users/lucaschu/Documents/Codex/2026-09-04/https-maps-app-goo-gl-6kaddkvqd8j54t9fa/work/frames/0169.png'
FRAME 169 / 720 | 1.22s | average 68.39s
01:03:54.138  render           | Saved: '/Users/lucaschu/Documents/Codex/2026-09-04/https-maps-app-goo-gl-6kaddkvqd8j54t9fa/work/frames/0170.png'
FRAME 170 / 720 | 1.52s | average 67.22s
01:03:59.248  render           | Saved: '/Users/lucaschu/Documents/Codex/2026-09-04/https-maps-app-goo-gl-6kaddkvqd8j54t9fa/work/frames/0171.png'
FRAME 171 / 720 | 5.11s | average 66.15s
01:04:04.681  render           | Saved: '/Users/lucaschu/Documents/Codex/2026-09-04/https-maps-app-goo-gl-6kaddkvqd8j54t9fa/work/frames/0172.png'
FRAME 172 / 720 | 5.43s | average 65.12s
01:04:10.533  render           | Saved: '/Users/lucaschu/Documents/Codex/2026-09-04/https-maps-app-goo-gl-6kaddkvqd8j54t9fa/work/frames/0173.png'
FRAME 173 / 720 | 5.85s | average 64.13s
01:04:16.002  render           | Saved: '/Users/lucaschu/Documents/Codex/2026-09-04/https-maps-app-goo-gl-6kaddkvqd8j54t9fa/work/frames/0174.png'
FRAME 174 / 720 | 5.47s | average 63.17s
01:04:21.928  render           | Saved: '/Users/lucaschu/Documents/Codex/2026-09-04/https-maps-app-goo-gl-6kaddkvqd8j54t9fa/work/frames/0175.png'
FRAME 175 / 720 | 5.92s | average 62.25s
01:04:27.832  render           | Saved: '/Users/lucaschu/Documents/Codex/2026-09-04/https-maps-app-goo-gl-6kaddkvqd8j54t9fa/work/frames/0176.png'
FRAME 176 / 720 | 5.90s | average 61.35s
01:04:33.843  render           | Saved: '/Users/lucaschu/Documents/Codex/2026-09-04/https-maps-app-goo-gl-6kaddkvqd8j54t9fa/work/frames/0177.png'
FRAME 177 / 720 | 6.01s | average 60.49s
01:04:35.989  render           | Saved: '/Users/lucaschu/Documents/Codex/2026-09-04/https-maps-app-goo-gl-6kaddkvqd8j54t9fa/work/frames/0178.png'
FRAME 178 / 720 | 2.13s | average 59.59s
01:22:21.246  render           | Saved: '/Users/lucaschu/Documents/Codex/2026-09-04/https-maps-app-goo-gl-6kaddkvqd8j54t9fa/work/frames/0179.png'
FRAME 179 / 720 | 1065.26s | average 74.83s
01:22:22.354  render           | Saved: '/Users/lucaschu/Documents/Codex/2026-09-04/https-maps-app-goo-gl-6kaddkvqd8j54t9fa/work/frames/0180.png'
FRAME 180 / 720 | 1.11s | average 73.73s
01:22:23.365  render           | Saved: '/Users/lucaschu/Documents/Codex/2026-09-04/https-maps-app-goo-gl-6kaddkvqd8j54t9fa/work/frames/0181.png'
FRAME 181 / 720 | 1.01s | average 72.66s
01:22:24.503  render           | Saved: '/Users/lucaschu/Documents/Codex/2026-09-04/https-maps-app-goo-gl-6kaddkvqd8j54t9fa/work/frames/0182.png'
FRAME 182 / 720 | 1.14s | average 71.62s
01:22:25.373  render           | Saved: '/Users/lucaschu/Documents/Codex/2026-09-04/https-maps-app-goo-gl-6kaddkvqd8j54t9fa/work/frames/0183.png'
FRAME 183 / 720 | 0.87s | average 70.61s
01:38:06.308  render           | Saved: '/Users/lucaschu/Documents/Codex/2026-09-04/https-maps-app-goo-gl-6kaddkvqd8j54t9fa/work/frames/0184.png'
FRAME 184 / 720 | 940.93s | average 82.87s
01:38:07.354  render           | Saved: '/Users/lucaschu/Documents/Codex/2026-09-04/https-maps-app-goo-gl-6kaddkvqd8j54t9fa/work/frames/0185.png'
FRAME 185 / 720 | 1.05s | average 81.73s
01:38:08.427  render           | Saved: '/Users/lucaschu/Documents/Codex/2026-09-04/https-maps-app-goo-gl-6kaddkvqd8j54t9fa/work/frames/0186.png'
FRAME 186 / 720 | 1.07s | average 80.63s
01:38:09.523  render           | Saved: '/Users/lucaschu/Documents/Codex/2026-09-04/https-maps-app-goo-gl-6kaddkvqd8j54t9fa/work/frames/0187.png'
FRAME 187 / 720 | 1.10s | average 79.55s
01:38:10.498  render           | Saved: '/Users/lucaschu/Documents/Codex/2026-09-04/https-maps-app-goo-gl-6kaddkvqd8j54t9fa/work/frames/0188.png'
FRAME 188 / 720 | 0.97s | average 78.51s
01:55:02.493  render           | Saved: '/Users/lucaschu/Documents/Codex/2026-09-04/https-maps-app-goo-gl-6kaddkvqd8j54t9fa/work/frames/0189.png'
FRAME 189 / 720 | 1011.99s | average 90.79s
01:55:03.612  render           | Saved: '/Users/lucaschu/Documents/Codex/2026-09-04/https-maps-app-goo-gl-6kaddkvqd8j54t9fa/work/frames/0190.png'
FRAME 190 / 720 | 1.12s | average 89.62s
01:55:05.152  render           | Saved: '/Users/lucaschu/Documents/Codex/2026-09-04/https-maps-app-goo-gl-6kaddkvqd8j54t9fa/work/frames/0191.png'
FRAME 191 / 720 | 1.54s | average 88.49s
01:55:06.622  render           | Saved: '/Users/lucaschu/Documents/Codex/2026-09-04/https-maps-app-goo-gl-6kaddkvqd8j54t9fa/work/frames/0192.png'
FRAME 192 / 720 | 1.48s | average 87.39s
02:02:51.765  render           | Saved: '/Users/lucaschu/Documents/Codex/2026-09-04/https-maps-app-goo-gl-6kaddkvqd8j54t9fa/work/frames/0193.png'
FRAME 193 / 720 | 465.12s | average 92.11s
02:02:52.905  render           | Saved: '/Users/lucaschu/Documents/Codex/2026-09-04/https-maps-app-goo-gl-6kaddkvqd8j54t9fa/work/frames/0194.png'
FRAME 194 / 720 | 1.14s | average 90.99s
02:02:54.013  render           | Saved: '/Users/lucaschu/Documents/Codex/2026-09-04/https-maps-app-goo-gl-6kaddkvqd8j54t9fa/work/frames/0195.png'
FRAME 195 / 720 | 1.11s | average 89.90s
02:02:55.030  render           | Saved: '/Users/lucaschu/Documents/Codex/2026-09-04/https-maps-app-goo-gl-6kaddkvqd8j54t9fa/work/frames/0196.png'
FRAME 196 / 720 | 1.01s | average 88.82s
02:02:58.655  render           | Saved: '/Users/lucaschu/Documents/Codex/2026-09-04/https-maps-app-goo-gl-6kaddkvqd8j54t9fa/work/frames/0197.png'
FRAME 197 / 720 | 3.64s | average 87.81s
02:03:04.940  render           | Saved: '/Users/lucaschu/Documents/Codex/2026-09-04/https-maps-app-goo-gl-6kaddkvqd8j54t9fa/work/frames/0198.png'
FRAME 198 / 720 | 6.29s | average 86.85s
02:03:09.720  render           | Saved: '/Users/lucaschu/Documents/Codex/2026-09-04/https-maps-app-goo-gl-6kaddkvqd8j54t9fa/work/frames/0199.png'
FRAME 199 / 720 | 4.77s | average 85.90s
02:03:14.743  render           | Saved: '/Users/lucaschu/Documents/Codex/2026-09-04/https-maps-app-goo-gl-6kaddkvqd8j54t9fa/work/frames/0200.png'
FRAME 200 / 720 | 5.03s | average 84.97s
02:03:19.783  render           | Saved: '/Users/lucaschu/Documents/Codex/2026-09-04/https-maps-app-goo-gl-6kaddkvqd8j54t9fa/work/frames/0201.png'
FRAME 201 / 720 | 5.04s | average 84.06s
02:03:23.836  render           | Saved: '/Users/lucaschu/Documents/Codex/2026-09-04/https-maps-app-goo-gl-6kaddkvqd8j54t9fa/work/frames/0202.png'
FRAME 202 / 720 | 4.05s | average 83.16s
02:03:28.137  render           | Saved: '/Users/lucaschu/Documents/Codex/2026-09-04/https-maps-app-goo-gl-6kaddkvqd8j54t9fa/work/frames/0203.png'
FRAME 203 / 720 | 4.30s | average 82.28s
02:03:31.788  render           | Saved: '/Users/lucaschu/Documents/Codex/2026-09-04/https-maps-app-goo-gl-6kaddkvqd8j54t9fa/work/frames/0204.png'
FRAME 204 / 720 | 3.64s | average 81.42s
02:03:35.543  render           | Saved: '/Users/lucaschu/Documents/Codex/2026-09-04/https-maps-app-goo-gl-6kaddkvqd8j54t9fa/work/frames/0205.png'
FRAME 205 / 720 | 3.75s | average 80.58s
02:03:36.795  render           | Saved: '/Users/lucaschu/Documents/Codex/2026-09-04/https-maps-app-goo-gl-6kaddkvqd8j54t9fa/work/frames/0206.png'
FRAME 206 / 720 | 1.25s | average 79.72s
02:19:43.108  render           | Saved: '/Users/lucaschu/Documents/Codex/2026-09-04/https-maps-app-goo-gl-6kaddkvqd8j54t9fa/work/frames/0207.png'
FRAME 207 / 720 | 966.31s | average 89.15s
02:19:44.228  render           | Saved: '/Users/lucaschu/Documents/Codex/2026-09-04/https-maps-app-goo-gl-6kaddkvqd8j54t9fa/work/frames/0208.png'
FRAME 208 / 720 | 1.12s | average 88.23s
02:19:45.283  render           | Saved: '/Users/lucaschu/Documents/Codex/2026-09-04/https-maps-app-goo-gl-6kaddkvqd8j54t9fa/work/frames/0209.png'
FRAME 209 / 720 | 1.05s | average 87.32s
02:19:46.209  render           | Saved: '/Users/lucaschu/Documents/Codex/2026-09-04/https-maps-app-goo-gl-6kaddkvqd8j54t9fa/work/frames/0210.png'
FRAME 210 / 720 | 0.93s | average 86.43s
02:19:47.085  render           | Saved: '/Users/lucaschu/Documents/Codex/2026-09-04/https-maps-app-goo-gl-6kaddkvqd8j54t9fa/work/frames/0211.png'
FRAME 211 / 720 | 0.87s | average 85.56s
02:36:06.994  render           | Saved: '/Users/lucaschu/Documents/Codex/2026-09-04/https-maps-app-goo-gl-6kaddkvqd8j54t9fa/work/frames/0212.png'
FRAME 212 / 720 | 979.91s | average 94.59s
02:36:08.134  render           | Saved: '/Users/lucaschu/Documents/Codex/2026-09-04/https-maps-app-goo-gl-6kaddkvqd8j54t9fa/work/frames/0213.png'
FRAME 213 / 720 | 1.14s | average 93.66s
02:36:09.117  render           | Saved: '/Users/lucaschu/Documents/Codex/2026-09-04/https-maps-app-goo-gl-6kaddkvqd8j54t9fa/work/frames/0214.png'
FRAME 214 / 720 | 0.98s | average 92.74s
02:36:10.093  render           | Saved: '/Users/lucaschu/Documents/Codex/2026-09-04/https-maps-app-goo-gl-6kaddkvqd8j54t9fa/work/frames/0215.png'
FRAME 215 / 720 | 0.98s | average 91.84s
02:36:11.065  render           | Saved: '/Users/lucaschu/Documents/Codex/2026-09-04/https-maps-app-goo-gl-6kaddkvqd8j54t9fa/work/frames/0216.png'
FRAME 216 / 720 | 0.97s | average 90.96s
02:53:33.844  render           | Saved: '/Users/lucaschu/Documents/Codex/2026-09-04/https-maps-app-goo-gl-6kaddkvqd8j54t9fa/work/frames/0217.png'
FRAME 217 / 720 | 1042.78s | average 100.11s
02:53:34.777  render           | Saved: '/Users/lucaschu/Documents/Codex/2026-09-04/https-maps-app-goo-gl-6kaddkvqd8j54t9fa/work/frames/0218.png'
FRAME 218 / 720 | 0.93s | average 99.16s
02:53:35.778  render           | Saved: '/Users/lucaschu/Documents/Codex/2026-09-04/https-maps-app-goo-gl-6kaddkvqd8j54t9fa/work/frames/0219.png'
FRAME 219 / 720 | 1.00s | average 98.24s
02:53:36.809  render           | Saved: '/Users/lucaschu/Documents/Codex/2026-09-04/https-maps-app-goo-gl-6kaddkvqd8j54t9fa/work/frames/0220.png'
FRAME 220 / 720 | 1.03s | average 97.33s
02:53:37.872  render           | Saved: '/Users/lucaschu/Documents/Codex/2026-09-04/https-maps-app-goo-gl-6kaddkvqd8j54t9fa/work/frames/0221.png'
FRAME 221 / 720 | 1.06s | average 96.44s
03:04:50.669  render           | Saved: '/Users/lucaschu/Documents/Codex/2026-09-04/https-maps-app-goo-gl-6kaddkvqd8j54t9fa/work/frames/0222.png'
FRAME 222 / 720 | 672.79s | average 101.73s
03:04:51.705  render           | Saved: '/Users/lucaschu/Documents/Codex/2026-09-04/https-maps-app-goo-gl-6kaddkvqd8j54t9fa/work/frames/0223.png'
FRAME 223 / 720 | 1.04s | average 100.81s
03:04:52.637  render           | Saved: '/Users/lucaschu/Documents/Codex/2026-09-04/https-maps-app-goo-gl-6kaddkvqd8j54t9fa/work/frames/0224.png'
FRAME 224 / 720 | 0.93s | average 99.91s
03:04:53.525  render           | Saved: '/Users/lucaschu/Documents/Codex/2026-09-04/https-maps-app-goo-gl-6kaddkvqd8j54t9fa/work/frames/0225.png'
FRAME 225 / 720 | 0.89s | average 99.03s
03:04:54.440  render           | Saved: '/Users/lucaschu/Documents/Codex/2026-09-04/https-maps-app-goo-gl-6kaddkvqd8j54t9fa/work/frames/0226.png'
FRAME 226 / 720 | 0.91s | average 98.16s
03:04:55.687  render           | Saved: '/Users/lucaschu/Documents/Codex/2026-09-04/https-maps-app-goo-gl-6kaddkvqd8j54t9fa/work/frames/0227.png'
FRAME 227 / 720 | 1.24s | average 97.31s
03:05:01.359  render           | Saved: '/Users/lucaschu/Documents/Codex/2026-09-04/https-maps-app-goo-gl-6kaddkvqd8j54t9fa/work/frames/0228.png'
FRAME 228 / 720 | 5.69s | average 96.51s
03:05:06.288  render           | Saved: '/Users/lucaschu/Documents/Codex/2026-09-04/https-maps-app-goo-gl-6kaddkvqd8j54t9fa/work/frames/0229.png'
FRAME 229 / 720 | 4.92s | average 95.72s
03:05:11.107  render           | Saved: '/Users/lucaschu/Documents/Codex/2026-09-04/https-maps-app-goo-gl-6kaddkvqd8j54t9fa/work/frames/0230.png'
FRAME 230 / 720 | 4.82s | average 94.94s
03:05:15.187  render           | Saved: '/Users/lucaschu/Documents/Codex/2026-09-04/https-maps-app-goo-gl-6kaddkvqd8j54t9fa/work/frames/0231.png'
FRAME 231 / 720 | 4.08s | average 94.17s
03:05:19.830  render           | Saved: '/Users/lucaschu/Documents/Codex/2026-09-04/https-maps-app-goo-gl-6kaddkvqd8j54t9fa/work/frames/0232.png'
FRAME 232 / 720 | 4.64s | average 93.42s
03:05:25.415  render           | Saved: '/Users/lucaschu/Documents/Codex/2026-09-04/https-maps-app-goo-gl-6kaddkvqd8j54t9fa/work/frames/0233.png'
FRAME 233 / 720 | 5.59s | average 92.69s
03:05:30.589  render           | Saved: '/Users/lucaschu/Documents/Codex/2026-09-04/https-maps-app-goo-gl-6kaddkvqd8j54t9fa/work/frames/0234.png'
FRAME 234 / 720 | 5.17s | average 91.97s
03:05:35.964  render           | Saved: '/Users/lucaschu/Documents/Codex/2026-09-04/https-maps-app-goo-gl-6kaddkvqd8j54t9fa/work/frames/0235.png'
FRAME 235 / 720 | 5.38s | average 91.26s
03:05:37.139  render           | Saved: '/Users/lucaschu/Documents/Codex/2026-09-04/https-maps-app-goo-gl-6kaddkvqd8j54t9fa/work/frames/0236.png'
FRAME 236 / 720 | 1.16s | average 90.52s
03:07:09.217  render           | Saved: '/Users/lucaschu/Documents/Codex/2026-09-04/https-maps-app-goo-gl-6kaddkvqd8j54t9fa/work/frames/0237.png'
FRAME 237 / 720 | 92.08s | average 90.54s
03:07:10.174  render           | Saved: '/Users/lucaschu/Documents/Codex/2026-09-04/https-maps-app-goo-gl-6kaddkvqd8j54t9fa/work/frames/0238.png'
FRAME 238 / 720 | 0.96s | average 89.82s
03:07:11.025  render           | Saved: '/Users/lucaschu/Documents/Codex/2026-09-04/https-maps-app-goo-gl-6kaddkvqd8j54t9fa/work/frames/0239.png'
FRAME 239 / 720 | 0.85s | average 89.11s
03:07:11.879  render           | Saved: '/Users/lucaschu/Documents/Codex/2026-09-04/https-maps-app-goo-gl-6kaddkvqd8j54t9fa/work/frames/0240.png'
FRAME 240 / 720 | 0.85s | average 88.42s
03:07:12.898  render           | Saved: '/Users/lucaschu/Documents/Codex/2026-09-04/https-maps-app-goo-gl-6kaddkvqd8j54t9fa/work/frames/0241.png'
FRAME 241 / 720 | 1.02s | average 87.74s
03:07:17.231  render           | Saved: '/Users/lucaschu/Documents/Codex/2026-09-04/https-maps-app-goo-gl-6kaddkvqd8j54t9fa/work/frames/0242.png'
FRAME 242 / 720 | 4.34s | average 87.09s
03:07:23.582  render           | Saved: '/Users/lucaschu/Documents/Codex/2026-09-04/https-maps-app-goo-gl-6kaddkvqd8j54t9fa/work/frames/0243.png'
FRAME 243 / 720 | 6.35s | average 86.47s
03:07:28.126  render           | Saved: '/Users/lucaschu/Documents/Codex/2026-09-04/https-maps-app-goo-gl-6kaddkvqd8j54t9fa/work/frames/0244.png'
FRAME 244 / 720 | 4.55s | average 85.84s
03:07:33.522  render           | Saved: '/Users/lucaschu/Documents/Codex/2026-09-04/https-maps-app-goo-gl-6kaddkvqd8j54t9fa/work/frames/0245.png'
FRAME 245 / 720 | 5.39s | average 85.23s
03:07:38.445  render           | Saved: '/Users/lucaschu/Documents/Codex/2026-09-04/https-maps-app-goo-gl-6kaddkvqd8j54t9fa/work/frames/0246.png'
FRAME 246 / 720 | 4.92s | average 84.63s
03:07:43.926  render           | Saved: '/Users/lucaschu/Documents/Codex/2026-09-04/https-maps-app-goo-gl-6kaddkvqd8j54t9fa/work/frames/0247.png'
FRAME 247 / 720 | 5.48s | average 84.04s
03:07:49.284  render           | Saved: '/Users/lucaschu/Documents/Codex/2026-09-04/https-maps-app-goo-gl-6kaddkvqd8j54t9fa/work/frames/0248.png'
FRAME 248 / 720 | 5.36s | average 83.46s
03:07:53.911  render           | Saved: '/Users/lucaschu/Documents/Codex/2026-09-04/https-maps-app-goo-gl-6kaddkvqd8j54t9fa/work/frames/0249.png'
FRAME 249 / 720 | 4.63s | average 82.88s
03:07:55.038  render           | Saved: '/Users/lucaschu/Documents/Codex/2026-09-04/https-maps-app-goo-gl-6kaddkvqd8j54t9fa/work/frames/0250.png'
FRAME 250 / 720 | 1.11s | average 82.28s
03:23:22.168  render           | Saved: '/Users/lucaschu/Documents/Codex/2026-09-04/https-maps-app-goo-gl-6kaddkvqd8j54t9fa/work/frames/0251.png'
FRAME 251 / 720 | 927.13s | average 88.40s
03:23:23.348  render           | Saved: '/Users/lucaschu/Documents/Codex/2026-09-04/https-maps-app-goo-gl-6kaddkvqd8j54t9fa/work/frames/0252.png'
FRAME 252 / 720 | 1.18s | average 87.78s
03:23:24.404  render           | Saved: '/Users/lucaschu/Documents/Codex/2026-09-04/https-maps-app-goo-gl-6kaddkvqd8j54t9fa/work/frames/0253.png'
FRAME 253 / 720 | 1.06s | average 87.16s
03:23:25.319  render           | Saved: '/Users/lucaschu/Documents/Codex/2026-09-04/https-maps-app-goo-gl-6kaddkvqd8j54t9fa/work/frames/0254.png'
FRAME 254 / 720 | 0.91s | average 86.54s
03:23:26.535  render           | Saved: '/Users/lucaschu/Documents/Codex/2026-09-04/https-maps-app-goo-gl-6kaddkvqd8j54t9fa/work/frames/0255.png'
FRAME 255 / 720 | 1.22s | average 85.94s
03:41:24.358  render           | Saved: '/Users/lucaschu/Documents/Codex/2026-09-04/https-maps-app-goo-gl-6kaddkvqd8j54t9fa/work/frames/0256.png'
FRAME 256 / 720 | 1077.82s | average 92.88s
03:41:25.458  render           | Saved: '/Users/lucaschu/Documents/Codex/2026-09-04/https-maps-app-goo-gl-6kaddkvqd8j54t9fa/work/frames/0257.png'
FRAME 257 / 720 | 1.10s | average 92.24s
03:41:26.560  render           | Saved: '/Users/lucaschu/Documents/Codex/2026-09-04/https-maps-app-goo-gl-6kaddkvqd8j54t9fa/work/frames/0258.png'
FRAME 258 / 720 | 1.10s | average 91.61s
03:41:27.690  render           | Saved: '/Users/lucaschu/Documents/Codex/2026-09-04/https-maps-app-goo-gl-6kaddkvqd8j54t9fa/work/frames/0259.png'
FRAME 259 / 720 | 1.13s | average 90.99s
03:53:29.828  render           | Saved: '/Users/lucaschu/Documents/Codex/2026-09-04/https-maps-app-goo-gl-6kaddkvqd8j54t9fa/work/frames/0260.png'
FRAME 260 / 720 | 722.14s | average 95.29s
03:53:30.993  render           | Saved: '/Users/lucaschu/Documents/Codex/2026-09-04/https-maps-app-goo-gl-6kaddkvqd8j54t9fa/work/frames/0261.png'
FRAME 261 / 720 | 1.16s | average 94.65s
03:53:32.002  render           | Saved: '/Users/lucaschu/Documents/Codex/2026-09-04/https-maps-app-goo-gl-6kaddkvqd8j54t9fa/work/frames/0262.png'
FRAME 262 / 720 | 1.01s | average 94.02s
03:53:33.192  render           | Saved: '/Users/lucaschu/Documents/Codex/2026-09-04/https-maps-app-goo-gl-6kaddkvqd8j54t9fa/work/frames/0263.png'
FRAME 263 / 720 | 1.19s | average 93.40s
03:53:34.308  render           | Saved: '/Users/lucaschu/Documents/Codex/2026-09-04/https-maps-app-goo-gl-6kaddkvqd8j54t9fa/work/frames/0264.png'
FRAME 264 / 720 | 1.11s | average 92.79s
03:53:40.222  render           | Saved: '/Users/lucaschu/Documents/Codex/2026-09-04/https-maps-app-goo-gl-6kaddkvqd8j54t9fa/work/frames/0265.png'
FRAME 265 / 720 | 5.93s | average 92.22s
03:53:45.616  render           | Saved: '/Users/lucaschu/Documents/Codex/2026-09-04/https-maps-app-goo-gl-6kaddkvqd8j54t9fa/work/frames/0266.png'
FRAME 266 / 720 | 5.38s | average 91.65s
03:53:51.592  render           | Saved: '/Users/lucaschu/Documents/Codex/2026-09-04/https-maps-app-goo-gl-6kaddkvqd8j54t9fa/work/frames/0267.png'
FRAME 267 / 720 | 5.98s | average 91.10s
03:53:57.379  render           | Saved: '/Users/lucaschu/Documents/Codex/2026-09-04/https-maps-app-goo-gl-6kaddkvqd8j54t9fa/work/frames/0268.png'
FRAME 268 / 720 | 5.78s | average 90.55s
03:54:01.852  render           | Saved: '/Users/lucaschu/Documents/Codex/2026-09-04/https-maps-app-goo-gl-6kaddkvqd8j54t9fa/work/frames/0269.png'
FRAME 269 / 720 | 4.47s | average 90.00s
03:54:06.518  render           | Saved: '/Users/lucaschu/Documents/Codex/2026-09-04/https-maps-app-goo-gl-6kaddkvqd8j54t9fa/work/frames/0270.png'
FRAME 270 / 720 | 4.67s | average 89.45s
03:54:11.456  render           | Saved: '/Users/lucaschu/Documents/Codex/2026-09-04/https-maps-app-goo-gl-6kaddkvqd8j54t9fa/work/frames/0271.png'
FRAME 271 / 720 | 4.93s | average 88.92s
03:54:16.229  render           | Saved: '/Users/lucaschu/Documents/Codex/2026-09-04/https-maps-app-goo-gl-6kaddkvqd8j54t9fa/work/frames/0272.png'
FRAME 272 / 720 | 4.77s | average 88.39s
03:54:22.714  render           | Saved: '/Users/lucaschu/Documents/Codex/2026-09-04/https-maps-app-goo-gl-6kaddkvqd8j54t9fa/work/frames/0273.png'
FRAME 273 / 720 | 6.49s | average 87.88s
03:54:27.311  render           | Saved: '/Users/lucaschu/Documents/Codex/2026-09-04/https-maps-app-goo-gl-6kaddkvqd8j54t9fa/work/frames/0274.png'
FRAME 274 / 720 | 4.59s | average 87.36s
03:54:32.737  render           | Saved: '/Users/lucaschu/Documents/Codex/2026-09-04/https-maps-app-goo-gl-6kaddkvqd8j54t9fa/work/frames/0275.png'
FRAME 275 / 720 | 5.42s | average 86.85s
03:54:38.044  render           | Saved: '/Users/lucaschu/Documents/Codex/2026-09-04/https-maps-app-goo-gl-6kaddkvqd8j54t9fa/work/frames/0276.png'
FRAME 276 / 720 | 5.30s | average 86.35s
03:54:43.280  render           | Saved: '/Users/lucaschu/Documents/Codex/2026-09-04/https-maps-app-goo-gl-6kaddkvqd8j54t9fa/work/frames/0277.png'
FRAME 277 / 720 | 5.24s | average 85.86s
03:54:48.076  render           | Saved: '/Users/lucaschu/Documents/Codex/2026-09-04/https-maps-app-goo-gl-6kaddkvqd8j54t9fa/work/frames/0278.png'
FRAME 278 / 720 | 4.79s | average 85.37s
03:54:52.749  render           | Saved: '/Users/lucaschu/Documents/Codex/2026-09-04/https-maps-app-goo-gl-6kaddkvqd8j54t9fa/work/frames/0279.png'
FRAME 279 / 720 | 4.68s | average 84.88s
03:54:57.551  render           | Saved: '/Users/lucaschu/Documents/Codex/2026-09-04/https-maps-app-goo-gl-6kaddkvqd8j54t9fa/work/frames/0280.png'
FRAME 280 / 720 | 4.80s | average 84.40s
03:55:01.861  render           | Saved: '/Users/lucaschu/Documents/Codex/2026-09-04/https-maps-app-goo-gl-6kaddkvqd8j54t9fa/work/frames/0281.png'
FRAME 281 / 720 | 4.31s | average 83.92s
03:55:06.211  render           | Saved: '/Users/lucaschu/Documents/Codex/2026-09-04/https-maps-app-goo-gl-6kaddkvqd8j54t9fa/work/frames/0282.png'
FRAME 282 / 720 | 4.35s | average 83.45s
03:55:11.487  render           | Saved: '/Users/lucaschu/Documents/Codex/2026-09-04/https-maps-app-goo-gl-6kaddkvqd8j54t9fa/work/frames/0283.png'
FRAME 283 / 720 | 5.27s | average 82.99s
03:55:16.807  render           | Saved: '/Users/lucaschu/Documents/Codex/2026-09-04/https-maps-app-goo-gl-6kaddkvqd8j54t9fa/work/frames/0284.png'
FRAME 284 / 720 | 5.31s | average 82.54s
03:55:22.810  render           | Saved: '/Users/lucaschu/Documents/Codex/2026-09-04/https-maps-app-goo-gl-6kaddkvqd8j54t9fa/work/frames/0285.png'
FRAME 285 / 720 | 6.01s | average 82.09s
03:55:27.458  render           | Saved: '/Users/lucaschu/Documents/Codex/2026-09-04/https-maps-app-goo-gl-6kaddkvqd8j54t9fa/work/frames/0286.png'
FRAME 286 / 720 | 4.65s | average 81.65s
03:55:32.804  render           | Saved: '/Users/lucaschu/Documents/Codex/2026-09-04/https-maps-app-goo-gl-6kaddkvqd8j54t9fa/work/frames/0287.png'
FRAME 287 / 720 | 5.34s | average 81.21s
03:55:36.191  render           | Saved: '/Users/lucaschu/Documents/Codex/2026-09-04/https-maps-app-goo-gl-6kaddkvqd8j54t9fa/work/frames/0288.png'
FRAME 288 / 720 | 3.37s | average 80.76s
03:55:37.212  render           | Saved: '/Users/lucaschu/Documents/Codex/2026-09-04/https-maps-app-goo-gl-6kaddkvqd8j54t9fa/work/frames/0289.png'
FRAME 289 / 720 | 1.02s | average 80.31s
04:02:51.554  render           | Saved: '/Users/lucaschu/Documents/Codex/2026-09-04/https-maps-app-goo-gl-6kaddkvqd8j54t9fa/work/frames/0290.png'
FRAME 290 / 720 | 434.34s | average 82.31s
04:02:52.617  render           | Saved: '/Users/lucaschu/Documents/Codex/2026-09-04/https-maps-app-goo-gl-6kaddkvqd8j54t9fa/work/frames/0291.png'
FRAME 291 / 720 | 1.06s | average 81.85s
04:02:53.621  render           | Saved: '/Users/lucaschu/Documents/Codex/2026-09-04/https-maps-app-goo-gl-6kaddkvqd8j54t9fa/work/frames/0292.png'
FRAME 292 / 720 | 1.00s | average 81.40s
04:02:54.574  render           | Saved: '/Users/lucaschu/Documents/Codex/2026-09-04/https-maps-app-goo-gl-6kaddkvqd8j54t9fa/work/frames/0293.png'
FRAME 293 / 720 | 0.95s | average 80.96s
04:02:56.550  render           | Saved: '/Users/lucaschu/Documents/Codex/2026-09-04/https-maps-app-goo-gl-6kaddkvqd8j54t9fa/work/frames/0294.png'
FRAME 294 / 720 | 1.98s | average 80.52s
04:03:02.388  render           | Saved: '/Users/lucaschu/Documents/Codex/2026-09-04/https-maps-app-goo-gl-6kaddkvqd8j54t9fa/work/frames/0295.png'
FRAME 295 / 720 | 5.84s | average 80.11s
04:03:07.165  render           | Saved: '/Users/lucaschu/Documents/Codex/2026-09-04/https-maps-app-goo-gl-6kaddkvqd8j54t9fa/work/frames/0296.png'
FRAME 296 / 720 | 4.78s | average 79.70s
04:03:12.476  render           | Saved: '/Users/lucaschu/Documents/Codex/2026-09-04/https-maps-app-goo-gl-6kaddkvqd8j54t9fa/work/frames/0297.png'
FRAME 297 / 720 | 5.31s | average 79.29s
04:03:16.144  render           | Saved: '/Users/lucaschu/Documents/Codex/2026-09-04/https-maps-app-goo-gl-6kaddkvqd8j54t9fa/work/frames/0298.png'
FRAME 298 / 720 | 3.67s | average 78.88s
04:03:20.951  render           | Saved: '/Users/lucaschu/Documents/Codex/2026-09-04/https-maps-app-goo-gl-6kaddkvqd8j54t9fa/work/frames/0299.png'
FRAME 299 / 720 | 4.81s | average 78.49s
04:03:25.546  render           | Saved: '/Users/lucaschu/Documents/Codex/2026-09-04/https-maps-app-goo-gl-6kaddkvqd8j54t9fa/work/frames/0300.png'
FRAME 300 / 720 | 4.59s | average 78.09s
04:03:30.827  render           | Saved: '/Users/lucaschu/Documents/Codex/2026-09-04/https-maps-app-goo-gl-6kaddkvqd8j54t9fa/work/frames/0301.png'
FRAME 301 / 720 | 5.28s | average 77.70s
04:03:35.224  render           | Saved: '/Users/lucaschu/Documents/Codex/2026-09-04/https-maps-app-goo-gl-6kaddkvqd8j54t9fa/work/frames/0302.png'
FRAME 302 / 720 | 4.40s | average 77.32s
04:03:36.852  render           | Saved: '/Users/lucaschu/Documents/Codex/2026-09-04/https-maps-app-goo-gl-6kaddkvqd8j54t9fa/work/frames/0303.png'
FRAME 303 / 720 | 1.63s | average 76.92s
04:05:51.968  render           | Saved: '/Users/lucaschu/Documents/Codex/2026-09-04/https-maps-app-goo-gl-6kaddkvqd8j54t9fa/work/frames/0304.png'
FRAME 304 / 720 | 135.12s | average 77.22s
04:05:53.023  render           | Saved: '/Users/lucaschu/Documents/Codex/2026-09-04/https-maps-app-goo-gl-6kaddkvqd8j54t9fa/work/frames/0305.png'
FRAME 305 / 720 | 1.05s | average 76.83s
04:05:54.087  render           | Saved: '/Users/lucaschu/Documents/Codex/2026-09-04/https-maps-app-goo-gl-6kaddkvqd8j54t9fa/work/frames/0306.png'
FRAME 306 / 720 | 1.06s | average 76.43s
04:05:55.079  render           | Saved: '/Users/lucaschu/Documents/Codex/2026-09-04/https-maps-app-goo-gl-6kaddkvqd8j54t9fa/work/frames/0307.png'
FRAME 307 / 720 | 0.99s | average 76.04s
04:05:57.085  render           | Saved: '/Users/lucaschu/Documents/Codex/2026-09-04/https-maps-app-goo-gl-6kaddkvqd8j54t9fa/work/frames/0308.png'
FRAME 308 / 720 | 2.01s | average 75.66s
04:06:03.018  render           | Saved: '/Users/lucaschu/Documents/Codex/2026-09-04/https-maps-app-goo-gl-6kaddkvqd8j54t9fa/work/frames/0309.png'
FRAME 309 / 720 | 5.95s | average 75.31s
04:06:09.274  render           | Saved: '/Users/lucaschu/Documents/Codex/2026-09-04/https-maps-app-goo-gl-6kaddkvqd8j54t9fa/work/frames/0310.png'
FRAME 310 / 720 | 6.24s | average 74.96s
04:06:13.353  render           | Saved: '/Users/lucaschu/Documents/Codex/2026-09-04/https-maps-app-goo-gl-6kaddkvqd8j54t9fa/work/frames/0311.png'
FRAME 311 / 720 | 4.08s | average 74.60s
04:06:18.586  render           | Saved: '/Users/lucaschu/Documents/Codex/2026-09-04/https-maps-app-goo-gl-6kaddkvqd8j54t9fa/work/frames/0312.png'
FRAME 312 / 720 | 5.24s | average 74.25s
04:06:24.732  render           | Saved: '/Users/lucaschu/Documents/Codex/2026-09-04/https-maps-app-goo-gl-6kaddkvqd8j54t9fa/work/frames/0313.png'
FRAME 313 / 720 | 6.13s | average 73.91s
04:06:30.779  render           | Saved: '/Users/lucaschu/Documents/Codex/2026-09-04/https-maps-app-goo-gl-6kaddkvqd8j54t9fa/work/frames/0314.png'
FRAME 314 / 720 | 6.04s | average 73.57s
04:06:34.839  render           | Saved: '/Users/lucaschu/Documents/Codex/2026-09-04/https-maps-app-goo-gl-6kaddkvqd8j54t9fa/work/frames/0315.png'
FRAME 315 / 720 | 4.06s | average 73.23s
04:06:37.396  render           | Saved: '/Users/lucaschu/Documents/Codex/2026-09-04/https-maps-app-goo-gl-6kaddkvqd8j54t9fa/work/frames/0316.png'
FRAME 316 / 720 | 2.55s | average 72.88s
04:08:12.604  render           | Saved: '/Users/lucaschu/Documents/Codex/2026-09-04/https-maps-app-goo-gl-6kaddkvqd8j54t9fa/work/frames/0317.png'
FRAME 317 / 720 | 95.21s | average 72.99s
04:08:13.590  render           | Saved: '/Users/lucaschu/Documents/Codex/2026-09-04/https-maps-app-goo-gl-6kaddkvqd8j54t9fa/work/frames/0318.png'
FRAME 318 / 720 | 0.99s | average 72.64s
04:08:14.508  render           | Saved: '/Users/lucaschu/Documents/Codex/2026-09-04/https-maps-app-goo-gl-6kaddkvqd8j54t9fa/work/frames/0319.png'
FRAME 319 / 720 | 0.92s | average 72.29s
04:08:15.564  render           | Saved: '/Users/lucaschu/Documents/Codex/2026-09-04/https-maps-app-goo-gl-6kaddkvqd8j54t9fa/work/frames/0320.png'
FRAME 320 / 720 | 1.06s | average 71.95s
04:08:16.634  render           | Saved: '/Users/lucaschu/Documents/Codex/2026-09-04/https-maps-app-goo-gl-6kaddkvqd8j54t9fa/work/frames/0321.png'
FRAME 321 / 720 | 1.07s | average 71.61s
04:08:21.217  render           | Saved: '/Users/lucaschu/Documents/Codex/2026-09-04/https-maps-app-goo-gl-6kaddkvqd8j54t9fa/work/frames/0322.png'
FRAME 322 / 720 | 4.59s | average 71.29s
04:08:26.729  render           | Saved: '/Users/lucaschu/Documents/Codex/2026-09-04/https-maps-app-goo-gl-6kaddkvqd8j54t9fa/work/frames/0323.png'
FRAME 323 / 720 | 5.50s | average 70.97s
04:08:31.113  render           | Saved: '/Users/lucaschu/Documents/Codex/2026-09-04/https-maps-app-goo-gl-6kaddkvqd8j54t9fa/work/frames/0324.png'
FRAME 324 / 720 | 4.38s | average 70.66s
04:08:36.525  render           | Saved: '/Users/lucaschu/Documents/Codex/2026-09-04/https-maps-app-goo-gl-6kaddkvqd8j54t9fa/work/frames/0325.png'
FRAME 325 / 720 | 5.42s | average 70.35s
04:08:42.863  render           | Saved: '/Users/lucaschu/Documents/Codex/2026-09-04/https-maps-app-goo-gl-6kaddkvqd8j54t9fa/work/frames/0326.png'
FRAME 326 / 720 | 6.33s | average 70.05s
04:08:48.144  render           | Saved: '/Users/lucaschu/Documents/Codex/2026-09-04/https-maps-app-goo-gl-6kaddkvqd8j54t9fa/work/frames/0327.png'
FRAME 327 / 720 | 5.29s | average 69.75s
04:08:53.499  render           | Saved: '/Users/lucaschu/Documents/Codex/2026-09-04/https-maps-app-goo-gl-6kaddkvqd8j54t9fa/work/frames/0328.png'
FRAME 328 / 720 | 5.34s | average 69.45s
04:08:58.699  render           | Saved: '/Users/lucaschu/Documents/Codex/2026-09-04/https-maps-app-goo-gl-6kaddkvqd8j54t9fa/work/frames/0329.png'
FRAME 329 / 720 | 5.20s | average 69.15s
04:09:04.088  render           | Saved: '/Users/lucaschu/Documents/Codex/2026-09-04/https-maps-app-goo-gl-6kaddkvqd8j54t9fa/work/frames/0330.png'
FRAME 330 / 720 | 5.39s | average 68.85s
04:09:09.330  render           | Saved: '/Users/lucaschu/Documents/Codex/2026-09-04/https-maps-app-goo-gl-6kaddkvqd8j54t9fa/work/frames/0331.png'
FRAME 331 / 720 | 5.23s | average 68.56s
04:09:14.446  render           | Saved: '/Users/lucaschu/Documents/Codex/2026-09-04/https-maps-app-goo-gl-6kaddkvqd8j54t9fa/work/frames/0332.png'
FRAME 332 / 720 | 5.12s | average 68.27s
04:09:18.784  render           | Saved: '/Users/lucaschu/Documents/Codex/2026-09-04/https-maps-app-goo-gl-6kaddkvqd8j54t9fa/work/frames/0333.png'
FRAME 333 / 720 | 4.33s | average 67.98s
04:09:24.272  render           | Saved: '/Users/lucaschu/Documents/Codex/2026-09-04/https-maps-app-goo-gl-6kaddkvqd8j54t9fa/work/frames/0334.png'
FRAME 334 / 720 | 5.50s | average 67.70s
04:09:28.618  render           | Saved: '/Users/lucaschu/Documents/Codex/2026-09-04/https-maps-app-goo-gl-6kaddkvqd8j54t9fa/work/frames/0335.png'
FRAME 335 / 720 | 4.33s | average 67.41s
04:09:33.395  render           | Saved: '/Users/lucaschu/Documents/Codex/2026-09-04/https-maps-app-goo-gl-6kaddkvqd8j54t9fa/work/frames/0336.png'
FRAME 336 / 720 | 4.78s | average 67.13s
04:09:38.027  render           | Saved: '/Users/lucaschu/Documents/Codex/2026-09-04/https-maps-app-goo-gl-6kaddkvqd8j54t9fa/work/frames/0337.png'
FRAME 337 / 720 | 4.63s | average 66.85s
04:09:43.363  render           | Saved: '/Users/lucaschu/Documents/Codex/2026-09-04/https-maps-app-goo-gl-6kaddkvqd8j54t9fa/work/frames/0338.png'
FRAME 338 / 720 | 5.34s | average 66.58s
04:09:48.060  render           | Saved: '/Users/lucaschu/Documents/Codex/2026-09-04/https-maps-app-goo-gl-6kaddkvqd8j54t9fa/work/frames/0339.png'
FRAME 339 / 720 | 4.70s | average 66.31s
04:09:53.146  render           | Saved: '/Users/lucaschu/Documents/Codex/2026-09-04/https-maps-app-goo-gl-6kaddkvqd8j54t9fa/work/frames/0340.png'
FRAME 340 / 720 | 5.09s | average 66.04s
04:09:58.560  render           | Saved: '/Users/lucaschu/Documents/Codex/2026-09-04/https-maps-app-goo-gl-6kaddkvqd8j54t9fa/work/frames/0341.png'
FRAME 341 / 720 | 5.41s | average 65.77s
04:10:02.039  render           | Saved: '/Users/lucaschu/Documents/Codex/2026-09-04/https-maps-app-goo-gl-6kaddkvqd8j54t9fa/work/frames/0342.png'
FRAME 342 / 720 | 3.47s | average 65.50s
04:10:06.678  render           | Saved: '/Users/lucaschu/Documents/Codex/2026-09-04/https-maps-app-goo-gl-6kaddkvqd8j54t9fa/work/frames/0343.png'
FRAME 343 / 720 | 4.64s | average 65.24s
04:10:12.587  render           | Saved: '/Users/lucaschu/Documents/Codex/2026-09-04/https-maps-app-goo-gl-6kaddkvqd8j54t9fa/work/frames/0344.png'
FRAME 344 / 720 | 5.91s | average 64.98s
04:10:15.086  render           | Saved: '/Users/lucaschu/Documents/Codex/2026-09-04/https-maps-app-goo-gl-6kaddkvqd8j54t9fa/work/frames/0345.png'
FRAME 345 / 720 | 2.49s | average 64.71s
04:27:03.785  render           | Saved: '/Users/lucaschu/Documents/Codex/2026-09-04/https-maps-app-goo-gl-6kaddkvqd8j54t9fa/work/frames/0346.png'
FRAME 346 / 720 | 1008.70s | average 68.76s
04:27:05.057  render           | Saved: '/Users/lucaschu/Documents/Codex/2026-09-04/https-maps-app-goo-gl-6kaddkvqd8j54t9fa/work/frames/0347.png'
FRAME 347 / 720 | 1.27s | average 68.47s
04:27:06.178  render           | Saved: '/Users/lucaschu/Documents/Codex/2026-09-04/https-maps-app-goo-gl-6kaddkvqd8j54t9fa/work/frames/0348.png'
FRAME 348 / 720 | 1.12s | average 68.19s
04:27:07.131  render           | Saved: '/Users/lucaschu/Documents/Codex/2026-09-04/https-maps-app-goo-gl-6kaddkvqd8j54t9fa/work/frames/0349.png'
FRAME 349 / 720 | 0.95s | average 67.90s
04:27:08.038  render           | Saved: '/Users/lucaschu/Documents/Codex/2026-09-04/https-maps-app-goo-gl-6kaddkvqd8j54t9fa/work/frames/0350.png'
FRAME 350 / 720 | 0.91s | average 67.62s
04:44:48.871  render           | Saved: '/Users/lucaschu/Documents/Codex/2026-09-04/https-maps-app-goo-gl-6kaddkvqd8j54t9fa/work/frames/0351.png'
FRAME 351 / 720 | 1060.83s | average 71.79s
04:44:50.036  render           | Saved: '/Users/lucaschu/Documents/Codex/2026-09-04/https-maps-app-goo-gl-6kaddkvqd8j54t9fa/work/frames/0352.png'
FRAME 352 / 720 | 1.16s | average 71.50s
04:44:51.114  render           | Saved: '/Users/lucaschu/Documents/Codex/2026-09-04/https-maps-app-goo-gl-6kaddkvqd8j54t9fa/work/frames/0353.png'
FRAME 353 / 720 | 1.08s | average 71.20s
04:44:52.176  render           | Saved: '/Users/lucaschu/Documents/Codex/2026-09-04/https-maps-app-goo-gl-6kaddkvqd8j54t9fa/work/frames/0354.png'
FRAME 354 / 720 | 1.06s | average 70.91s
04:44:53.315  render           | Saved: '/Users/lucaschu/Documents/Codex/2026-09-04/https-maps-app-goo-gl-6kaddkvqd8j54t9fa/work/frames/0355.png'
FRAME 355 / 720 | 1.14s | average 70.62s
05:01:53.853  render           | Saved: '/Users/lucaschu/Documents/Codex/2026-09-04/https-maps-app-goo-gl-6kaddkvqd8j54t9fa/work/frames/0356.png'
FRAME 356 / 720 | 1020.54s | average 74.53s
05:01:55.008  render           | Saved: '/Users/lucaschu/Documents/Codex/2026-09-04/https-maps-app-goo-gl-6kaddkvqd8j54t9fa/work/frames/0357.png'
FRAME 357 / 720 | 1.15s | average 74.23s
05:01:56.057  render           | Saved: '/Users/lucaschu/Documents/Codex/2026-09-04/https-maps-app-goo-gl-6kaddkvqd8j54t9fa/work/frames/0358.png'
FRAME 358 / 720 | 1.05s | average 73.93s
05:01:57.032  render           | Saved: '/Users/lucaschu/Documents/Codex/2026-09-04/https-maps-app-goo-gl-6kaddkvqd8j54t9fa/work/frames/0359.png'
FRAME 359 / 720 | 0.97s | average 73.64s
05:01:57.984  render           | Saved: '/Users/lucaschu/Documents/Codex/2026-09-04/https-maps-app-goo-gl-6kaddkvqd8j54t9fa/work/frames/0360.png'
FRAME 360 / 720 | 0.95s | average 73.34s
05:02:06.799  render           | Saved: '/Users/lucaschu/Documents/Codex/2026-09-04/https-maps-app-goo-gl-6kaddkvqd8j54t9fa/work/frames/0361.png'
FRAME 361 / 720 | 8.81s | average 73.08s
05:02:07.845  render           | Saved: '/Users/lucaschu/Documents/Codex/2026-09-04/https-maps-app-goo-gl-6kaddkvqd8j54t9fa/work/frames/0362.png'
FRAME 362 / 720 | 1.04s | average 72.79s
05:02:08.795  render           | Saved: '/Users/lucaschu/Documents/Codex/2026-09-04/https-maps-app-goo-gl-6kaddkvqd8j54t9fa/work/frames/0363.png'
FRAME 363 / 720 | 0.95s | average 72.50s
05:02:09.845  render           | Saved: '/Users/lucaschu/Documents/Codex/2026-09-04/https-maps-app-goo-gl-6kaddkvqd8j54t9fa/work/frames/0364.png'
FRAME 364 / 720 | 1.05s | average 72.22s
05:02:11.231  render           | Saved: '/Users/lucaschu/Documents/Codex/2026-09-04/https-maps-app-goo-gl-6kaddkvqd8j54t9fa/work/frames/0365.png'
FRAME 365 / 720 | 1.39s | average 71.94s
05:02:16.880  render           | Saved: '/Users/lucaschu/Documents/Codex/2026-09-04/https-maps-app-goo-gl-6kaddkvqd8j54t9fa/work/frames/0366.png'
FRAME 366 / 720 | 5.65s | average 71.68s
05:02:22.811  render           | Saved: '/Users/lucaschu/Documents/Codex/2026-09-04/https-maps-app-goo-gl-6kaddkvqd8j54t9fa/work/frames/0367.png'
FRAME 367 / 720 | 5.93s | average 71.42s
05:02:29.094  render           | Saved: '/Users/lucaschu/Documents/Codex/2026-09-04/https-maps-app-goo-gl-6kaddkvqd8j54t9fa/work/frames/0368.png'
FRAME 368 / 720 | 6.29s | average 71.16s
05:02:33.658  render           | Saved: '/Users/lucaschu/Documents/Codex/2026-09-04/https-maps-app-goo-gl-6kaddkvqd8j54t9fa/work/frames/0369.png'
FRAME 369 / 720 | 4.55s | average 70.90s
05:02:38.599  render           | Saved: '/Users/lucaschu/Documents/Codex/2026-09-04/https-maps-app-goo-gl-6kaddkvqd8j54t9fa/work/frames/0370.png'
FRAME 370 / 720 | 4.95s | average 70.65s
05:02:42.348  render           | Saved: '/Users/lucaschu/Documents/Codex/2026-09-04/https-maps-app-goo-gl-6kaddkvqd8j54t9fa/work/frames/0371.png'
FRAME 371 / 720 | 3.75s | average 70.39s
05:02:46.995  render           | Saved: '/Users/lucaschu/Documents/Codex/2026-09-04/https-maps-app-goo-gl-6kaddkvqd8j54t9fa/work/frames/0372.png'
FRAME 372 / 720 | 4.64s | average 70.13s
05:02:48.482  render           | Saved: '/Users/lucaschu/Documents/Codex/2026-09-04/https-maps-app-goo-gl-6kaddkvqd8j54t9fa/work/frames/0373.png'
FRAME 373 / 720 | 1.48s | average 69.87s
05:02:51.039  render           | Saved: '/Users/lucaschu/Documents/Codex/2026-09-04/https-maps-app-goo-gl-6kaddkvqd8j54t9fa/work/frames/0374.png'
FRAME 374 / 720 | 2.56s | average 69.61s
05:02:52.186  render           | Saved: '/Users/lucaschu/Documents/Codex/2026-09-04/https-maps-app-goo-gl-6kaddkvqd8j54t9fa/work/frames/0375.png'
FRAME 375 / 720 | 1.15s | average 69.35s
05:02:53.113  render           | Saved: '/Users/lucaschu/Documents/Codex/2026-09-04/https-maps-app-goo-gl-6kaddkvqd8j54t9fa/work/frames/0376.png'
FRAME 376 / 720 | 0.93s | average 69.09s
05:02:54.142  render           | Saved: '/Users/lucaschu/Documents/Codex/2026-09-04/https-maps-app-goo-gl-6kaddkvqd8j54t9fa/work/frames/0377.png'
FRAME 377 / 720 | 1.03s | average 68.83s
05:02:55.036  render           | Saved: '/Users/lucaschu/Documents/Codex/2026-09-04/https-maps-app-goo-gl-6kaddkvqd8j54t9fa/work/frames/0378.png'
FRAME 378 / 720 | 0.89s | average 68.58s
05:02:58.222  render           | Saved: '/Users/lucaschu/Documents/Codex/2026-09-04/https-maps-app-goo-gl-6kaddkvqd8j54t9fa/work/frames/0379.png'
FRAME 379 / 720 | 3.19s | average 68.33s
05:03:04.370  render           | Saved: '/Users/lucaschu/Documents/Codex/2026-09-04/https-maps-app-goo-gl-6kaddkvqd8j54t9fa/work/frames/0380.png'
FRAME 380 / 720 | 6.16s | average 68.10s
05:03:10.106  render           | Saved: '/Users/lucaschu/Documents/Codex/2026-09-04/https-maps-app-goo-gl-6kaddkvqd8j54t9fa/work/frames/0381.png'
FRAME 381 / 720 | 5.73s | average 67.86s
05:03:14.257  render           | Saved: '/Users/lucaschu/Documents/Codex/2026-09-04/https-maps-app-goo-gl-6kaddkvqd8j54t9fa/work/frames/0382.png'
FRAME 382 / 720 | 4.15s | average 67.63s
05:03:24.065  render           | Saved: '/Users/lucaschu/Documents/Codex/2026-09-04/https-maps-app-goo-gl-6kaddkvqd8j54t9fa/work/frames/0383.png'
FRAME 383 / 720 | 9.80s | average 67.41s
05:03:25.054  render           | Saved: '/Users/lucaschu/Documents/Codex/2026-09-04/https-maps-app-goo-gl-6kaddkvqd8j54t9fa/work/frames/0384.png'
FRAME 384 / 720 | 0.99s | average 67.17s
05:03:25.969  render           | Saved: '/Users/lucaschu/Documents/Codex/2026-09-04/https-maps-app-goo-gl-6kaddkvqd8j54t9fa/work/frames/0385.png'
FRAME 385 / 720 | 0.92s | average 66.92s
05:03:26.912  render           | Saved: '/Users/lucaschu/Documents/Codex/2026-09-04/https-maps-app-goo-gl-6kaddkvqd8j54t9fa/work/frames/0386.png'
FRAME 386 / 720 | 0.94s | average 66.68s
05:03:28.061  render           | Saved: '/Users/lucaschu/Documents/Codex/2026-09-04/https-maps-app-goo-gl-6kaddkvqd8j54t9fa/work/frames/0387.png'
FRAME 387 / 720 | 1.15s | average 66.44s
05:03:30.857  render           | Saved: '/Users/lucaschu/Documents/Codex/2026-09-04/https-maps-app-goo-gl-6kaddkvqd8j54t9fa/work/frames/0388.png'
FRAME 388 / 720 | 2.80s | average 66.21s
05:03:37.179  render           | Saved: '/Users/lucaschu/Documents/Codex/2026-09-04/https-maps-app-goo-gl-6kaddkvqd8j54t9fa/work/frames/0389.png'
FRAME 389 / 720 | 6.33s | average 65.99s
05:03:40.973  render           | Saved: '/Users/lucaschu/Documents/Codex/2026-09-04/https-maps-app-goo-gl-6kaddkvqd8j54t9fa/work/frames/0390.png'
FRAME 390 / 720 | 3.79s | average 65.77s
05:03:46.236  render           | Saved: '/Users/lucaschu/Documents/Codex/2026-09-04/https-maps-app-goo-gl-6kaddkvqd8j54t9fa/work/frames/0391.png'
FRAME 391 / 720 | 5.26s | average 65.55s
05:03:50.846  render           | Saved: '/Users/lucaschu/Documents/Codex/2026-09-04/https-maps-app-goo-gl-6kaddkvqd8j54t9fa/work/frames/0392.png'
FRAME 392 / 720 | 4.60s | average 65.33s
05:03:56.213  render           | Saved: '/Users/lucaschu/Documents/Codex/2026-09-04/https-maps-app-goo-gl-6kaddkvqd8j54t9fa/work/frames/0393.png'
FRAME 393 / 720 | 5.38s | average 65.12s
05:04:00.511  render           | Saved: '/Users/lucaschu/Documents/Codex/2026-09-04/https-maps-app-goo-gl-6kaddkvqd8j54t9fa/work/frames/0394.png'
FRAME 394 / 720 | 4.29s | average 64.90s
05:04:04.678  render           | Saved: '/Users/lucaschu/Documents/Codex/2026-09-04/https-maps-app-goo-gl-6kaddkvqd8j54t9fa/work/frames/0395.png'
FRAME 395 / 720 | 4.17s | average 64.69s
05:04:09.290  render           | Saved: '/Users/lucaschu/Documents/Codex/2026-09-04/https-maps-app-goo-gl-6kaddkvqd8j54t9fa/work/frames/0396.png'
FRAME 396 / 720 | 4.61s | average 64.48s
05:04:10.388  render           | Saved: '/Users/lucaschu/Documents/Codex/2026-09-04/https-maps-app-goo-gl-6kaddkvqd8j54t9fa/work/frames/0397.png'
FRAME 397 / 720 | 1.10s | average 64.25s
05:06:53.247  render           | Saved: '/Users/lucaschu/Documents/Codex/2026-09-04/https-maps-app-goo-gl-6kaddkvqd8j54t9fa/work/frames/0398.png'
FRAME 398 / 720 | 162.86s | average 64.60s
05:06:54.362  render           | Saved: '/Users/lucaschu/Documents/Codex/2026-09-04/https-maps-app-goo-gl-6kaddkvqd8j54t9fa/work/frames/0399.png'
FRAME 399 / 720 | 1.11s | average 64.38s
05:06:55.342  render           | Saved: '/Users/lucaschu/Documents/Codex/2026-09-04/https-maps-app-goo-gl-6kaddkvqd8j54t9fa/work/frames/0400.png'
FRAME 400 / 720 | 0.98s | average 64.16s
05:06:56.325  render           | Saved: '/Users/lucaschu/Documents/Codex/2026-09-04/https-maps-app-goo-gl-6kaddkvqd8j54t9fa/work/frames/0401.png'
FRAME 401 / 720 | 0.98s | average 63.94s
05:07:00.162  render           | Saved: '/Users/lucaschu/Documents/Codex/2026-09-04/https-maps-app-goo-gl-6kaddkvqd8j54t9fa/work/frames/0402.png'
FRAME 402 / 720 | 3.84s | average 63.73s
05:07:06.916  render           | Saved: '/Users/lucaschu/Documents/Codex/2026-09-04/https-maps-app-goo-gl-6kaddkvqd8j54t9fa/work/frames/0403.png'
FRAME 403 / 720 | 6.76s | average 63.53s
05:07:12.757  render           | Saved: '/Users/lucaschu/Documents/Codex/2026-09-04/https-maps-app-goo-gl-6kaddkvqd8j54t9fa/work/frames/0404.png'
FRAME 404 / 720 | 5.84s | average 63.33s
05:07:17.804  render           | Saved: '/Users/lucaschu/Documents/Codex/2026-09-04/https-maps-app-goo-gl-6kaddkvqd8j54t9fa/work/frames/0405.png'
FRAME 405 / 720 | 5.04s | average 63.13s
05:07:23.362  render           | Saved: '/Users/lucaschu/Documents/Codex/2026-09-04/https-maps-app-goo-gl-6kaddkvqd8j54t9fa/work/frames/0406.png'
FRAME 406 / 720 | 5.56s | average 62.94s
05:07:29.799  render           | Saved: '/Users/lucaschu/Documents/Codex/2026-09-04/https-maps-app-goo-gl-6kaddkvqd8j54t9fa/work/frames/0407.png'
FRAME 407 / 720 | 6.43s | average 62.75s
05:07:35.114  render           | Saved: '/Users/lucaschu/Documents/Codex/2026-09-04/https-maps-app-goo-gl-6kaddkvqd8j54t9fa/work/frames/0408.png'
FRAME 408 / 720 | 5.32s | average 62.55s
05:07:38.475  render           | Saved: '/Users/lucaschu/Documents/Codex/2026-09-04/https-maps-app-goo-gl-6kaddkvqd8j54t9fa/work/frames/0409.png'
FRAME 409 / 720 | 3.35s | average 62.35s
05:23:35.782  render           | Saved: '/Users/lucaschu/Documents/Codex/2026-09-04/https-maps-app-goo-gl-6kaddkvqd8j54t9fa/work/frames/0410.png'
FRAME 410 / 720 | 957.31s | average 65.36s
05:23:37.015  render           | Saved: '/Users/lucaschu/Documents/Codex/2026-09-04/https-maps-app-goo-gl-6kaddkvqd8j54t9fa/work/frames/0411.png'
FRAME 411 / 720 | 1.23s | average 65.15s
05:23:38.131  render           | Saved: '/Users/lucaschu/Documents/Codex/2026-09-04/https-maps-app-goo-gl-6kaddkvqd8j54t9fa/work/frames/0412.png'
FRAME 412 / 720 | 1.11s | average 64.93s
05:23:39.314  render           | Saved: '/Users/lucaschu/Documents/Codex/2026-09-04/https-maps-app-goo-gl-6kaddkvqd8j54t9fa/work/frames/0413.png'
FRAME 413 / 720 | 1.18s | average 64.72s
05:23:40.324  render           | Saved: '/Users/lucaschu/Documents/Codex/2026-09-04/https-maps-app-goo-gl-6kaddkvqd8j54t9fa/work/frames/0414.png'
FRAME 414 / 720 | 1.01s | average 64.51s
05:39:14.336  render           | Saved: '/Users/lucaschu/Documents/Codex/2026-09-04/https-maps-app-goo-gl-6kaddkvqd8j54t9fa/work/frames/0415.png'
FRAME 415 / 720 | 934.01s | average 67.39s
05:39:15.414  render           | Saved: '/Users/lucaschu/Documents/Codex/2026-09-04/https-maps-app-goo-gl-6kaddkvqd8j54t9fa/work/frames/0416.png'
FRAME 416 / 720 | 1.08s | average 67.17s
05:39:16.529  render           | Saved: '/Users/lucaschu/Documents/Codex/2026-09-04/https-maps-app-goo-gl-6kaddkvqd8j54t9fa/work/frames/0417.png'
FRAME 417 / 720 | 1.11s | average 66.95s
05:39:17.577  render           | Saved: '/Users/lucaschu/Documents/Codex/2026-09-04/https-maps-app-goo-gl-6kaddkvqd8j54t9fa/work/frames/0418.png'
FRAME 418 / 720 | 1.05s | average 66.74s
05:39:18.615  render           | Saved: '/Users/lucaschu/Documents/Codex/2026-09-04/https-maps-app-goo-gl-6kaddkvqd8j54t9fa/work/frames/0419.png'
FRAME 419 / 720 | 1.04s | average 66.52s
05:54:35.502  render           | Saved: '/Users/lucaschu/Documents/Codex/2026-09-04/https-maps-app-goo-gl-6kaddkvqd8j54t9fa/work/frames/0420.png'
FRAME 420 / 720 | 916.89s | average 69.29s
05:54:36.718  render           | Saved: '/Users/lucaschu/Documents/Codex/2026-09-04/https-maps-app-goo-gl-6kaddkvqd8j54t9fa/work/frames/0421.png'
FRAME 421 / 720 | 1.21s | average 69.07s
05:54:37.922  render           | Saved: '/Users/lucaschu/Documents/Codex/2026-09-04/https-maps-app-goo-gl-6kaddkvqd8j54t9fa/work/frames/0422.png'
FRAME 422 / 720 | 1.20s | average 68.85s
05:54:38.959  render           | Saved: '/Users/lucaschu/Documents/Codex/2026-09-04/https-maps-app-goo-gl-6kaddkvqd8j54t9fa/work/frames/0423.png'
FRAME 423 / 720 | 1.04s | average 68.63s
06:07:53.907  render           | Saved: '/Users/lucaschu/Documents/Codex/2026-09-04/https-maps-app-goo-gl-6kaddkvqd8j54t9fa/work/frames/0424.png'
FRAME 424 / 720 | 794.95s | average 70.97s
06:07:55.217  render           | Saved: '/Users/lucaschu/Documents/Codex/2026-09-04/https-maps-app-goo-gl-6kaddkvqd8j54t9fa/work/frames/0425.png'
FRAME 425 / 720 | 1.31s | average 70.75s
06:07:56.435  render           | Saved: '/Users/lucaschu/Documents/Codex/2026-09-04/https-maps-app-goo-gl-6kaddkvqd8j54t9fa/work/frames/0426.png'
FRAME 426 / 720 | 1.21s | average 70.52s
06:07:57.587  render           | Saved: '/Users/lucaschu/Documents/Codex/2026-09-04/https-maps-app-goo-gl-6kaddkvqd8j54t9fa/work/frames/0427.png'
FRAME 427 / 720 | 1.15s | average 70.30s
06:08:00.904  render           | Saved: '/Users/lucaschu/Documents/Codex/2026-09-04/https-maps-app-goo-gl-6kaddkvqd8j54t9fa/work/frames/0428.png'
FRAME 428 / 720 | 3.32s | average 70.09s
06:08:07.474  render           | Saved: '/Users/lucaschu/Documents/Codex/2026-09-04/https-maps-app-goo-gl-6kaddkvqd8j54t9fa/work/frames/0429.png'
FRAME 429 / 720 | 6.58s | average 69.89s
06:08:13.689  render           | Saved: '/Users/lucaschu/Documents/Codex/2026-09-04/https-maps-app-goo-gl-6kaddkvqd8j54t9fa/work/frames/0430.png'
FRAME 430 / 720 | 6.21s | average 69.69s
06:08:19.764  render           | Saved: '/Users/lucaschu/Documents/Codex/2026-09-04/https-maps-app-goo-gl-6kaddkvqd8j54t9fa/work/frames/0431.png'
FRAME 431 / 720 | 6.07s | average 69.49s
06:08:25.265  render           | Saved: '/Users/lucaschu/Documents/Codex/2026-09-04/https-maps-app-goo-gl-6kaddkvqd8j54t9fa/work/frames/0432.png'
FRAME 432 / 720 | 5.49s | average 69.29s
06:08:31.638  render           | Saved: '/Users/lucaschu/Documents/Codex/2026-09-04/https-maps-app-goo-gl-6kaddkvqd8j54t9fa/work/frames/0433.png'
FRAME 433 / 720 | 6.38s | average 69.09s
00:00.675  blend            | Read blend: "/Users/lucaschu/Documents/Codex/2026-09-04/https-maps-app-goo-gl-6kaddkvqd8j54t9fa/outputs/Chateau_Frontenac.blend"
24:15.034  render           | Saved: '/Users/lucaschu/Documents/Codex/2026-09-04/https-maps-app-goo-gl-6kaddkvqd8j54t9fa/work/frames/0434.png'
FRAME 434 / 720 | 1453.83s | average 1453.85s
24:20.559  render           | Saved: '/Users/lucaschu/Documents/Codex/2026-09-04/https-maps-app-goo-gl-6kaddkvqd8j54t9fa/work/frames/0435.png'
FRAME 435 / 720 | 5.53s | average 729.69s
24:22.930  render           | Saved: '/Users/lucaschu/Documents/Codex/2026-09-04/https-maps-app-goo-gl-6kaddkvqd8j54t9fa/work/frames/0436.png'
FRAME 436 / 720 | 2.36s | average 487.25s
24:24.181  render           | Saved: '/Users/lucaschu/Documents/Codex/2026-09-04/https-maps-app-goo-gl-6kaddkvqd8j54t9fa/work/frames/0437.png'
FRAME 437 / 720 | 1.25s | average 365.75s
24:25.194  render           | Saved: '/Users/lucaschu/Documents/Codex/2026-09-04/https-maps-app-goo-gl-6kaddkvqd8j54t9fa/work/frames/0438.png'
FRAME 438 / 720 | 1.01s | average 292.80s
24:26.191  render           | Saved: '/Users/lucaschu/Documents/Codex/2026-09-04/https-maps-app-goo-gl-6kaddkvqd8j54t9fa/work/frames/0439.png'
FRAME 439 / 720 | 1.00s | average 244.17s
24:27.186  render           | Saved: '/Users/lucaschu/Documents/Codex/2026-09-04/https-maps-app-goo-gl-6kaddkvqd8j54t9fa/work/frames/0440.png'
FRAME 440 / 720 | 0.99s | average 209.43s
24:28.199  render           | Saved: '/Users/lucaschu/Documents/Codex/2026-09-04/https-maps-app-goo-gl-6kaddkvqd8j54t9fa/work/frames/0441.png'
FRAME 441 / 720 | 1.01s | average 183.38s
24:29.333  render           | Saved: '/Users/lucaschu/Documents/Codex/2026-09-04/https-maps-app-goo-gl-6kaddkvqd8j54t9fa/work/frames/0442.png'
FRAME 442 / 720 | 1.13s | average 163.13s
24:30.321  render           | Saved: '/Users/lucaschu/Documents/Codex/2026-09-04/https-maps-app-goo-gl-6kaddkvqd8j54t9fa/work/frames/0443.png'
FRAME 443 / 720 | 0.99s | average 146.91s
24:31.341  render           | Saved: '/Users/lucaschu/Documents/Codex/2026-09-04/https-maps-app-goo-gl-6kaddkvqd8j54t9fa/work/frames/0444.png'
FRAME 444 / 720 | 1.02s | average 133.65s
24:32.371  render           | Saved: '/Users/lucaschu/Documents/Codex/2026-09-04/https-maps-app-goo-gl-6kaddkvqd8j54t9fa/work/frames/0445.png'
FRAME 445 / 720 | 1.03s | average 122.60s
24:33.412  render           | Saved: '/Users/lucaschu/Documents/Codex/2026-09-04/https-maps-app-goo-gl-6kaddkvqd8j54t9fa/work/frames/0446.png'
FRAME 446 / 720 | 1.04s | average 113.25s
24:34.424  render           | Saved: '/Users/lucaschu/Documents/Codex/2026-09-04/https-maps-app-goo-gl-6kaddkvqd8j54t9fa/work/frames/0447.png'
FRAME 447 / 720 | 1.01s | average 105.23s
24:35.434  render           | Saved: '/Users/lucaschu/Documents/Codex/2026-09-04/https-maps-app-goo-gl-6kaddkvqd8j54t9fa/work/frames/0448.png'
FRAME 448 / 720 | 1.01s | average 98.28s
24:36.459  render           | Saved: '/Users/lucaschu/Documents/Codex/2026-09-04/https-maps-app-goo-gl-6kaddkvqd8j54t9fa/work/frames/0449.png'
FRAME 449 / 720 | 1.02s | average 92.20s
24:37.483  render           | Saved: '/Users/lucaschu/Documents/Codex/2026-09-04/https-maps-app-goo-gl-6kaddkvqd8j54t9fa/work/frames/0450.png'
FRAME 450 / 720 | 1.02s | average 86.84s
24:38.505  render           | Saved: '/Users/lucaschu/Documents/Codex/2026-09-04/https-maps-app-goo-gl-6kaddkvqd8j54t9fa/work/frames/0451.png'
FRAME 451 / 720 | 1.02s | average 82.07s
24:39.529  render           | Saved: '/Users/lucaschu/Documents/Codex/2026-09-04/https-maps-app-goo-gl-6kaddkvqd8j54t9fa/work/frames/0452.png'
FRAME 452 / 720 | 1.02s | average 77.81s
24:40.561  render           | Saved: '/Users/lucaschu/Documents/Codex/2026-09-04/https-maps-app-goo-gl-6kaddkvqd8j54t9fa/work/frames/0453.png'
FRAME 453 / 720 | 1.03s | average 73.97s
24:41.601  render           | Saved: '/Users/lucaschu/Documents/Codex/2026-09-04/https-maps-app-goo-gl-6kaddkvqd8j54t9fa/work/frames/0454.png'
FRAME 454 / 720 | 1.04s | average 70.50s
24:42.649  render           | Saved: '/Users/lucaschu/Documents/Codex/2026-09-04/https-maps-app-goo-gl-6kaddkvqd8j54t9fa/work/frames/0455.png'
FRAME 455 / 720 | 1.05s | average 67.34s
24:43.703  render           | Saved: '/Users/lucaschu/Documents/Codex/2026-09-04/https-maps-app-goo-gl-6kaddkvqd8j54t9fa/work/frames/0456.png'
FRAME 456 / 720 | 1.05s | average 64.46s
24:44.740  render           | Saved: '/Users/lucaschu/Documents/Codex/2026-09-04/https-maps-app-goo-gl-6kaddkvqd8j54t9fa/work/frames/0457.png'
FRAME 457 / 720 | 1.04s | average 61.81s
24:45.770  render           | Saved: '/Users/lucaschu/Documents/Codex/2026-09-04/https-maps-app-goo-gl-6kaddkvqd8j54t9fa/work/frames/0458.png'
FRAME 458 / 720 | 1.03s | average 59.38s
24:46.812  render           | Saved: '/Users/lucaschu/Documents/Codex/2026-09-04/https-maps-app-goo-gl-6kaddkvqd8j54t9fa/work/frames/0459.png'
FRAME 459 / 720 | 1.04s | average 57.14s
24:47.855  render           | Saved: '/Users/lucaschu/Documents/Codex/2026-09-04/https-maps-app-goo-gl-6kaddkvqd8j54t9fa/work/frames/0460.png'
FRAME 460 / 720 | 1.04s | average 55.06s
24:48.890  render           | Saved: '/Users/lucaschu/Documents/Codex/2026-09-04/https-maps-app-goo-gl-6kaddkvqd8j54t9fa/work/frames/0461.png'
FRAME 461 / 720 | 1.03s | average 53.13s
24:49.941  render           | Saved: '/Users/lucaschu/Documents/Codex/2026-09-04/https-maps-app-goo-gl-6kaddkvqd8j54t9fa/work/frames/0462.png'
FRAME 462 / 720 | 1.05s | average 51.34s
30:23.559  render           | Saved: '/Users/lucaschu/Documents/Codex/2026-09-04/https-maps-app-goo-gl-6kaddkvqd8j54t9fa/work/frames/0463.png'
FRAME 463 / 720 | 333.62s | average 60.75s
30:24.654  render           | Saved: '/Users/lucaschu/Documents/Codex/2026-09-04/https-maps-app-goo-gl-6kaddkvqd8j54t9fa/work/frames/0464.png'
FRAME 464 / 720 | 1.09s | average 58.82s
30:25.842  render           | Saved: '/Users/lucaschu/Documents/Codex/2026-09-04/https-maps-app-goo-gl-6kaddkvqd8j54t9fa/work/frames/0465.png'
FRAME 465 / 720 | 1.19s | average 57.02s
30:27.972  render           | Saved: '/Users/lucaschu/Documents/Codex/2026-09-04/https-maps-app-goo-gl-6kaddkvqd8j54t9fa/work/frames/0466.png'
FRAME 466 / 720 | 2.13s | average 55.36s
30:35.359  render           | Saved: '/Users/lucaschu/Documents/Codex/2026-09-04/https-maps-app-goo-gl-6kaddkvqd8j54t9fa/work/frames/0467.png'
FRAME 467 / 720 | 7.39s | average 53.95s
30:41.642  render           | Saved: '/Users/lucaschu/Documents/Codex/2026-09-04/https-maps-app-goo-gl-6kaddkvqd8j54t9fa/work/frames/0468.png'
FRAME 468 / 720 | 6.28s | average 52.58s
00:01.132  blend            | Read blend: "/Users/lucaschu/Documents/Codex/2026-09-04/https-maps-app-goo-gl-6kaddkvqd8j54t9fa/outputs/Chateau_Frontenac.blend"
00:06.893  render           | Saved: '/Users/lucaschu/Documents/Codex/2026-09-04/https-maps-app-goo-gl-6kaddkvqd8j54t9fa/work/frames/0469.png'
FRAME 469 / 720 | 5.27s | average 5.27s
00:14.148  render           | Saved: '/Users/lucaschu/Documents/Codex/2026-09-04/https-maps-app-goo-gl-6kaddkvqd8j54t9fa/work/frames/0470.png'
FRAME 470 / 720 | 7.24s | average 6.26s
00:21.068  render           | Saved: '/Users/lucaschu/Documents/Codex/2026-09-04/https-maps-app-goo-gl-6kaddkvqd8j54t9fa/work/frames/0471.png'
FRAME 471 / 720 | 6.92s | average 6.48s
00:22.651  render           | Saved: '/Users/lucaschu/Documents/Codex/2026-09-04/https-maps-app-goo-gl-6kaddkvqd8j54t9fa/work/frames/0472.png'
FRAME 472 / 720 | 1.58s | average 5.25s
00:23.783  render           | Saved: '/Users/lucaschu/Documents/Codex/2026-09-04/https-maps-app-goo-gl-6kaddkvqd8j54t9fa/work/frames/0473.png'
FRAME 473 / 720 | 1.13s | average 4.43s
00:24.925  render           | Saved: '/Users/lucaschu/Documents/Codex/2026-09-04/https-maps-app-goo-gl-6kaddkvqd8j54t9fa/work/frames/0474.png'
FRAME 474 / 720 | 1.14s | average 3.88s
00:26.074  render           | Saved: '/Users/lucaschu/Documents/Codex/2026-09-04/https-maps-app-goo-gl-6kaddkvqd8j54t9fa/work/frames/0475.png'
FRAME 475 / 720 | 1.15s | average 3.49s
00:35.893  render           | Saved: '/Users/lucaschu/Documents/Codex/2026-09-04/https-maps-app-goo-gl-6kaddkvqd8j54t9fa/work/frames/0476.png'
FRAME 476 / 720 | 9.82s | average 4.28s
00:37.054  render           | Saved: '/Users/lucaschu/Documents/Codex/2026-09-04/https-maps-app-goo-gl-6kaddkvqd8j54t9fa/work/frames/0477.png'
FRAME 477 / 720 | 1.16s | average 3.94s
00:38.213  render           | Saved: '/Users/lucaschu/Documents/Codex/2026-09-04/https-maps-app-goo-gl-6kaddkvqd8j54t9fa/work/frames/0478.png'
FRAME 478 / 720 | 1.16s | average 3.66s
00:39.365  render           | Saved: '/Users/lucaschu/Documents/Codex/2026-09-04/https-maps-app-goo-gl-6kaddkvqd8j54t9fa/work/frames/0479.png'
FRAME 479 / 720 | 1.15s | average 3.43s
00:41.326  render           | Saved: '/Users/lucaschu/Documents/Codex/2026-09-04/https-maps-app-goo-gl-6kaddkvqd8j54t9fa/work/frames/0480.png'
FRAME 480 / 720 | 1.96s | average 3.31s
00:48.645  render           | Saved: '/Users/lucaschu/Documents/Codex/2026-09-04/https-maps-app-goo-gl-6kaddkvqd8j54t9fa/work/frames/0481.png'
FRAME 481 / 720 | 7.33s | average 3.62s
00:53.937  render           | Saved: '/Users/lucaschu/Documents/Codex/2026-09-04/https-maps-app-goo-gl-6kaddkvqd8j54t9fa/work/frames/0482.png'
FRAME 482 / 720 | 5.29s | average 3.74s
01:00.395  render           | Saved: '/Users/lucaschu/Documents/Codex/2026-09-04/https-maps-app-goo-gl-6kaddkvqd8j54t9fa/work/frames/0483.png'
FRAME 483 / 720 | 6.45s | average 3.92s
01:06.606  render           | Saved: '/Users/lucaschu/Documents/Codex/2026-09-04/https-maps-app-goo-gl-6kaddkvqd8j54t9fa/work/frames/0484.png'
FRAME 484 / 720 | 6.21s | average 4.06s
01:11.269  render           | Saved: '/Users/lucaschu/Documents/Codex/2026-09-04/https-maps-app-goo-gl-6kaddkvqd8j54t9fa/work/frames/0485.png'
FRAME 485 / 720 | 4.65s | average 4.10s
01:12.481  render           | Saved: '/Users/lucaschu/Documents/Codex/2026-09-04/https-maps-app-goo-gl-6kaddkvqd8j54t9fa/work/frames/0486.png'
FRAME 486 / 720 | 1.21s | average 3.94s
12:43.010  render           | Saved: '/Users/lucaschu/Documents/Codex/2026-09-04/https-maps-app-goo-gl-6kaddkvqd8j54t9fa/work/frames/0487.png'
FRAME 487 / 720 | 690.53s | average 40.07s
12:44.238  render           | Saved: '/Users/lucaschu/Documents/Codex/2026-09-04/https-maps-app-goo-gl-6kaddkvqd8j54t9fa/work/frames/0488.png'
FRAME 488 / 720 | 1.23s | average 38.13s
12:45.318  render           | Saved: '/Users/lucaschu/Documents/Codex/2026-09-04/https-maps-app-goo-gl-6kaddkvqd8j54t9fa/work/frames/0489.png'
FRAME 489 / 720 | 1.08s | average 36.37s
12:46.666  render           | Saved: '/Users/lucaschu/Documents/Codex/2026-09-04/https-maps-app-goo-gl-6kaddkvqd8j54t9fa/work/frames/0490.png'
FRAME 490 / 720 | 1.35s | average 34.77s
12:53.177  render           | Saved: '/Users/lucaschu/Documents/Codex/2026-09-04/https-maps-app-goo-gl-6kaddkvqd8j54t9fa/work/frames/0491.png'
FRAME 491 / 720 | 6.52s | average 33.55s
12:58.339  render           | Saved: '/Users/lucaschu/Documents/Codex/2026-09-04/https-maps-app-goo-gl-6kaddkvqd8j54t9fa/work/frames/0492.png'
FRAME 492 / 720 | 5.17s | average 32.36s
13:03.971  render           | Saved: '/Users/lucaschu/Documents/Codex/2026-09-04/https-maps-app-goo-gl-6kaddkvqd8j54t9fa/work/frames/0493.png'
FRAME 493 / 720 | 5.62s | average 31.29s
13:08.653  render           | Saved: '/Users/lucaschu/Documents/Codex/2026-09-04/https-maps-app-goo-gl-6kaddkvqd8j54t9fa/work/frames/0494.png'
FRAME 494 / 720 | 4.68s | average 30.27s
13:13.430  render           | Saved: '/Users/lucaschu/Documents/Codex/2026-09-04/https-maps-app-goo-gl-6kaddkvqd8j54t9fa/work/frames/0495.png'
FRAME 495 / 720 | 4.77s | average 29.33s
13:18.510  render           | Saved: '/Users/lucaschu/Documents/Codex/2026-09-04/https-maps-app-goo-gl-6kaddkvqd8j54t9fa/work/frames/0496.png'
FRAME 496 / 720 | 5.08s | average 28.46s
13:23.396  render           | Saved: '/Users/lucaschu/Documents/Codex/2026-09-04/https-maps-app-goo-gl-6kaddkvqd8j54t9fa/work/frames/0497.png'
FRAME 497 / 720 | 4.89s | average 27.65s
13:27.694  render           | Saved: '/Users/lucaschu/Documents/Codex/2026-09-04/https-maps-app-goo-gl-6kaddkvqd8j54t9fa/work/frames/0498.png'
FRAME 498 / 720 | 4.30s | average 26.87s
23:25.126  render           | Saved: '/Users/lucaschu/Documents/Codex/2026-09-04/https-maps-app-goo-gl-6kaddkvqd8j54t9fa/work/frames/0499.png'
FRAME 499 / 720 | 597.43s | average 45.27s
23:26.191  render           | Saved: '/Users/lucaschu/Documents/Codex/2026-09-04/https-maps-app-goo-gl-6kaddkvqd8j54t9fa/work/frames/0500.png'
FRAME 500 / 720 | 1.06s | average 43.89s
23:27.294  render           | Saved: '/Users/lucaschu/Documents/Codex/2026-09-04/https-maps-app-goo-gl-6kaddkvqd8j54t9fa/work/frames/0501.png'
FRAME 501 / 720 | 1.10s | average 42.60s
23:28.292  render           | Saved: '/Users/lucaschu/Documents/Codex/2026-09-04/https-maps-app-goo-gl-6kaddkvqd8j54t9fa/work/frames/0502.png'
FRAME 502 / 720 | 1.00s | average 41.37s
23:30.568  render           | Saved: '/Users/lucaschu/Documents/Codex/2026-09-04/https-maps-app-goo-gl-6kaddkvqd8j54t9fa/work/frames/0503.png'
FRAME 503 / 720 | 2.28s | average 40.26s
23:37.617  render           | Saved: '/Users/lucaschu/Documents/Codex/2026-09-04/https-maps-app-goo-gl-6kaddkvqd8j54t9fa/work/frames/0504.png'
FRAME 504 / 720 | 7.06s | average 39.33s
23:42.298  render           | Saved: '/Users/lucaschu/Documents/Codex/2026-09-04/https-maps-app-goo-gl-6kaddkvqd8j54t9fa/work/frames/0505.png'
FRAME 505 / 720 | 4.67s | average 38.40s
23:48.197  render           | Saved: '/Users/lucaschu/Documents/Codex/2026-09-04/https-maps-app-goo-gl-6kaddkvqd8j54t9fa/work/frames/0506.png'
FRAME 506 / 720 | 5.91s | average 37.54s
23:54.749  render           | Saved: '/Users/lucaschu/Documents/Codex/2026-09-04/https-maps-app-goo-gl-6kaddkvqd8j54t9fa/work/frames/0507.png'
FRAME 507 / 720 | 6.55s | average 36.75s
23:59.540  render           | Saved: '/Users/lucaschu/Documents/Codex/2026-09-04/https-maps-app-goo-gl-6kaddkvqd8j54t9fa/work/frames/0508.png'
FRAME 508 / 720 | 4.79s | average 35.95s
24:04.287  render           | Saved: '/Users/lucaschu/Documents/Codex/2026-09-04/https-maps-app-goo-gl-6kaddkvqd8j54t9fa/work/frames/0509.png'
FRAME 509 / 720 | 4.74s | average 35.19s
24:10.282  render           | Saved: '/Users/lucaschu/Documents/Codex/2026-09-04/https-maps-app-goo-gl-6kaddkvqd8j54t9fa/work/frames/0510.png'
FRAME 510 / 720 | 6.00s | average 34.49s
24:11.594  render           | Saved: '/Users/lucaschu/Documents/Codex/2026-09-04/https-maps-app-goo-gl-6kaddkvqd8j54t9fa/work/frames/0511.png'
FRAME 511 / 720 | 1.30s | average 33.72s
29:29.982  render           | Saved: '/Users/lucaschu/Documents/Codex/2026-09-04/https-maps-app-goo-gl-6kaddkvqd8j54t9fa/work/frames/0512.png'
FRAME 512 / 720 | 318.39s | average 40.19s
29:31.186  render           | Saved: '/Users/lucaschu/Documents/Codex/2026-09-04/https-maps-app-goo-gl-6kaddkvqd8j54t9fa/work/frames/0513.png'
FRAME 513 / 720 | 1.20s | average 39.32s
29:32.229  render           | Saved: '/Users/lucaschu/Documents/Codex/2026-09-04/https-maps-app-goo-gl-6kaddkvqd8j54t9fa/work/frames/0514.png'
FRAME 514 / 720 | 1.04s | average 38.49s
29:33.281  render           | Saved: '/Users/lucaschu/Documents/Codex/2026-09-04/https-maps-app-goo-gl-6kaddkvqd8j54t9fa/work/frames/0515.png'
FRAME 515 / 720 | 1.05s | average 37.69s
29:34.889  render           | Saved: '/Users/lucaschu/Documents/Codex/2026-09-04/https-maps-app-goo-gl-6kaddkvqd8j54t9fa/work/frames/0516.png'
FRAME 516 / 720 | 1.61s | average 36.94s
29:42.143  render           | Saved: '/Users/lucaschu/Documents/Codex/2026-09-04/https-maps-app-goo-gl-6kaddkvqd8j54t9fa/work/frames/0517.png'
FRAME 517 / 720 | 7.27s | average 36.34s
29:48.011  render           | Saved: '/Users/lucaschu/Documents/Codex/2026-09-04/https-maps-app-goo-gl-6kaddkvqd8j54t9fa/work/frames/0518.png'
FRAME 518 / 720 | 5.86s | average 35.73s
29:52.953  render           | Saved: '/Users/lucaschu/Documents/Codex/2026-09-04/https-maps-app-goo-gl-6kaddkvqd8j54t9fa/work/frames/0519.png'
FRAME 519 / 720 | 4.94s | average 35.12s
29:57.821  render           | Saved: '/Users/lucaschu/Documents/Codex/2026-09-04/https-maps-app-goo-gl-6kaddkvqd8j54t9fa/work/frames/0520.png'
FRAME 520 / 720 | 4.86s | average 34.54s
30:03.718  render           | Saved: '/Users/lucaschu/Documents/Codex/2026-09-04/https-maps-app-goo-gl-6kaddkvqd8j54t9fa/work/frames/0521.png'
FRAME 521 / 720 | 5.90s | average 34.00s
30:08.559  render           | Saved: '/Users/lucaschu/Documents/Codex/2026-09-04/https-maps-app-goo-gl-6kaddkvqd8j54t9fa/work/frames/0522.png'
FRAME 522 / 720 | 4.83s | average 33.46s
30:13.732  render           | Saved: '/Users/lucaschu/Documents/Codex/2026-09-04/https-maps-app-goo-gl-6kaddkvqd8j54t9fa/work/frames/0523.png'
FRAME 523 / 720 | 5.17s | average 32.95s
30:15.154  render           | Saved: '/Users/lucaschu/Documents/Codex/2026-09-04/https-maps-app-goo-gl-6kaddkvqd8j54t9fa/work/frames/0524.png'
FRAME 524 / 720 | 1.42s | average 32.38s
47:07.431  render           | Saved: '/Users/lucaschu/Documents/Codex/2026-09-04/https-maps-app-goo-gl-6kaddkvqd8j54t9fa/work/frames/0525.png'
FRAME 525 / 720 | 1012.28s | average 49.58s
47:08.787  render           | Saved: '/Users/lucaschu/Documents/Codex/2026-09-04/https-maps-app-goo-gl-6kaddkvqd8j54t9fa/work/frames/0526.png'
FRAME 526 / 720 | 1.36s | average 48.74s
47:09.823  render           | Saved: '/Users/lucaschu/Documents/Codex/2026-09-04/https-maps-app-goo-gl-6kaddkvqd8j54t9fa/work/frames/0527.png'
FRAME 527 / 720 | 1.04s | average 47.94s
47:10.908  render           | Saved: '/Users/lucaschu/Documents/Codex/2026-09-04/https-maps-app-goo-gl-6kaddkvqd8j54t9fa/work/frames/0528.png'
FRAME 528 / 720 | 1.08s | average 47.15s
47:11.958  render           | Saved: '/Users/lucaschu/Documents/Codex/2026-09-04/https-maps-app-goo-gl-6kaddkvqd8j54t9fa/work/frames/0529.png'
FRAME 529 / 720 | 1.05s | average 46.40s
01:02:33.936  render           | Saved: '/Users/lucaschu/Documents/Codex/2026-09-04/https-maps-app-goo-gl-6kaddkvqd8j54t9fa/work/frames/0530.png'
FRAME 530 / 720 | 921.98s | average 60.52s
01:02:35.019  render           | Saved: '/Users/lucaschu/Documents/Codex/2026-09-04/https-maps-app-goo-gl-6kaddkvqd8j54t9fa/work/frames/0531.png'
FRAME 531 / 720 | 1.08s | average 59.58s
01:02:36.075  render           | Saved: '/Users/lucaschu/Documents/Codex/2026-09-04/https-maps-app-goo-gl-6kaddkvqd8j54t9fa/work/frames/0532.png'
FRAME 532 / 720 | 1.06s | average 58.66s
01:02:37.137  render           | Saved: '/Users/lucaschu/Documents/Codex/2026-09-04/https-maps-app-goo-gl-6kaddkvqd8j54t9fa/work/frames/0533.png'
FRAME 533 / 720 | 1.06s | average 57.78s
01:08:25.215  render           | Saved: '/Users/lucaschu/Documents/Codex/2026-09-04/https-maps-app-goo-gl-6kaddkvqd8j54t9fa/work/frames/0534.png'
FRAME 534 / 720 | 348.08s | average 62.18s
01:08:26.270  render           | Saved: '/Users/lucaschu/Documents/Codex/2026-09-04/https-maps-app-goo-gl-6kaddkvqd8j54t9fa/work/frames/0535.png'
FRAME 535 / 720 | 1.06s | average 61.26s
01:08:27.374  render           | Saved: '/Users/lucaschu/Documents/Codex/2026-09-04/https-maps-app-goo-gl-6kaddkvqd8j54t9fa/work/frames/0536.png'
FRAME 536 / 720 | 1.10s | average 60.38s
01:08:28.426  render           | Saved: '/Users/lucaschu/Documents/Codex/2026-09-04/https-maps-app-goo-gl-6kaddkvqd8j54t9fa/work/frames/0537.png'
FRAME 537 / 720 | 1.05s | average 59.52s
01:08:30.760  render           | Saved: '/Users/lucaschu/Documents/Codex/2026-09-04/https-maps-app-goo-gl-6kaddkvqd8j54t9fa/work/frames/0538.png'
FRAME 538 / 720 | 2.33s | average 58.70s
01:08:38.023  render           | Saved: '/Users/lucaschu/Documents/Codex/2026-09-04/https-maps-app-goo-gl-6kaddkvqd8j54t9fa/work/frames/0539.png'
FRAME 539 / 720 | 7.28s | average 57.98s
01:08:44.210  render           | Saved: '/Users/lucaschu/Documents/Codex/2026-09-04/https-maps-app-goo-gl-6kaddkvqd8j54t9fa/work/frames/0540.png'
FRAME 540 / 720 | 6.18s | average 57.26s
01:08:49.275  render           | Saved: '/Users/lucaschu/Documents/Codex/2026-09-04/https-maps-app-goo-gl-6kaddkvqd8j54t9fa/work/frames/0541.png'
FRAME 541 / 720 | 5.06s | average 56.54s
01:08:54.038  render           | Saved: '/Users/lucaschu/Documents/Codex/2026-09-04/https-maps-app-goo-gl-6kaddkvqd8j54t9fa/work/frames/0542.png'
FRAME 542 / 720 | 4.75s | average 55.84s
01:08:59.192  render           | Saved: '/Users/lucaschu/Documents/Codex/2026-09-04/https-maps-app-goo-gl-6kaddkvqd8j54t9fa/work/frames/0543.png'
FRAME 543 / 720 | 5.16s | average 55.17s
01:09:05.079  render           | Saved: '/Users/lucaschu/Documents/Codex/2026-09-04/https-maps-app-goo-gl-6kaddkvqd8j54t9fa/work/frames/0544.png'
FRAME 544 / 720 | 5.88s | average 54.52s
01:09:09.644  render           | Saved: '/Users/lucaschu/Documents/Codex/2026-09-04/https-maps-app-goo-gl-6kaddkvqd8j54t9fa/work/frames/0545.png'
FRAME 545 / 720 | 4.56s | average 53.87s
01:09:11.064  render           | Saved: '/Users/lucaschu/Documents/Codex/2026-09-04/https-maps-app-goo-gl-6kaddkvqd8j54t9fa/work/frames/0546.png'
FRAME 546 / 720 | 1.42s | average 53.20s
01:09:37.129  render           | Saved: '/Users/lucaschu/Documents/Codex/2026-09-04/https-maps-app-goo-gl-6kaddkvqd8j54t9fa/work/frames/0547.png'
FRAME 547 / 720 | 26.07s | average 52.85s
01:09:38.233  render           | Saved: '/Users/lucaschu/Documents/Codex/2026-09-04/https-maps-app-goo-gl-6kaddkvqd8j54t9fa/work/frames/0548.png'
FRAME 548 / 720 | 1.10s | average 52.21s
01:09:39.278  render           | Saved: '/Users/lucaschu/Documents/Codex/2026-09-04/https-maps-app-goo-gl-6kaddkvqd8j54t9fa/work/frames/0549.png'
FRAME 549 / 720 | 1.04s | average 51.58s
01:09:40.364  render           | Saved: '/Users/lucaschu/Documents/Codex/2026-09-04/https-maps-app-goo-gl-6kaddkvqd8j54t9fa/work/frames/0550.png'
FRAME 550 / 720 | 1.09s | average 50.96s
01:09:44.634  render           | Saved: '/Users/lucaschu/Documents/Codex/2026-09-04/https-maps-app-goo-gl-6kaddkvqd8j54t9fa/work/frames/0551.png'
FRAME 551 / 720 | 4.27s | average 50.40s
01:09:51.790  render           | Saved: '/Users/lucaschu/Documents/Codex/2026-09-04/https-maps-app-goo-gl-6kaddkvqd8j54t9fa/work/frames/0552.png'
FRAME 552 / 720 | 7.16s | average 49.88s
01:09:56.817  render           | Saved: '/Users/lucaschu/Documents/Codex/2026-09-04/https-maps-app-goo-gl-6kaddkvqd8j54t9fa/work/frames/0553.png'
FRAME 553 / 720 | 5.02s | average 49.36s
01:10:02.712  render           | Saved: '/Users/lucaschu/Documents/Codex/2026-09-04/https-maps-app-goo-gl-6kaddkvqd8j54t9fa/work/frames/0554.png'
FRAME 554 / 720 | 5.89s | average 48.85s
01:10:09.060  render           | Saved: '/Users/lucaschu/Documents/Codex/2026-09-04/https-maps-app-goo-gl-6kaddkvqd8j54t9fa/work/frames/0555.png'
FRAME 555 / 720 | 6.35s | average 48.36s
01:10:14.706  render           | Saved: '/Users/lucaschu/Documents/Codex/2026-09-04/https-maps-app-goo-gl-6kaddkvqd8j54t9fa/work/frames/0556.png'
FRAME 556 / 720 | 5.64s | average 47.88s
01:10:19.614  render           | Saved: '/Users/lucaschu/Documents/Codex/2026-09-04/https-maps-app-goo-gl-6kaddkvqd8j54t9fa/work/frames/0557.png'
FRAME 557 / 720 | 4.90s | average 47.39s
01:10:25.041  render           | Saved: '/Users/lucaschu/Documents/Codex/2026-09-04/https-maps-app-goo-gl-6kaddkvqd8j54t9fa/work/frames/0558.png'
FRAME 558 / 720 | 5.44s | average 46.93s
01:10:30.429  render           | Saved: '/Users/lucaschu/Documents/Codex/2026-09-04/https-maps-app-goo-gl-6kaddkvqd8j54t9fa/work/frames/0559.png'
FRAME 559 / 720 | 5.38s | average 46.47s
01:10:35.393  render           | Saved: '/Users/lucaschu/Documents/Codex/2026-09-04/https-maps-app-goo-gl-6kaddkvqd8j54t9fa/work/frames/0560.png'
FRAME 560 / 720 | 4.96s | average 46.02s
01:10:40.751  render           | Saved: '/Users/lucaschu/Documents/Codex/2026-09-04/https-maps-app-goo-gl-6kaddkvqd8j54t9fa/work/frames/0561.png'
FRAME 561 / 720 | 5.36s | average 45.58s
01:10:45.881  render           | Saved: '/Users/lucaschu/Documents/Codex/2026-09-04/https-maps-app-goo-gl-6kaddkvqd8j54t9fa/work/frames/0562.png'
FRAME 562 / 720 | 5.13s | average 45.15s
01:10:50.982  render           | Saved: '/Users/lucaschu/Documents/Codex/2026-09-04/https-maps-app-goo-gl-6kaddkvqd8j54t9fa/work/frames/0563.png'
FRAME 563 / 720 | 5.10s | average 44.73s
01:10:56.041  render           | Saved: '/Users/lucaschu/Documents/Codex/2026-09-04/https-maps-app-goo-gl-6kaddkvqd8j54t9fa/work/frames/0564.png'
FRAME 564 / 720 | 5.06s | average 44.32s
01:11:01.471  render           | Saved: '/Users/lucaschu/Documents/Codex/2026-09-04/https-maps-app-goo-gl-6kaddkvqd8j54t9fa/work/frames/0565.png'
FRAME 565 / 720 | 5.44s | average 43.92s
01:11:08.528  render           | Saved: '/Users/lucaschu/Documents/Codex/2026-09-04/https-maps-app-goo-gl-6kaddkvqd8j54t9fa/work/frames/0566.png'
FRAME 566 / 720 | 7.05s | average 43.54s
01:11:13.313  render           | Saved: '/Users/lucaschu/Documents/Codex/2026-09-04/https-maps-app-goo-gl-6kaddkvqd8j54t9fa/work/frames/0567.png'
FRAME 567 / 720 | 4.78s | average 43.15s
01:11:18.564  render           | Saved: '/Users/lucaschu/Documents/Codex/2026-09-04/https-maps-app-goo-gl-6kaddkvqd8j54t9fa/work/frames/0568.png'
FRAME 568 / 720 | 5.26s | average 42.77s
01:11:23.806  render           | Saved: '/Users/lucaschu/Documents/Codex/2026-09-04/https-maps-app-goo-gl-6kaddkvqd8j54t9fa/work/frames/0569.png'
FRAME 569 / 720 | 5.23s | average 42.40s
01:11:29.421  render           | Saved: '/Users/lucaschu/Documents/Codex/2026-09-04/https-maps-app-goo-gl-6kaddkvqd8j54t9fa/work/frames/0570.png'
FRAME 570 / 720 | 5.62s | average 42.04s
01:11:34.215  render           | Saved: '/Users/lucaschu/Documents/Codex/2026-09-04/https-maps-app-goo-gl-6kaddkvqd8j54t9fa/work/frames/0571.png'
FRAME 571 / 720 | 4.79s | average 41.68s
01:11:38.563  render           | Saved: '/Users/lucaschu/Documents/Codex/2026-09-04/https-maps-app-goo-gl-6kaddkvqd8j54t9fa/work/frames/0572.png'
FRAME 572 / 720 | 4.35s | average 41.32s
01:12:10.727  render           | Saved: '/Users/lucaschu/Documents/Codex/2026-09-04/https-maps-app-goo-gl-6kaddkvqd8j54t9fa/work/frames/0573.png'
FRAME 573 / 720 | 32.16s | average 41.23s
01:12:11.694  render           | Saved: '/Users/lucaschu/Documents/Codex/2026-09-04/https-maps-app-goo-gl-6kaddkvqd8j54t9fa/work/frames/0574.png'
FRAME 574 / 720 | 0.97s | average 40.85s
01:12:12.745  render           | Saved: '/Users/lucaschu/Documents/Codex/2026-09-04/https-maps-app-goo-gl-6kaddkvqd8j54t9fa/work/frames/0575.png'
FRAME 575 / 720 | 1.05s | average 40.48s
01:12:13.792  render           | Saved: '/Users/lucaschu/Documents/Codex/2026-09-04/https-maps-app-goo-gl-6kaddkvqd8j54t9fa/work/frames/0576.png'
FRAME 576 / 720 | 1.05s | average 40.11s
01:12:15.287  render           | Saved: '/Users/lucaschu/Documents/Codex/2026-09-04/https-maps-app-goo-gl-6kaddkvqd8j54t9fa/work/frames/0577.png'
FRAME 577 / 720 | 1.49s | average 39.76s
01:12:22.051  render           | Saved: '/Users/lucaschu/Documents/Codex/2026-09-04/https-maps-app-goo-gl-6kaddkvqd8j54t9fa/work/frames/0578.png'
FRAME 578 / 720 | 6.76s | average 39.46s
01:12:28.616  render           | Saved: '/Users/lucaschu/Documents/Codex/2026-09-04/https-maps-app-goo-gl-6kaddkvqd8j54t9fa/work/frames/0579.png'
FRAME 579 / 720 | 6.56s | average 39.16s
01:12:34.645  render           | Saved: '/Users/lucaschu/Documents/Codex/2026-09-04/https-maps-app-goo-gl-6kaddkvqd8j54t9fa/work/frames/0580.png'
FRAME 580 / 720 | 6.03s | average 38.87s
01:12:41.688  render           | Saved: '/Users/lucaschu/Documents/Codex/2026-09-04/https-maps-app-goo-gl-6kaddkvqd8j54t9fa/work/frames/0581.png'
FRAME 581 / 720 | 7.05s | average 38.58s
01:12:46.167  render           | Saved: '/Users/lucaschu/Documents/Codex/2026-09-04/https-maps-app-goo-gl-6kaddkvqd8j54t9fa/work/frames/0582.png'
FRAME 582 / 720 | 4.47s | average 38.29s
01:12:51.309  render           | Saved: '/Users/lucaschu/Documents/Codex/2026-09-04/https-maps-app-goo-gl-6kaddkvqd8j54t9fa/work/frames/0583.png'
FRAME 583 / 720 | 5.13s | average 38.00s
01:12:56.719  render           | Saved: '/Users/lucaschu/Documents/Codex/2026-09-04/https-maps-app-goo-gl-6kaddkvqd8j54t9fa/work/frames/0584.png'
FRAME 584 / 720 | 5.41s | average 37.72s
01:13:01.764  render           | Saved: '/Users/lucaschu/Documents/Codex/2026-09-04/https-maps-app-goo-gl-6kaddkvqd8j54t9fa/work/frames/0585.png'
FRAME 585 / 720 | 5.04s | average 37.44s
01:13:06.890  render           | Saved: '/Users/lucaschu/Documents/Codex/2026-09-04/https-maps-app-goo-gl-6kaddkvqd8j54t9fa/work/frames/0586.png'
FRAME 586 / 720 | 5.12s | average 37.16s
01:13:12.044  render           | Saved: '/Users/lucaschu/Documents/Codex/2026-09-04/https-maps-app-goo-gl-6kaddkvqd8j54t9fa/work/frames/0587.png'
FRAME 587 / 720 | 5.15s | average 36.89s
01:13:17.084  render           | Saved: '/Users/lucaschu/Documents/Codex/2026-09-04/https-maps-app-goo-gl-6kaddkvqd8j54t9fa/work/frames/0588.png'
FRAME 588 / 720 | 5.04s | average 36.63s
01:13:22.148  render           | Saved: '/Users/lucaschu/Documents/Codex/2026-09-04/https-maps-app-goo-gl-6kaddkvqd8j54t9fa/work/frames/0589.png'
FRAME 589 / 720 | 5.06s | average 36.37s
01:13:27.863  render           | Saved: '/Users/lucaschu/Documents/Codex/2026-09-04/https-maps-app-goo-gl-6kaddkvqd8j54t9fa/work/frames/0590.png'
FRAME 590 / 720 | 5.72s | average 36.12s
01:13:33.286  render           | Saved: '/Users/lucaschu/Documents/Codex/2026-09-04/https-maps-app-goo-gl-6kaddkvqd8j54t9fa/work/frames/0591.png'
FRAME 591 / 720 | 5.42s | average 35.87s
01:13:40.180  render           | Saved: '/Users/lucaschu/Documents/Codex/2026-09-04/https-maps-app-goo-gl-6kaddkvqd8j54t9fa/work/frames/0592.png'
FRAME 592 / 720 | 6.89s | average 35.63s
01:13:44.687  render           | Saved: '/Users/lucaschu/Documents/Codex/2026-09-04/https-maps-app-goo-gl-6kaddkvqd8j54t9fa/work/frames/0593.png'
FRAME 593 / 720 | 4.50s | average 35.38s
01:13:49.978  render           | Saved: '/Users/lucaschu/Documents/Codex/2026-09-04/https-maps-app-goo-gl-6kaddkvqd8j54t9fa/work/frames/0594.png'
FRAME 594 / 720 | 5.29s | average 35.15s
01:13:55.647  render           | Saved: '/Users/lucaschu/Documents/Codex/2026-09-04/https-maps-app-goo-gl-6kaddkvqd8j54t9fa/work/frames/0595.png'
FRAME 595 / 720 | 5.67s | average 34.91s
01:14:00.949  render           | Saved: '/Users/lucaschu/Documents/Codex/2026-09-04/https-maps-app-goo-gl-6kaddkvqd8j54t9fa/work/frames/0596.png'
FRAME 596 / 720 | 5.30s | average 34.68s
01:14:05.916  render           | Saved: '/Users/lucaschu/Documents/Codex/2026-09-04/https-maps-app-goo-gl-6kaddkvqd8j54t9fa/work/frames/0597.png'
FRAME 597 / 720 | 4.96s | average 34.45s
01:14:11.196  render           | Saved: '/Users/lucaschu/Documents/Codex/2026-09-04/https-maps-app-goo-gl-6kaddkvqd8j54t9fa/work/frames/0598.png'
FRAME 598 / 720 | 5.28s | average 34.23s
01:14:12.751  render           | Saved: '/Users/lucaschu/Documents/Codex/2026-09-04/https-maps-app-goo-gl-6kaddkvqd8j54t9fa/work/frames/0599.png'
FRAME 599 / 720 | 1.55s | average 33.98s
01:30:30.561  render           | Saved: '/Users/lucaschu/Documents/Codex/2026-09-04/https-maps-app-goo-gl-6kaddkvqd8j54t9fa/work/frames/0600.png'
FRAME 600 / 720 | 977.81s | average 41.13s
01:30:31.782  render           | Saved: '/Users/lucaschu/Documents/Codex/2026-09-04/https-maps-app-goo-gl-6kaddkvqd8j54t9fa/work/frames/0601.png'
FRAME 601 / 720 | 1.22s | average 40.83s
01:30:32.981  render           | Saved: '/Users/lucaschu/Documents/Codex/2026-09-04/https-maps-app-goo-gl-6kaddkvqd8j54t9fa/work/frames/0602.png'
FRAME 602 / 720 | 1.20s | average 40.53s
01:30:34.137  render           | Saved: '/Users/lucaschu/Documents/Codex/2026-09-04/https-maps-app-goo-gl-6kaddkvqd8j54t9fa/work/frames/0603.png'
FRAME 603 / 720 | 1.16s | average 40.24s
01:30:37.212  render           | Saved: '/Users/lucaschu/Documents/Codex/2026-09-04/https-maps-app-goo-gl-6kaddkvqd8j54t9fa/work/frames/0604.png'
FRAME 604 / 720 | 3.08s | average 39.97s
01:30:44.346  render           | Saved: '/Users/lucaschu/Documents/Codex/2026-09-04/https-maps-app-goo-gl-6kaddkvqd8j54t9fa/work/frames/0605.png'
FRAME 605 / 720 | 7.14s | average 39.73s
01:30:49.280  render           | Saved: '/Users/lucaschu/Documents/Codex/2026-09-04/https-maps-app-goo-gl-6kaddkvqd8j54t9fa/work/frames/0606.png'
FRAME 606 / 720 | 4.92s | average 39.48s
01:30:55.673  render           | Saved: '/Users/lucaschu/Documents/Codex/2026-09-04/https-maps-app-goo-gl-6kaddkvqd8j54t9fa/work/frames/0607.png'
FRAME 607 / 720 | 6.40s | average 39.24s
01:31:00.252  render           | Saved: '/Users/lucaschu/Documents/Codex/2026-09-04/https-maps-app-goo-gl-6kaddkvqd8j54t9fa/work/frames/0608.png'
FRAME 608 / 720 | 4.57s | average 38.99s
01:31:06.243  render           | Saved: '/Users/lucaschu/Documents/Codex/2026-09-04/https-maps-app-goo-gl-6kaddkvqd8j54t9fa/work/frames/0609.png'
FRAME 609 / 720 | 6.00s | average 38.76s
01:31:13.437  render           | Saved: '/Users/lucaschu/Documents/Codex/2026-09-04/https-maps-app-goo-gl-6kaddkvqd8j54t9fa/work/frames/0610.png'
FRAME 610 / 720 | 7.19s | average 38.53s
01:31:16.012  render           | Saved: '/Users/lucaschu/Documents/Codex/2026-09-04/https-maps-app-goo-gl-6kaddkvqd8j54t9fa/work/frames/0611.png'
FRAME 611 / 720 | 2.56s | average 38.28s
01:42:25.188  render           | Saved: '/Users/lucaschu/Documents/Codex/2026-09-04/https-maps-app-goo-gl-6kaddkvqd8j54t9fa/work/frames/0612.png'
FRAME 612 / 720 | 669.18s | average 42.66s
01:42:26.402  render           | Saved: '/Users/lucaschu/Documents/Codex/2026-09-04/https-maps-app-goo-gl-6kaddkvqd8j54t9fa/work/frames/0613.png'
FRAME 613 / 720 | 1.21s | average 42.38s
01:42:27.522  render           | Saved: '/Users/lucaschu/Documents/Codex/2026-09-04/https-maps-app-goo-gl-6kaddkvqd8j54t9fa/work/frames/0614.png'
FRAME 614 / 720 | 1.12s | average 42.10s
01:42:28.587  render           | Saved: '/Users/lucaschu/Documents/Codex/2026-09-04/https-maps-app-goo-gl-6kaddkvqd8j54t9fa/work/frames/0615.png'
FRAME 615 / 720 | 1.06s | average 41.82s
01:42:30.931  render           | Saved: '/Users/lucaschu/Documents/Codex/2026-09-04/https-maps-app-goo-gl-6kaddkvqd8j54t9fa/work/frames/0616.png'
FRAME 616 / 720 | 2.34s | average 41.55s
01:42:37.801  render           | Saved: '/Users/lucaschu/Documents/Codex/2026-09-04/https-maps-app-goo-gl-6kaddkvqd8j54t9fa/work/frames/0617.png'
FRAME 617 / 720 | 6.87s | average 41.32s
01:42:44.794  render           | Saved: '/Users/lucaschu/Documents/Codex/2026-09-04/https-maps-app-goo-gl-6kaddkvqd8j54t9fa/work/frames/0618.png'
FRAME 618 / 720 | 6.99s | average 41.09s
01:42:51.919  render           | Saved: '/Users/lucaschu/Documents/Codex/2026-09-04/https-maps-app-goo-gl-6kaddkvqd8j54t9fa/work/frames/0619.png'
FRAME 619 / 720 | 7.13s | average 40.86s
01:42:58.447  render           | Saved: '/Users/lucaschu/Documents/Codex/2026-09-04/https-maps-app-goo-gl-6kaddkvqd8j54t9fa/work/frames/0620.png'
FRAME 620 / 720 | 6.52s | average 40.64s
01:43:03.411  render           | Saved: '/Users/lucaschu/Documents/Codex/2026-09-04/https-maps-app-goo-gl-6kaddkvqd8j54t9fa/work/frames/0621.png'
FRAME 621 / 720 | 4.96s | average 40.40s
01:43:08.159  render           | Saved: '/Users/lucaschu/Documents/Codex/2026-09-04/https-maps-app-goo-gl-6kaddkvqd8j54t9fa/work/frames/0622.png'
FRAME 622 / 720 | 4.74s | average 40.17s
01:43:13.542  render           | Saved: '/Users/lucaschu/Documents/Codex/2026-09-04/https-maps-app-goo-gl-6kaddkvqd8j54t9fa/work/frames/0623.png'
FRAME 623 / 720 | 5.38s | average 39.95s
01:43:18.526  render           | Saved: '/Users/lucaschu/Documents/Codex/2026-09-04/https-maps-app-goo-gl-6kaddkvqd8j54t9fa/work/frames/0624.png'
FRAME 624 / 720 | 4.98s | average 39.72s
01:43:23.662  render           | Saved: '/Users/lucaschu/Documents/Codex/2026-09-04/https-maps-app-goo-gl-6kaddkvqd8j54t9fa/work/frames/0625.png'
FRAME 625 / 720 | 5.13s | average 39.50s
01:43:29.498  render           | Saved: '/Users/lucaschu/Documents/Codex/2026-09-04/https-maps-app-goo-gl-6kaddkvqd8j54t9fa/work/frames/0626.png'
FRAME 626 / 720 | 5.84s | average 39.29s
01:43:34.064  render           | Saved: '/Users/lucaschu/Documents/Codex/2026-09-04/https-maps-app-goo-gl-6kaddkvqd8j54t9fa/work/frames/0627.png'
FRAME 627 / 720 | 4.56s | average 39.07s
01:43:39.243  render           | Saved: '/Users/lucaschu/Documents/Codex/2026-09-04/https-maps-app-goo-gl-6kaddkvqd8j54t9fa/work/frames/0628.png'
FRAME 628 / 720 | 5.17s | average 38.86s
01:43:44.346  render           | Saved: '/Users/lucaschu/Documents/Codex/2026-09-04/https-maps-app-goo-gl-6kaddkvqd8j54t9fa/work/frames/0629.png'
FRAME 629 / 720 | 5.10s | average 38.65s
01:43:49.397  render           | Saved: '/Users/lucaschu/Documents/Codex/2026-09-04/https-maps-app-goo-gl-6kaddkvqd8j54t9fa/work/frames/0630.png'
FRAME 630 / 720 | 5.05s | average 38.44s
01:43:56.047  render           | Saved: '/Users/lucaschu/Documents/Codex/2026-09-04/https-maps-app-goo-gl-6kaddkvqd8j54t9fa/work/frames/0631.png'
FRAME 631 / 720 | 6.66s | average 38.25s
01:44:01.467  render           | Saved: '/Users/lucaschu/Documents/Codex/2026-09-04/https-maps-app-goo-gl-6kaddkvqd8j54t9fa/work/frames/0632.png'
FRAME 632 / 720 | 5.41s | average 38.05s
01:44:06.474  render           | Saved: '/Users/lucaschu/Documents/Codex/2026-09-04/https-maps-app-goo-gl-6kaddkvqd8j54t9fa/work/frames/0633.png'
FRAME 633 / 720 | 5.00s | average 37.85s
01:44:11.894  render           | Saved: '/Users/lucaschu/Documents/Codex/2026-09-04/https-maps-app-goo-gl-6kaddkvqd8j54t9fa/work/frames/0634.png'
FRAME 634 / 720 | 5.43s | average 37.65s
01:44:17.583  render           | Saved: '/Users/lucaschu/Documents/Codex/2026-09-04/https-maps-app-goo-gl-6kaddkvqd8j54t9fa/work/frames/0635.png'
FRAME 635 / 720 | 5.68s | average 37.46s
01:44:22.975  render           | Saved: '/Users/lucaschu/Documents/Codex/2026-09-04/https-maps-app-goo-gl-6kaddkvqd8j54t9fa/work/frames/0636.png'
FRAME 636 / 720 | 5.40s | average 37.27s
01:44:26.949  render           | Saved: '/Users/lucaschu/Documents/Codex/2026-09-04/https-maps-app-goo-gl-6kaddkvqd8j54t9fa/work/frames/0637.png'
FRAME 637 / 720 | 3.96s | average 37.07s
01:44:28.056  render           | Saved: '/Users/lucaschu/Documents/Codex/2026-09-04/https-maps-app-goo-gl-6kaddkvqd8j54t9fa/work/frames/0638.png'
FRAME 638 / 720 | 1.11s | average 36.86s
01:59:28.981  render           | Saved: '/Users/lucaschu/Documents/Codex/2026-09-04/https-maps-app-goo-gl-6kaddkvqd8j54t9fa/work/frames/0639.png'
FRAME 639 / 720 | 900.93s | average 41.91s
01:59:30.139  render           | Saved: '/Users/lucaschu/Documents/Codex/2026-09-04/https-maps-app-goo-gl-6kaddkvqd8j54t9fa/work/frames/0640.png'
FRAME 640 / 720 | 1.16s | average 41.68s
01:59:31.192  render           | Saved: '/Users/lucaschu/Documents/Codex/2026-09-04/https-maps-app-goo-gl-6kaddkvqd8j54t9fa/work/frames/0641.png'
FRAME 641 / 720 | 1.05s | average 41.44s
01:59:32.250  render           | Saved: '/Users/lucaschu/Documents/Codex/2026-09-04/https-maps-app-goo-gl-6kaddkvqd8j54t9fa/work/frames/0642.png'
FRAME 642 / 720 | 1.06s | average 41.21s
02:16:45.250  render           | Saved: '/Users/lucaschu/Documents/Codex/2026-09-04/https-maps-app-goo-gl-6kaddkvqd8j54t9fa/work/frames/0643.png'
FRAME 643 / 720 | 1033.00s | average 46.88s
02:16:46.386  render           | Saved: '/Users/lucaschu/Documents/Codex/2026-09-04/https-maps-app-goo-gl-6kaddkvqd8j54t9fa/work/frames/0644.png'
FRAME 644 / 720 | 1.14s | average 46.62s
02:16:47.565  render           | Saved: '/Users/lucaschu/Documents/Codex/2026-09-04/https-maps-app-goo-gl-6kaddkvqd8j54t9fa/work/frames/0645.png'
FRAME 645 / 720 | 1.18s | average 46.36s
02:16:48.612  render           | Saved: '/Users/lucaschu/Documents/Codex/2026-09-04/https-maps-app-goo-gl-6kaddkvqd8j54t9fa/work/frames/0646.png'
FRAME 646 / 720 | 1.05s | average 46.11s
02:16:49.667  render           | Saved: '/Users/lucaschu/Documents/Codex/2026-09-04/https-maps-app-goo-gl-6kaddkvqd8j54t9fa/work/frames/0647.png'
FRAME 647 / 720 | 1.05s | average 45.85s
02:31:30.783  render           | Saved: '/Users/lucaschu/Documents/Codex/2026-09-04/https-maps-app-goo-gl-6kaddkvqd8j54t9fa/work/frames/0648.png'
FRAME 648 / 720 | 881.12s | average 50.50s
02:31:31.957  render           | Saved: '/Users/lucaschu/Documents/Codex/2026-09-04/https-maps-app-goo-gl-6kaddkvqd8j54t9fa/work/frames/0649.png'
FRAME 649 / 720 | 1.17s | average 50.22s
02:31:33.004  render           | Saved: '/Users/lucaschu/Documents/Codex/2026-09-04/https-maps-app-goo-gl-6kaddkvqd8j54t9fa/work/frames/0650.png'
FRAME 650 / 720 | 1.05s | average 49.95s
02:31:34.081  render           | Saved: '/Users/lucaschu/Documents/Codex/2026-09-04/https-maps-app-goo-gl-6kaddkvqd8j54t9fa/work/frames/0651.png'
FRAME 651 / 720 | 1.08s | average 49.69s
02:31:38.489  render           | Saved: '/Users/lucaschu/Documents/Codex/2026-09-04/https-maps-app-goo-gl-6kaddkvqd8j54t9fa/work/frames/0652.png'
FRAME 652 / 720 | 4.41s | average 49.44s
02:31:45.321  render           | Saved: '/Users/lucaschu/Documents/Codex/2026-09-04/https-maps-app-goo-gl-6kaddkvqd8j54t9fa/work/frames/0653.png'
FRAME 653 / 720 | 6.84s | average 49.21s
02:31:49.779  render           | Saved: '/Users/lucaschu/Documents/Codex/2026-09-04/https-maps-app-goo-gl-6kaddkvqd8j54t9fa/work/frames/0654.png'
FRAME 654 / 720 | 4.45s | average 48.97s
02:31:55.381  render           | Saved: '/Users/lucaschu/Documents/Codex/2026-09-04/https-maps-app-goo-gl-6kaddkvqd8j54t9fa/work/frames/0655.png'
FRAME 655 / 720 | 5.60s | average 48.74s
02:32:00.440  render           | Saved: '/Users/lucaschu/Documents/Codex/2026-09-04/https-maps-app-goo-gl-6kaddkvqd8j54t9fa/work/frames/0656.png'
FRAME 656 / 720 | 5.06s | average 48.50s
02:32:05.877  render           | Saved: '/Users/lucaschu/Documents/Codex/2026-09-04/https-maps-app-goo-gl-6kaddkvqd8j54t9fa/work/frames/0657.png'
FRAME 657 / 720 | 5.44s | average 48.28s
02:32:10.655  render           | Saved: '/Users/lucaschu/Documents/Codex/2026-09-04/https-maps-app-goo-gl-6kaddkvqd8j54t9fa/work/frames/0658.png'
FRAME 658 / 720 | 4.78s | average 48.05s
02:32:15.452  render           | Saved: '/Users/lucaschu/Documents/Codex/2026-09-04/https-maps-app-goo-gl-6kaddkvqd8j54t9fa/work/frames/0659.png'
FRAME 659 / 720 | 4.80s | average 47.82s
02:32:16.597  render           | Saved: '/Users/lucaschu/Documents/Codex/2026-09-04/https-maps-app-goo-gl-6kaddkvqd8j54t9fa/work/frames/0660.png'
FRAME 660 / 720 | 1.14s | average 47.58s
02:48:06.925  render           | Saved: '/Users/lucaschu/Documents/Codex/2026-09-04/https-maps-app-goo-gl-6kaddkvqd8j54t9fa/work/frames/0661.png'
FRAME 661 / 720 | 950.33s | average 52.26s
02:48:08.179  render           | Saved: '/Users/lucaschu/Documents/Codex/2026-09-04/https-maps-app-goo-gl-6kaddkvqd8j54t9fa/work/frames/0662.png'
FRAME 662 / 720 | 1.25s | average 51.99s
02:48:09.202  render           | Saved: '/Users/lucaschu/Documents/Codex/2026-09-04/https-maps-app-goo-gl-6kaddkvqd8j54t9fa/work/frames/0663.png'
FRAME 663 / 720 | 1.02s | average 51.73s
02:48:10.229  render           | Saved: '/Users/lucaschu/Documents/Codex/2026-09-04/https-maps-app-goo-gl-6kaddkvqd8j54t9fa/work/frames/0664.png'
FRAME 664 / 720 | 1.03s | average 51.47s
02:53:25.210  render           | Saved: '/Users/lucaschu/Documents/Codex/2026-09-04/https-maps-app-goo-gl-6kaddkvqd8j54t9fa/work/frames/0665.png'
FRAME 665 / 720 | 314.98s | average 52.81s
02:53:26.320  render           | Saved: '/Users/lucaschu/Documents/Codex/2026-09-04/https-maps-app-goo-gl-6kaddkvqd8j54t9fa/work/frames/0666.png'
FRAME 666 / 720 | 1.11s | average 52.55s
02:53:27.380  render           | Saved: '/Users/lucaschu/Documents/Codex/2026-09-04/https-maps-app-goo-gl-6kaddkvqd8j54t9fa/work/frames/0667.png'
FRAME 667 / 720 | 1.06s | average 52.29s
02:53:28.410  render           | Saved: '/Users/lucaschu/Documents/Codex/2026-09-04/https-maps-app-goo-gl-6kaddkvqd8j54t9fa/work/frames/0668.png'
FRAME 668 / 720 | 1.03s | average 52.03s
02:53:31.589  render           | Saved: '/Users/lucaschu/Documents/Codex/2026-09-04/https-maps-app-goo-gl-6kaddkvqd8j54t9fa/work/frames/0669.png'
FRAME 669 / 720 | 3.18s | average 51.79s
02:53:38.509  render           | Saved: '/Users/lucaschu/Documents/Codex/2026-09-04/https-maps-app-goo-gl-6kaddkvqd8j54t9fa/work/frames/0670.png'
FRAME 670 / 720 | 6.92s | average 51.57s
02:53:43.193  render           | Saved: '/Users/lucaschu/Documents/Codex/2026-09-04/https-maps-app-goo-gl-6kaddkvqd8j54t9fa/work/frames/0671.png'
FRAME 671 / 720 | 4.68s | average 51.34s
02:53:48.519  render           | Saved: '/Users/lucaschu/Documents/Codex/2026-09-04/https-maps-app-goo-gl-6kaddkvqd8j54t9fa/work/frames/0672.png'
FRAME 672 / 720 | 5.32s | average 51.11s
02:53:53.610  render           | Saved: '/Users/lucaschu/Documents/Codex/2026-09-04/https-maps-app-goo-gl-6kaddkvqd8j54t9fa/work/frames/0673.png'
FRAME 673 / 720 | 5.09s | average 50.89s
02:53:58.713  render           | Saved: '/Users/lucaschu/Documents/Codex/2026-09-04/https-maps-app-goo-gl-6kaddkvqd8j54t9fa/work/frames/0674.png'
FRAME 674 / 720 | 5.10s | average 50.67s
02:54:03.743  render           | Saved: '/Users/lucaschu/Documents/Codex/2026-09-04/https-maps-app-goo-gl-6kaddkvqd8j54t9fa/work/frames/0675.png'
FRAME 675 / 720 | 5.03s | average 50.44s
02:54:08.800  render           | Saved: '/Users/lucaschu/Documents/Codex/2026-09-04/https-maps-app-goo-gl-6kaddkvqd8j54t9fa/work/frames/0676.png'
FRAME 676 / 720 | 5.06s | average 50.23s
02:54:10.918  render           | Saved: '/Users/lucaschu/Documents/Codex/2026-09-04/https-maps-app-goo-gl-6kaddkvqd8j54t9fa/work/frames/0677.png'
FRAME 677 / 720 | 2.12s | average 50.00s
03:11:01.280  render           | Saved: '/Users/lucaschu/Documents/Codex/2026-09-04/https-maps-app-goo-gl-6kaddkvqd8j54t9fa/work/frames/0678.png'
FRAME 678 / 720 | 1010.36s | average 54.57s
03:11:02.422  render           | Saved: '/Users/lucaschu/Documents/Codex/2026-09-04/https-maps-app-goo-gl-6kaddkvqd8j54t9fa/work/frames/0679.png'
FRAME 679 / 720 | 1.14s | average 54.32s
03:11:03.485  render           | Saved: '/Users/lucaschu/Documents/Codex/2026-09-04/https-maps-app-goo-gl-6kaddkvqd8j54t9fa/work/frames/0680.png'
FRAME 680 / 720 | 1.06s | average 54.07s
03:11:04.546  render           | Saved: '/Users/lucaschu/Documents/Codex/2026-09-04/https-maps-app-goo-gl-6kaddkvqd8j54t9fa/work/frames/0681.png'
FRAME 681 / 720 | 1.06s | average 53.82s
03:11:05.615  render           | Saved: '/Users/lucaschu/Documents/Codex/2026-09-04/https-maps-app-goo-gl-6kaddkvqd8j54t9fa/work/frames/0682.png'
FRAME 682 / 720 | 1.07s | average 53.57s
03:26:58.705  render           | Saved: '/Users/lucaschu/Documents/Codex/2026-09-04/https-maps-app-goo-gl-6kaddkvqd8j54t9fa/work/frames/0683.png'
FRAME 683 / 720 | 953.09s | average 57.75s
03:26:59.838  render           | Saved: '/Users/lucaschu/Documents/Codex/2026-09-04/https-maps-app-goo-gl-6kaddkvqd8j54t9fa/work/frames/0684.png'
FRAME 684 / 720 | 1.13s | average 57.49s
03:27:00.905  render           | Saved: '/Users/lucaschu/Documents/Codex/2026-09-04/https-maps-app-goo-gl-6kaddkvqd8j54t9fa/work/frames/0685.png'
FRAME 685 / 720 | 1.07s | average 57.23s
03:27:01.961  render           | Saved: '/Users/lucaschu/Documents/Codex/2026-09-04/https-maps-app-goo-gl-6kaddkvqd8j54t9fa/work/frames/0686.png'
FRAME 686 / 720 | 1.05s | average 56.97s
03:32:30.082  render           | Saved: '/Users/lucaschu/Documents/Codex/2026-09-04/https-maps-app-goo-gl-6kaddkvqd8j54t9fa/work/frames/0687.png'
FRAME 687 / 720 | 328.12s | average 58.21s
03:32:31.181  render           | Saved: '/Users/lucaschu/Documents/Codex/2026-09-04/https-maps-app-goo-gl-6kaddkvqd8j54t9fa/work/frames/0688.png'
FRAME 688 / 720 | 1.10s | average 57.95s
03:32:32.211  render           | Saved: '/Users/lucaschu/Documents/Codex/2026-09-04/https-maps-app-goo-gl-6kaddkvqd8j54t9fa/work/frames/0689.png'
FRAME 689 / 720 | 1.03s | average 57.69s
03:32:33.269  render           | Saved: '/Users/lucaschu/Documents/Codex/2026-09-04/https-maps-app-goo-gl-6kaddkvqd8j54t9fa/work/frames/0690.png'
FRAME 690 / 720 | 1.06s | average 57.44s
03:32:35.569  render           | Saved: '/Users/lucaschu/Documents/Codex/2026-09-04/https-maps-app-goo-gl-6kaddkvqd8j54t9fa/work/frames/0691.png'
FRAME 691 / 720 | 2.30s | average 57.19s
03:32:42.744  render           | Saved: '/Users/lucaschu/Documents/Codex/2026-09-04/https-maps-app-goo-gl-6kaddkvqd8j54t9fa/work/frames/0692.png'
FRAME 692 / 720 | 7.18s | average 56.97s
03:32:47.590  render           | Saved: '/Users/lucaschu/Documents/Codex/2026-09-04/https-maps-app-goo-gl-6kaddkvqd8j54t9fa/work/frames/0693.png'
FRAME 693 / 720 | 4.84s | average 56.74s
03:32:52.616  render           | Saved: '/Users/lucaschu/Documents/Codex/2026-09-04/https-maps-app-goo-gl-6kaddkvqd8j54t9fa/work/frames/0694.png'
FRAME 694 / 720 | 5.03s | average 56.51s
03:32:58.008  render           | Saved: '/Users/lucaschu/Documents/Codex/2026-09-04/https-maps-app-goo-gl-6kaddkvqd8j54t9fa/work/frames/0695.png'
FRAME 695 / 720 | 5.40s | average 56.28s
03:33:02.975  render           | Saved: '/Users/lucaschu/Documents/Codex/2026-09-04/https-maps-app-goo-gl-6kaddkvqd8j54t9fa/work/frames/0696.png'
FRAME 696 / 720 | 4.97s | average 56.06s
03:33:08.047  render           | Saved: '/Users/lucaschu/Documents/Codex/2026-09-04/https-maps-app-goo-gl-6kaddkvqd8j54t9fa/work/frames/0697.png'
FRAME 697 / 720 | 5.06s | average 55.84s
03:33:12.886  render           | Saved: '/Users/lucaschu/Documents/Codex/2026-09-04/https-maps-app-goo-gl-6kaddkvqd8j54t9fa/work/frames/0698.png'
FRAME 698 / 720 | 4.84s | average 55.61s
03:33:17.966  render           | Saved: '/Users/lucaschu/Documents/Codex/2026-09-04/https-maps-app-goo-gl-6kaddkvqd8j54t9fa/work/frames/0699.png'
FRAME 699 / 720 | 5.08s | average 55.40s
03:33:22.984  render           | Saved: '/Users/lucaschu/Documents/Codex/2026-09-04/https-maps-app-goo-gl-6kaddkvqd8j54t9fa/work/frames/0700.png'
FRAME 700 / 720 | 5.02s | average 55.18s
03:33:28.473  render           | Saved: '/Users/lucaschu/Documents/Codex/2026-09-04/https-maps-app-goo-gl-6kaddkvqd8j54t9fa/work/frames/0701.png'
FRAME 701 / 720 | 5.49s | average 54.96s
03:33:33.504  render           | Saved: '/Users/lucaschu/Documents/Codex/2026-09-04/https-maps-app-goo-gl-6kaddkvqd8j54t9fa/work/frames/0702.png'
FRAME 702 / 720 | 5.03s | average 54.75s
03:33:38.563  render           | Saved: '/Users/lucaschu/Documents/Codex/2026-09-04/https-maps-app-goo-gl-6kaddkvqd8j54t9fa/work/frames/0703.png'
FRAME 703 / 720 | 5.05s | average 54.54s
03:33:43.717  render           | Saved: '/Users/lucaschu/Documents/Codex/2026-09-04/https-maps-app-goo-gl-6kaddkvqd8j54t9fa/work/frames/0704.png'
FRAME 704 / 720 | 5.15s | average 54.33s
03:33:48.769  render           | Saved: '/Users/lucaschu/Documents/Codex/2026-09-04/https-maps-app-goo-gl-6kaddkvqd8j54t9fa/work/frames/0705.png'
FRAME 705 / 720 | 5.05s | average 54.12s
03:33:53.823  render           | Saved: '/Users/lucaschu/Documents/Codex/2026-09-04/https-maps-app-goo-gl-6kaddkvqd8j54t9fa/work/frames/0706.png'
FRAME 706 / 720 | 5.05s | average 53.92s
03:33:59.018  render           | Saved: '/Users/lucaschu/Documents/Codex/2026-09-04/https-maps-app-goo-gl-6kaddkvqd8j54t9fa/work/frames/0707.png'
FRAME 707 / 720 | 5.19s | average 53.71s
03:34:04.335  render           | Saved: '/Users/lucaschu/Documents/Codex/2026-09-04/https-maps-app-goo-gl-6kaddkvqd8j54t9fa/work/frames/0708.png'
FRAME 708 / 720 | 5.32s | average 53.51s
03:34:09.246  render           | Saved: '/Users/lucaschu/Documents/Codex/2026-09-04/https-maps-app-goo-gl-6kaddkvqd8j54t9fa/work/frames/0709.png'
FRAME 709 / 720 | 4.91s | average 53.31s
03:34:14.372  render           | Saved: '/Users/lucaschu/Documents/Codex/2026-09-04/https-maps-app-goo-gl-6kaddkvqd8j54t9fa/work/frames/0710.png'
FRAME 710 / 720 | 5.12s | average 53.11s
03:34:19.548  render           | Saved: '/Users/lucaschu/Documents/Codex/2026-09-04/https-maps-app-goo-gl-6kaddkvqd8j54t9fa/work/frames/0711.png'
FRAME 711 / 720 | 5.18s | average 52.91s
03:34:24.555  render           | Saved: '/Users/lucaschu/Documents/Codex/2026-09-04/https-maps-app-goo-gl-6kaddkvqd8j54t9fa/work/frames/0712.png'
FRAME 712 / 720 | 5.01s | average 52.72s
03:34:30.091  render           | Saved: '/Users/lucaschu/Documents/Codex/2026-09-04/https-maps-app-goo-gl-6kaddkvqd8j54t9fa/work/frames/0713.png'
FRAME 713 / 720 | 5.53s | average 52.52s
03:34:35.467  render           | Saved: '/Users/lucaschu/Documents/Codex/2026-09-04/https-maps-app-goo-gl-6kaddkvqd8j54t9fa/work/frames/0714.png'
FRAME 714 / 720 | 5.38s | average 52.33s
03:34:40.485  render           | Saved: '/Users/lucaschu/Documents/Codex/2026-09-04/https-maps-app-goo-gl-6kaddkvqd8j54t9fa/work/frames/0715.png'
FRAME 715 / 720 | 5.02s | average 52.14s
03:34:45.505  render           | Saved: '/Users/lucaschu/Documents/Codex/2026-09-04/https-maps-app-goo-gl-6kaddkvqd8j54t9fa/work/frames/0716.png'
FRAME 716 / 720 | 5.02s | average 51.95s
03:34:50.748  render           | Saved: '/Users/lucaschu/Documents/Codex/2026-09-04/https-maps-app-goo-gl-6kaddkvqd8j54t9fa/work/frames/0717.png'
FRAME 717 / 720 | 5.24s | average 51.76s
03:34:56.008  render           | Saved: '/Users/lucaschu/Documents/Codex/2026-09-04/https-maps-app-goo-gl-6kaddkvqd8j54t9fa/work/frames/0718.png'
FRAME 718 / 720 | 5.26s | average 51.58s
03:34:57.264  render           | Saved: '/Users/lucaschu/Documents/Codex/2026-09-04/https-maps-app-goo-gl-6kaddkvqd8j54t9fa/work/frames/0719.png'
FRAME 719 / 720 | 1.25s | average 51.38s
03:50:23.918  render           | Saved: '/Users/lucaschu/Documents/Codex/2026-09-04/https-maps-app-goo-gl-6kaddkvqd8j54t9fa/work/frames/0720.png'
FRAME 720 / 720 | 926.66s | average 54.85s
RENDER RANGE COMPLETE 1 720
Blender 5.2.1 LTS (hash 9e2066aef7ef built 2026-08-25 01:35:57)

Blender quit
