<?xml version="1.0" encoding="UTF-8"?>
<osm version="0.6" generator="openstreetmap-cgimap 2.1.0 (1715052 spike-08.openstreetmap.org)" copyright="OpenStreetMap and contributors" attribution="http://www.openstreetmap.org/copyright" license="http://opendatacommons.org/licenses/odbl/1-0/">
 <bounds minlat="37.7950000" minlon="-122.4550000" maxlat="37.8000000" maxlon="-122.4490000"/>
 <node id="65283442" visible="true" version="3" changeset="11740644" timestamp="2012-05-29T18:01:33Z" user="Gregory Arenius" uid="116029" lat="37.7933396" lon="-122.4503458"/>
 <node id="65283457" visible="true" version="3" changeset="11740644" timestamp="2012-05-29T18:01:33Z" user="Gregory Arenius" uid="116029" lat="37.7936516" lon="-122.4503161"/>
 <node id="65283652" visible="true" version="3" changeset="183182503" timestamp="2026-05-26T01:28:53Z" user="NAParish" uid="174586" lat="37.7959663" lon="-122.4531949"/>
 <node id="65283654" visible="true" version="3" changeset="183182503" timestamp="2026-05-26T01:28:53Z" user="NAParish" uid="174586" lat="37.7961525" lon="-122.4531344"/>
 <node id="65283656" visible="true" version="4" changeset="99874405" timestamp="2021-02-24T05:55:20Z" user="jnmiller" uid="2733735" lat="37.7965480" lon="-122.4530238"/>
 <node id="65283666" visible="true" version="2" changeset="3156706" timestamp="2009-11-19T03:33:46Z" user="woodpeck_fixbot" uid="147510" lat="37.7974380" lon="-122.4541630"/>
 <node id="65284190" visible="true" version="5" changeset="58848675" timestamp="2018-05-10T12:12:03Z" user="manings" uid="3272286" lat="37.7965605" lon="-122.4558876"/>
 <node id="65286623" visible="true" version="6" changeset="81148931" timestamp="2020-02-18T05:07:34Z" user="vbertola" uid="4347030" lat="37.7982284" lon="-122.4551228"/>
 <node id="65286630" visible="true" version="4" changeset="81148931" timestamp="2020-02-18T05:07:34Z" user="vbertola" uid="4347030" lat="37.7984372" lon="-122.4549634"/>
 <node id="65286633" visible="true" version="5" changeset="146113341" timestamp="2024-01-10T17:52:29Z" user="spughetti" uid="16155068" lat="37.7990353" lon="-122.4550114"/>
 <node id="65288552" visible="true" version="16" changeset="169711843" timestamp="2025-07-30T10:09:58Z" user="democat" uid="20300551" lat="37.8011754" lon="-122.4508373">
  <tag k="highway" v="stop"/>
  <tag k="stop" v="all"/>
  <tag k="traffic_sign" v="US:R1-1"/>
 </node>
 <node id="65288554" visible="true" version="7" changeset="38018206" timestamp="2016-03-23T11:25:57Z" user="oini" uid="3057995" lat="37.7997607" lon="-122.4516866"/>
 <node id="65295619" visible="true" version="4" changeset="11740644" timestamp="2012-05-29T18:01:33Z" user="Gregory Arenius" uid="116029" lat="37.7955656" lon="-122.4546873"/>
 <node id="65295621" visible="true" version="2" changeset="2102778" timestamp="2009-08-10T21:52:37Z" user="woodpeck_fixbot" uid="147510" lat="37.7955510" lon="-122.4548540"/>
 <node id="65295623" visible="true" version="4" changeset="11740644" timestamp="2012-05-29T18:01:33Z" user="Gregory Arenius" uid="116029" lat="37.7955132" lon="-122.4550382"/>
 <node id="65295625" visible="true" version="4" changeset="11740644" timestamp="2012-05-29T18:01:33Z" user="Gregory Arenius" uid="116029" lat="37.7949219" lon="-122.4549800"/>
 <node id="65295629" visible="true" version="4" changeset="11740644" timestamp="2012-05-29T18:01:33Z" user="Gregory Arenius" uid="116029" lat="37.7946553" lon="-122.4549445"/>
 <node id="65295632" visible="true" version="4" changeset="11740644" timestamp="2012-05-29T18:01:34Z" user="Gregory Arenius" uid="116029" lat="37.7942540" lon="-122.4548814"/>
 <node id="65295636" visible="true" version="4" changeset="3614673" timestamp="2010-01-14T03:01:55Z" user="StellanL" uid="28775" lat="37.7941418" lon="-122.4548198"/>
 <node id="65295645" visible="true" version="5" changeset="11740644" timestamp="2012-05-29T18:01:34Z" user="Gregory Arenius" uid="116029" lat="37.7941199" lon="-122.4544844"/>
 <node id="65301453" visible="true" version="4" changeset="160589787" timestamp="2024-12-24T22:59:09Z" user="hcourt" uid="12204396" lat="37.7970700" lon="-122.4547136"/>
 <node id="65301457" visible="true" version="4" changeset="160589787" timestamp="2024-12-24T22:59:09Z" user="hcourt" uid="12204396" lat="37.7969960" lon="-122.4546864"/>
 <node id="65301459" visible="true" version="3" changeset="11740644" timestamp="2012-05-29T18:01:34Z" user="Gregory Arenius" uid="116029" lat="37.7966229" lon="-122.4548395"/>
 <node id="65301461" visible="true" version="3" changeset="3614673" timestamp="2010-01-14T03:01:53Z" user="StellanL" uid="28775" lat="37.7965199" lon="-122.4548305"/>
 <node id="65301465" visible="true" version="4" changeset="11740644" timestamp="2012-05-29T18:01:34Z" user="Gregory Arenius" uid="116029" lat="37.7934707" lon="-122.4541298"/>
 <node id="65309270" visible="true" version="8" changeset="173516533" timestamp="2025-10-20T03:41:48Z" user="lasagna" uid="7572965" lat="37.7992156" lon="-122.4526121">
  <tag k="highway" v="stop"/>
  <tag k="stop" v="all"/>
 </node>
 <node id="65309272" visible="true" version="3" changeset="2102778" timestamp="2009-08-10T21:56:28Z" user="woodpeck_fixbot" uid="147510" lat="37.7993500" lon="-122.4527260"/>
 <node id="65309274" visible="true" version="5" changeset="115592544" timestamp="2021-12-31T04:56:28Z" user="Mingwei" uid="14152086" lat="37.7996438" lon="-122.4528431"/>
 <node id="65309277" visible="true" version="5" changeset="99885622" timestamp="2021-02-24T08:17:02Z" user="bhalperin28" uid="3130496" lat="37.8000039" lon="-122.4529298"/>
 <node id="65309488" visible="true" version="8" changeset="37242094" timestamp="2016-02-16T09:55:20Z" user="KindredCoda" uid="14293" lat="37.7965514" lon="-122.4516411"/>
 <node id="65309495" visible="true" version="3" changeset="37242094" timestamp="2016-02-16T09:55:20Z" user="KindredCoda" uid="14293" lat="37.7953811" lon="-122.4517968"/>
 <node id="65309497" visible="true" version="2" changeset="2102778" timestamp="2009-08-10T21:56:31Z" user="woodpeck_fixbot" uid="147510" lat="37.7953040" lon="-122.4518260"/>
 <node id="65309510" visible="true" version="2" changeset="2102778" timestamp="2009-08-10T21:56:31Z" user="woodpeck_fixbot" uid="147510" lat="37.7939280" lon="-122.4506090"/>
 <node id="65309512" visible="true" version="2" changeset="2102778" timestamp="2009-08-10T21:56:31Z" user="woodpeck_fixbot" uid="147510" lat="37.7938690" lon="-122.4505320"/>
 <node id="65314056" visible="true" version="6" changeset="37242094" timestamp="2016-02-16T09:55:20Z" user="KindredCoda" uid="14293" lat="37.7931237" lon="-122.4480319"/>
 <node id="65314068" visible="true" version="8" changeset="179723577" timestamp="2026-03-11T21:52:57Z" user="jumbanho" uid="38487" lat="37.7926156" lon="-122.4485115">
  <tag k="crossing:island" v="no"/>
  <tag k="crossing:markings" v="yes"/>
  <tag k="crossing:signals" v="no"/>
  <tag k="highway" v="crossing"/>
  <tag k="tactile_paving" v="yes"/>
 </node>
 <node id="65314426" visible="true" version="4" changeset="167144313" timestamp="2025-06-03T17:04:18Z" user="jhaluska80" uid="20446106" lat="37.7963910" lon="-122.4489378"/>
 <node id="65314447" visible="true" version="4" changeset="37431646" timestamp="2016-02-25T10:10:21Z" user="oba510" uid="933797" lat="37.7967136" lon="-122.4479502"/>
 <node id="65314601" visible="true" version="3" changeset="11740644" timestamp="2012-05-29T18:01:34Z" user="Gregory Arenius" uid="116029" lat="37.7964679" lon="-122.4546467"/>
 <node id="65314603" visible="true" version="3" changeset="11740644" timestamp="2012-05-29T18:01:34Z" user="Gregory Arenius" uid="116029" lat="37.7963773" lon="-122.4543250"/>
 <node id="65314606" visible="true" version="3" changeset="11740644" timestamp="2012-05-29T18:01:34Z" user="Gregory Arenius" uid="116029" lat="37.7963379" lon="-122.4542862"/>
 <node id="65314607" visible="true" version="2" changeset="3156706" timestamp="2009-11-19T03:34:12Z" user="woodpeck_fixbot" uid="147510" lat="37.7962310" lon="-122.4542380"/>
 <node id="65314608" visible="true" version="2" changeset="3156706" timestamp="2009-11-19T03:34:12Z" user="woodpeck_fixbot" uid="147510" lat="37.7961520" lon="-122.4540120"/>
 <node id="65314609" visible="true" version="2" changeset="3156706" timestamp="2009-11-19T03:34:12Z" user="woodpeck_fixbot" uid="147510" lat="37.7960280" lon="-122.4538040"/>
 <node id="65314613" visible="true" version="2" changeset="3156706" timestamp="2009-11-19T03:34:12Z" user="woodpeck_fixbot" uid="147510" lat="37.7959510" lon="-122.4536600"/>
 <node id="65314618" visible="true" version="3" changeset="56563299" timestamp="2018-02-21T22:07:46Z" user="Irina Karachevtseva" uid="5288591" lat="37.7955387" lon="-122.4525215"/>
 <node id="65314620" visible="true" version="3" changeset="56563299" timestamp="2018-02-21T22:07:46Z" user="Irina Karachevtseva" uid="5288591" lat="37.7954666" lon="-122.4524174"/>
 <node id="65314622" visible="true" version="2" changeset="3156706" timestamp="2009-11-19T03:34:12Z" user="woodpeck_fixbot" uid="147510" lat="37.7952620" lon="-122.4521600"/>
 <node id="65316958" visible="true" version="3" changeset="11740644" timestamp="2012-05-29T18:01:35Z" user="Gregory Arenius" uid="116029" lat="37.7937981" lon="-122.4509183"/>
 <node id="65317227" visible="true" version="2" changeset="3156706" timestamp="2009-11-19T03:34:46Z" user="woodpeck_fixbot" uid="147510" lat="37.7952050" lon="-122.4522640"/>
 <node id="65317229" visible="true" version="2" changeset="3156706" timestamp="2009-11-19T03:34:46Z" user="woodpeck_fixbot" uid="147510" lat="37.7951620" lon="-122.4523230"/>
 <node id="65317231" visible="true" version="2" changeset="3156706" timestamp="2009-11-19T03:34:46Z" user="woodpeck_fixbot" uid="147510" lat="37.7950700" lon="-122.4523650"/>
 <node id="65317233" visible="true" version="2" changeset="3156706" timestamp="2009-11-19T03:34:46Z" user="woodpeck_fixbot" uid="147510" lat="37.7949820" lon="-122.4523420"/>
 <node id="65317236" visible="true" version="2" changeset="3156706" timestamp="2009-11-19T03:34:46Z" user="woodpeck_fixbot" uid="147510" lat="37.7948680" lon="-122.4522190"/>
 <node id="65317238" visible="true" version="3" changeset="11740644" timestamp="2012-05-29T18:01:35Z" user="Gregory Arenius" uid="116029" lat="37.7937465" lon="-122.4509047"/>
 <node id="65317242" visible="true" version="3" changeset="11740644" timestamp="2012-05-29T18:01:35Z" user="Gregory Arenius" uid="116029" lat="37.7935394" lon="-122.4509696"/>
 <node id="65317245" visible="true" version="3" changeset="11740644" timestamp="2012-05-29T18:01:35Z" user="Gregory Arenius" uid="116029" lat="37.7933823" lon="-122.4509894"/>
 <node id="65317247" visible="true" version="3" changeset="11740644" timestamp="2012-05-29T18:01:35Z" user="Gregory Arenius" uid="116029" lat="37.7931643" lon="-122.4509259"/>
 <node id="65317250" visible="true" version="3" changeset="11740644" timestamp="2012-05-29T18:01:35Z" user="Gregory Arenius" uid="116029" lat="37.7930633" lon="-122.4508313"/>
 <node id="65317252" visible="true" version="2" changeset="3156706" timestamp="2009-11-19T03:34:46Z" user="woodpeck_fixbot" uid="147510" lat="37.7929990" lon="-122.4506850"/>
 <node id="65317254" visible="true" version="2" changeset="3156706" timestamp="2009-11-19T03:34:46Z" user="woodpeck_fixbot" uid="147510" lat="37.7929820" lon="-122.4505140"/>
 <node id="65317258" visible="true" version="2" changeset="3156706" timestamp="2009-11-19T03:34:46Z" user="woodpeck_fixbot" uid="147510" lat="37.7929920" lon="-122.4503300"/>
 <node id="65317259" visible="true" version="2" changeset="3156706" timestamp="2009-11-19T03:34:46Z" user="woodpeck_fixbot" uid="147510" lat="37.7930740" lon="-122.4502130"/>
 <node id="65317261" visible="true" version="2" changeset="3156706" timestamp="2009-11-19T03:34:46Z" user="woodpeck_fixbot" uid="147510" lat="37.7931880" lon="-122.4502030"/>
 <node id="65318397" visible="true" version="5" changeset="5377432" timestamp="2010-08-02T06:36:10Z" user="rabbitface" uid="321578" lat="37.8000575" lon="-122.4526518"/>
 <node id="65318410" visible="true" version="7" changeset="38018206" timestamp="2016-03-23T11:25:57Z" user="oini" uid="3057995" lat="37.7995615" lon="-122.4511695"/>
 <node id="65325509" visible="true" version="3" changeset="11740644" timestamp="2012-05-29T18:01:35Z" user="Gregory Arenius" uid="116029" lat="37.7935058" lon="-122.4540105"/>
 <node id="65325511" visible="true" version="3" changeset="11740644" timestamp="2012-05-29T18:01:35Z" user="Gregory Arenius" uid="116029" lat="37.7935342" lon="-122.4539455"/>
 <node id="65325514" visible="true" version="3" changeset="11740644" timestamp="2012-05-29T18:01:35Z" user="Gregory Arenius" uid="116029" lat="37.7935859" lon="-122.4538859"/>
 <node id="65325518" visible="true" version="3" changeset="11740644" timestamp="2012-05-29T18:01:35Z" user="Gregory Arenius" uid="116029" lat="37.7936430" lon="-122.4538651"/>
 <node id="65325522" visible="true" version="3" changeset="11740644" timestamp="2012-05-29T18:01:35Z" user="Gregory Arenius" uid="116029" lat="37.7937312" lon="-122.4538674"/>
 <node id="65325524" visible="true" version="3" changeset="11740644" timestamp="2012-05-29T18:01:35Z" user="Gregory Arenius" uid="116029" lat="37.7961012" lon="-122.4542472"/>
 <node id="65325530" visible="true" version="2" changeset="2102778" timestamp="2009-08-10T22:01:10Z" user="woodpeck_fixbot" uid="147510" lat="37.7972940" lon="-122.4543140"/>
 <node id="65326780" visible="true" version="6" changeset="55297672" timestamp="2018-01-09T16:26:24Z" user="naoliv" uid="463507" lat="37.7966466" lon="-122.4511737"/>
 <node id="65326783" visible="true" version="6" changeset="55297672" timestamp="2018-01-09T16:26:24Z" user="naoliv" uid="463507" lat="37.7966330" lon="-122.4507016"/>
 <node id="65326786" visible="true" version="5" changeset="55297672" timestamp="2018-01-09T16:26:24Z" user="naoliv" uid="463507" lat="37.7965510" lon="-122.4498800"/>
 <node id="65326788" visible="true" version="5" changeset="55297672" timestamp="2018-01-09T16:26:24Z" user="naoliv" uid="463507" lat="37.7964200" lon="-122.4491350"/>
 <node id="65326789" visible="true" version="5" changeset="167144313" timestamp="2025-06-03T17:04:18Z" user="jhaluska80" uid="20446106" lat="37.7961086" lon="-122.4484301">
  <tag k="crossing" v="uncontrolled"/>
  <tag k="highway" v="crossing"/>
 </node>
 <node id="65326822" visible="true" version="3" changeset="2102778" timestamp="2009-08-10T22:01:35Z" user="woodpeck_fixbot" uid="147510" lat="37.7954980" lon="-122.4484050"/>
 <node id="65326826" visible="true" version="5" changeset="167144313" timestamp="2025-06-03T17:04:18Z" user="jhaluska80" uid="20446106" lat="37.7955380" lon="-122.4485836"/>
 <node id="65326828" visible="true" version="7" changeset="104919086" timestamp="2021-05-19T00:42:52Z" user="espenh" uid="1239687" lat="37.7956685" lon="-122.4490613">
  <tag k="crossing" v="uncontrolled"/>
  <tag k="crossing:island" v="no"/>
  <tag k="highway" v="crossing"/>
  <tag k="tactile_paving" v="no"/>
 </node>
 <node id="65326830" visible="true" version="3" changeset="2102778" timestamp="2009-08-10T22:01:35Z" user="woodpeck_fixbot" uid="147510" lat="37.7957440" lon="-122.4493160"/>
 <node id="65326832" visible="true" version="3" changeset="2102778" timestamp="2009-08-10T22:01:35Z" user="woodpeck_fixbot" uid="147510" lat="37.7958260" lon="-122.4496450"/>
 <node id="65326835" visible="true" version="4" changeset="167144313" timestamp="2025-06-03T17:04:18Z" user="jhaluska80" uid="20446106" lat="37.7959039" lon="-122.4500413"/>
 <node id="65326837" visible="true" version="4" changeset="167144313" timestamp="2025-06-03T17:04:18Z" user="jhaluska80" uid="20446106" lat="37.7959444" lon="-122.4503810"/>
 <node id="65326840" visible="true" version="4" changeset="167144313" timestamp="2025-06-03T17:04:18Z" user="jhaluska80" uid="20446106" lat="37.7960809" lon="-122.4506548"/>
 <node id="65326842" visible="true" version="5" changeset="167144313" timestamp="2025-06-03T17:04:18Z" user="jhaluska80" uid="20446106" lat="37.7960917" lon="-122.4507060"/>
 <node id="65326844" visible="true" version="3" changeset="2102778" timestamp="2009-08-10T22:01:35Z" user="woodpeck_fixbot" uid="147510" lat="37.7960360" lon="-122.4510510"/>
 <node id="65326846" visible="true" version="3" changeset="2102778" timestamp="2009-08-10T22:01:35Z" user="woodpeck_fixbot" uid="147510" lat="37.7960470" lon="-122.4512150"/>
 <node id="65326849" visible="true" version="4" changeset="167144313" timestamp="2025-06-03T17:04:18Z" user="jhaluska80" uid="20446106" lat="37.7960904" lon="-122.4513761"/>
 <node id="65326852" visible="true" version="5" changeset="37242094" timestamp="2016-02-16T09:55:20Z" user="KindredCoda" uid="14293" lat="37.7961257" lon="-122.4515072"/>
 <node id="65329761" visible="true" version="3" changeset="56563299" timestamp="2018-02-21T22:07:46Z" user="Irina Karachevtseva" uid="5288591" lat="37.7953016" lon="-122.4525164"/>
 <node id="65329763" visible="true" version="3" changeset="56563299" timestamp="2018-02-21T22:07:46Z" user="Irina Karachevtseva" uid="5288591" lat="37.7952086" lon="-122.4525334"/>
 <node id="65340630" visible="true" version="7" changeset="173516533" timestamp="2025-10-20T03:41:48Z" user="lasagna" uid="7572965" lat="37.7983594" lon="-122.4564124">
  <tag k="highway" v="stop"/>
  <tag k="stop" v="all"/>
 </node>
 <node id="65342609" visible="true" version="11" changeset="169711843" timestamp="2025-07-30T10:09:58Z" user="democat" uid="20300551" lat="37.8010427" lon="-122.4502476">
  <tag k="highway" v="stop"/>
  <tag k="stop" v="all"/>
  <tag k="traffic_sign" v="US:R1-1"/>
 </node>
 <node id="65346890" visible="true" version="3" changeset="11740644" timestamp="2012-05-29T18:01:36Z" user="Gregory Arenius" uid="116029" lat="37.7947485" lon="-122.4556791"/>
 <node id="65346968" visible="true" version="3" changeset="37242094" timestamp="2016-02-16T09:55:19Z" user="KindredCoda" uid="14293" lat="37.7948574" lon="-122.4511817"/>
 <node id="65346971" visible="true" version="3" changeset="37242094" timestamp="2016-02-16T09:55:19Z" user="KindredCoda" uid="14293" lat="37.7944596" lon="-122.4507290"/>
 <node id="65346973" visible="true" version="4" changeset="37242094" timestamp="2016-02-16T09:55:19Z" user="KindredCoda" uid="14293" lat="37.7942162" lon="-122.4504468"/>
 <node id="65346974" visible="true" version="3" changeset="11740644" timestamp="2012-05-29T18:01:36Z" user="Gregory Arenius" uid="116029" lat="37.7938718" lon="-122.4500558"/>
 <node id="65346976" visible="true" version="3" changeset="11740644" timestamp="2012-05-29T18:01:36Z" user="Gregory Arenius" uid="116029" lat="37.7937893" lon="-122.4500659"/>
 <node id="65347882" visible="true" version="4" changeset="33438533" timestamp="2015-08-19T12:45:55Z" user="jinalfoflia" uid="2847988" lat="37.7987656" lon="-122.4535622"/>
 <node id="65347885" visible="true" version="3" changeset="33438533" timestamp="2015-08-19T12:45:55Z" user="jinalfoflia" uid="2847988" lat="37.7982425" lon="-122.4537128"/>
 <node id="65347889" visible="true" version="3" changeset="33438533" timestamp="2015-08-19T12:45:55Z" user="jinalfoflia" uid="2847988" lat="37.7979530" lon="-122.4538617"/>
 <node id="65347891" visible="true" version="4" changeset="5377432" timestamp="2010-08-02T06:36:07Z" user="rabbitface" uid="321578" lat="37.7975554" lon="-122.4540490"/>
 <node id="65347896" visible="true" version="7" changeset="153425572" timestamp="2024-07-01T19:27:41Z" user="John Gilmore" uid="314930" lat="37.7974860" lon="-122.4541130">
  <tag k="crossing:island" v="no"/>
  <tag k="crossing:markings" v="yes"/>
  <tag k="crossing:signals" v="no"/>
  <tag k="highway" v="crossing"/>
  <tag k="tactile_paving" v="yes"/>
 </node>
 <node id="65347897" visible="true" version="2" changeset="2102778" timestamp="2009-08-10T22:07:47Z" user="woodpeck_fixbot" uid="147510" lat="37.7972360" lon="-122.4543750"/>
 <node id="65358430" visible="true" version="7" changeset="37431646" timestamp="2016-02-25T10:10:21Z" user="oba510" uid="933797" lat="37.7971881" lon="-122.4512423"/>
 <node id="65358433" visible="true" version="4" changeset="37431646" timestamp="2016-02-25T10:10:21Z" user="oba510" uid="933797" lat="37.7971049" lon="-122.4511545"/>
 <node id="65358438" visible="true" version="4" changeset="37431646" timestamp="2016-02-25T10:10:21Z" user="oba510" uid="933797" lat="37.7969986" lon="-122.4510212"/>
 <node id="65358441" visible="true" version="3" changeset="2102778" timestamp="2009-08-10T22:10:20Z" user="woodpeck_fixbot" uid="147510" lat="37.7969630" lon="-122.4508890"/>
 <node id="65358443" visible="true" version="4" changeset="37431646" timestamp="2016-02-25T10:10:21Z" user="oba510" uid="933797" lat="37.7969507" lon="-122.4507355"/>
 <node id="65358444" visible="true" version="4" changeset="37431646" timestamp="2016-02-25T10:10:21Z" user="oba510" uid="933797" lat="37.7969349" lon="-122.4504896"/>
 <node id="65358446" visible="true" version="3" changeset="2102778" timestamp="2009-08-10T22:10:20Z" user="woodpeck_fixbot" uid="147510" lat="37.7968910" lon="-122.4500770"/>
 <node id="65358448" visible="true" version="3" changeset="2102778" timestamp="2009-08-10T22:10:20Z" user="woodpeck_fixbot" uid="147510" lat="37.7968230" lon="-122.4495840"/>
 <node id="65358449" visible="true" version="3" changeset="2102778" timestamp="2009-08-10T22:10:20Z" user="woodpeck_fixbot" uid="147510" lat="37.7967480" lon="-122.4491960"/>
 <node id="65358451" visible="true" version="3" changeset="2102778" timestamp="2009-08-10T22:10:20Z" user="woodpeck_fixbot" uid="147510" lat="37.7966990" lon="-122.4488950"/>
 <node id="65358453" visible="true" version="3" changeset="2102778" timestamp="2009-08-10T22:10:20Z" user="woodpeck_fixbot" uid="147510" lat="37.7966820" lon="-122.4486510"/>
 <node id="65358456" visible="true" version="3" changeset="2102778" timestamp="2009-08-10T22:10:20Z" user="woodpeck_fixbot" uid="147510" lat="37.7966770" lon="-122.4484300"/>
 <node id="65358460" visible="true" version="3" changeset="2102778" timestamp="2009-08-10T22:10:20Z" user="woodpeck_fixbot" uid="147510" lat="37.7966850" lon="-122.4482200"/>
 <node id="65360444" visible="true" version="8" changeset="186839594" timestamp="2026-08-02T22:47:14Z" user="John Gilmore" uid="314930" lat="37.7929174" lon="-122.4479519">
  <tag k="crossing" v="uncontrolled"/>
  <tag k="crossing:island" v="no"/>
  <tag k="crossing:markings" v="zebra"/>
  <tag k="crossing:signals" v="no"/>
  <tag k="highway" v="crossing"/>
 </node>
 <node id="65361854" visible="true" version="5" changeset="33698583" timestamp="2015-08-31T09:09:05Z" user="KindredCoda" uid="14293" lat="37.7993132" lon="-122.4524007"/>
 <node id="65361857" visible="true" version="5" changeset="33698583" timestamp="2015-08-31T09:09:05Z" user="KindredCoda" uid="14293" lat="37.7993523" lon="-122.4522632"/>
 <node id="65361858" visible="true" version="4" changeset="33698583" timestamp="2015-08-31T09:09:05Z" user="KindredCoda" uid="14293" lat="37.7993671" lon="-122.4521208"/>
 <node id="65361862" visible="true" version="4" changeset="33698583" timestamp="2015-08-31T09:09:05Z" user="KindredCoda" uid="14293" lat="37.7993591" lon="-122.4519869"/>
 <node id="65361864" visible="true" version="7" changeset="37431646" timestamp="2016-02-25T10:10:21Z" user="oba510" uid="933797" lat="37.7993263" lon="-122.4518694">
  <tag k="crossing" v="uncontrolled"/>
  <tag k="highway" v="crossing"/>
 </node>
 <node id="65361866" visible="true" version="5" changeset="37431646" timestamp="2016-02-25T10:10:21Z" user="oba510" uid="933797" lat="37.7992103" lon="-122.4516580"/>
 <node id="65361868" visible="true" version="4" changeset="33698583" timestamp="2015-08-31T09:09:05Z" user="KindredCoda" uid="14293" lat="37.7990687" lon="-122.4515402"/>
 <node id="65361870" visible="true" version="4" changeset="33698583" timestamp="2015-08-31T09:09:05Z" user="KindredCoda" uid="14293" lat="37.7985648" lon="-122.4512147"/>
 <node id="65361873" visible="true" version="4" changeset="33698583" timestamp="2015-08-31T09:09:05Z" user="KindredCoda" uid="14293" lat="37.7984792" lon="-122.4510893"/>
 <node id="65361875" visible="true" version="4" changeset="33698583" timestamp="2015-08-31T09:09:05Z" user="KindredCoda" uid="14293" lat="37.7982846" lon="-122.4505889"/>
 <node id="65361877" visible="true" version="5" changeset="33698583" timestamp="2015-08-31T09:09:05Z" user="KindredCoda" uid="14293" lat="37.7979231" lon="-122.4496130"/>
 <node id="65361878" visible="true" version="4" changeset="33698583" timestamp="2015-08-31T09:09:05Z" user="KindredCoda" uid="14293" lat="37.7977992" lon="-122.4492784"/>
 <node id="65361879" visible="true" version="4" changeset="33698583" timestamp="2015-08-31T09:09:05Z" user="KindredCoda" uid="14293" lat="37.7976795" lon="-122.4490898"/>
 <node id="65361883" visible="true" version="6" changeset="168113667" timestamp="2025-06-25T21:41:50Z" user="VLD299" uid="22891835" lat="37.7976137" lon="-122.4490296">
  <tag k="crossing" v="marked"/>
  <tag k="crossing:markings" v="zebra"/>
  <tag k="highway" v="crossing"/>
 </node>
 <node id="65361886" visible="true" version="5" changeset="105901070" timestamp="2021-06-06T00:45:13Z" user="daniel_solow" uid="1954307" lat="37.7975531" lon="-122.4489903">
  <tag k="highway" v="stop"/>
  <tag k="stop" v="all"/>
 </node>
 <node id="65363392" visible="true" version="13" changeset="168104972" timestamp="2025-06-25T17:11:27Z" user="VLD282" uid="21556038" lat="37.7991420" lon="-122.4525437">
  <tag k="crossing" v="uncontrolled"/>
  <tag k="crossing:island" v="no"/>
  <tag k="crossing:markings" v="zebra"/>
  <tag k="highway" v="crossing"/>
  <tag k="tactile_paving" v="yes"/>
 </node>
 <node id="65363395" visible="true" version="7" changeset="58520414" timestamp="2018-04-29T07:53:11Z" user="KindredCoda" uid="14293" lat="37.7987708" lon="-122.4520837"/>
 <node id="65363401" visible="true" version="6" changeset="58520414" timestamp="2018-04-29T07:53:11Z" user="KindredCoda" uid="14293" lat="37.7986976" lon="-122.4520137"/>
 <node id="65363406" visible="true" version="6" changeset="58520414" timestamp="2018-04-29T07:53:11Z" user="KindredCoda" uid="14293" lat="37.7982249" lon="-122.4516279"/>
 <node id="65363408" visible="true" version="6" changeset="58520414" timestamp="2018-04-29T07:53:12Z" user="KindredCoda" uid="14293" lat="37.7979329" lon="-122.4514466"/>
 <node id="65363410" visible="true" version="12" changeset="173516533" timestamp="2025-10-20T03:41:48Z" user="lasagna" uid="7572965" lat="37.7976100" lon="-122.4512735">
  <tag k="highway" v="stop"/>
  <tag k="stop" v="all"/>
 </node>
 <node id="65363411" visible="true" version="8" changeset="58520414" timestamp="2018-04-29T07:53:11Z" user="KindredCoda" uid="14293" lat="37.7975488" lon="-122.4512485"/>
 <node id="65363412" visible="true" version="5" changeset="37242094" timestamp="2016-02-16T09:55:20Z" user="KindredCoda" uid="14293" lat="37.7974787" lon="-122.4512273"/>
 <node id="65363413" visible="true" version="6" changeset="37242094" timestamp="2016-02-16T09:55:20Z" user="KindredCoda" uid="14293" lat="37.7971029" lon="-122.4512829"/>
 <node id="65363415" visible="true" version="7" changeset="37242094" timestamp="2016-02-16T09:55:20Z" user="KindredCoda" uid="14293" lat="37.7968850" lon="-122.4515342"/>
 <node id="65363417" visible="true" version="7" changeset="37242094" timestamp="2016-02-16T09:55:20Z" user="KindredCoda" uid="14293" lat="37.7968106" lon="-122.4516170"/>
 <node id="65363419" visible="true" version="7" changeset="37242094" timestamp="2016-02-16T09:55:20Z" user="KindredCoda" uid="14293" lat="37.7967307" lon="-122.4516554"/>
 <node id="65363420" visible="true" version="5" changeset="37242094" timestamp="2016-02-16T09:55:20Z" user="KindredCoda" uid="14293" lat="37.7958500" lon="-122.4514455"/>
 <node id="65363422" visible="true" version="5" changeset="37242094" timestamp="2016-02-16T09:55:20Z" user="KindredCoda" uid="14293" lat="37.7955703" lon="-122.4512090"/>
 <node id="65363424" visible="true" version="5" changeset="37242094" timestamp="2016-02-16T09:55:20Z" user="KindredCoda" uid="14293" lat="37.7954039" lon="-122.4509369"/>
 <node id="65363426" visible="true" version="6" changeset="167144313" timestamp="2025-06-03T17:04:18Z" user="jhaluska80" uid="20446106" lat="37.7954670" lon="-122.4510423"/>
 <node id="65363427" visible="true" version="5" changeset="37242094" timestamp="2016-02-16T09:55:20Z" user="KindredCoda" uid="14293" lat="37.7951270" lon="-122.4505092"/>
 <node id="65363428" visible="true" version="5" changeset="37242094" timestamp="2016-02-16T09:55:20Z" user="KindredCoda" uid="14293" lat="37.7950947" lon="-122.4504283"/>
 <node id="65363429" visible="true" version="5" changeset="37242094" timestamp="2016-02-16T09:55:20Z" user="KindredCoda" uid="14293" lat="37.7949263" lon="-122.4498369"/>
 <node id="65363431" visible="true" version="5" changeset="37242094" timestamp="2016-02-16T09:55:20Z" user="KindredCoda" uid="14293" lat="37.7949170" lon="-122.4496790"/>
 <node id="65363433" visible="true" version="5" changeset="37242094" timestamp="2016-02-16T09:55:20Z" user="KindredCoda" uid="14293" lat="37.7950061" lon="-122.4491417"/>
 <node id="65363436" visible="true" version="5" changeset="37242094" timestamp="2016-02-16T09:55:20Z" user="KindredCoda" uid="14293" lat="37.7949704" lon="-122.4489786"/>
 <node id="65363437" visible="true" version="5" changeset="37242094" timestamp="2016-02-16T09:55:20Z" user="KindredCoda" uid="14293" lat="37.7948988" lon="-122.4488123"/>
 <node id="65363439" visible="true" version="5" changeset="37242094" timestamp="2016-02-16T09:55:20Z" user="KindredCoda" uid="14293" lat="37.7948011" lon="-122.4486847"/>
 <node id="65363442" visible="true" version="5" changeset="37242094" timestamp="2016-02-16T09:55:20Z" user="KindredCoda" uid="14293" lat="37.7946848" lon="-122.4485941"/>
 <node id="65363445" visible="true" version="5" changeset="37242094" timestamp="2016-02-16T09:55:20Z" user="KindredCoda" uid="14293" lat="37.7944885" lon="-122.4485404"/>
 <node id="65363448" visible="true" version="5" changeset="37242094" timestamp="2016-02-16T09:55:20Z" user="KindredCoda" uid="14293" lat="37.7942512" lon="-122.4485506"/>
 <node id="65363451" visible="true" version="5" changeset="37242094" timestamp="2016-02-16T09:55:20Z" user="KindredCoda" uid="14293" lat="37.7941720" lon="-122.4485490"/>
 <node id="65363455" visible="true" version="5" changeset="37242094" timestamp="2016-02-16T09:55:20Z" user="KindredCoda" uid="14293" lat="37.7937223" lon="-122.4483718"/>
 <node id="65363457" visible="true" version="6" changeset="37242094" timestamp="2016-02-16T09:55:20Z" user="KindredCoda" uid="14293" lat="37.7930142" lon="-122.4479870"/>
 <node id="65363476" visible="true" version="5" changeset="55297672" timestamp="2018-01-09T16:26:24Z" user="naoliv" uid="463507" lat="37.7980490" lon="-122.4556970"/>
 <node id="65363477" visible="true" version="6" changeset="55297672" timestamp="2018-01-09T16:26:24Z" user="naoliv" uid="463507" lat="37.7980607" lon="-122.4555049"/>
 <node id="65363481" visible="true" version="6" changeset="55297672" timestamp="2018-01-09T16:26:24Z" user="naoliv" uid="463507" lat="37.7984248" lon="-122.4546406"/>
 <node id="65363490" visible="true" version="6" changeset="31760550" timestamp="2015-06-06T04:55:59Z" user="ianlopez1115" uid="44938" lat="37.7988832" lon="-122.4532654"/>
 <node id="65363493" visible="true" version="7" changeset="55297672" timestamp="2018-01-09T16:26:24Z" user="naoliv" uid="463507" lat="37.7990613" lon="-122.4528970"/>
 <node id="65364347" visible="true" version="5" changeset="33698583" timestamp="2015-08-31T09:09:04Z" user="KindredCoda" uid="14293" lat="37.7976514" lon="-122.4510506"/>
 <node id="65364349" visible="true" version="5" changeset="33698583" timestamp="2015-08-31T09:09:04Z" user="KindredCoda" uid="14293" lat="37.7974994" lon="-122.4504697"/>
 <node id="65364353" visible="true" version="4" changeset="33698583" timestamp="2015-08-31T09:09:04Z" user="KindredCoda" uid="14293" lat="37.7974507" lon="-122.4501735"/>
 <node id="65364357" visible="true" version="4" changeset="33698583" timestamp="2015-08-31T09:09:04Z" user="KindredCoda" uid="14293" lat="37.7974371" lon="-122.4500272"/>
 <node id="65364360" visible="true" version="4" changeset="33698583" timestamp="2015-08-31T09:09:04Z" user="KindredCoda" uid="14293" lat="37.7974335" lon="-122.4497278"/>
 <node id="65364364" visible="true" version="5" changeset="33698583" timestamp="2015-08-31T09:09:04Z" user="KindredCoda" uid="14293" lat="37.7974420" lon="-122.4495832"/>
 <node id="65364369" visible="true" version="5" changeset="33698583" timestamp="2015-08-31T09:09:04Z" user="KindredCoda" uid="14293" lat="37.7974750" lon="-122.4493227"/>
 <node id="65372956" visible="true" version="6" changeset="55297672" timestamp="2018-01-09T16:26:24Z" user="naoliv" uid="463507" lat="37.7975147" lon="-122.4539717"/>
 <node id="65372962" visible="true" version="5" changeset="5377432" timestamp="2010-08-02T06:36:07Z" user="rabbitface" uid="321578" lat="37.7975012" lon="-122.4538602"/>
 <node id="65372969" visible="true" version="6" changeset="55297672" timestamp="2018-01-09T16:26:24Z" user="naoliv" uid="463507" lat="37.7975396" lon="-122.4537354"/>
 <node id="65372972" visible="true" version="6" changeset="55297672" timestamp="2018-01-09T16:26:24Z" user="naoliv" uid="463507" lat="37.7976053" lon="-122.4536455"/>
 <node id="65372974" visible="true" version="5" changeset="55297672" timestamp="2018-01-09T16:26:24Z" user="naoliv" uid="463507" lat="37.7977251" lon="-122.4535597"/>
 <node id="65372984" visible="true" version="5" changeset="55297672" timestamp="2018-01-09T16:26:24Z" user="naoliv" uid="463507" lat="37.7980920" lon="-122.4534000"/>
 <node id="65372986" visible="true" version="5" changeset="55297672" timestamp="2018-01-09T16:26:25Z" user="naoliv" uid="463507" lat="37.7982942" lon="-122.4533196"/>
 <node id="65372990" visible="true" version="5" changeset="55297672" timestamp="2018-01-09T16:26:25Z" user="naoliv" uid="463507" lat="37.7984075" lon="-122.4532392"/>
 <node id="65372992" visible="true" version="5" changeset="55297672" timestamp="2018-01-09T16:26:25Z" user="naoliv" uid="463507" lat="37.7984775" lon="-122.4530635"/>
 <node id="65372994" visible="true" version="5" changeset="55297672" timestamp="2018-01-09T16:26:25Z" user="naoliv" uid="463507" lat="37.7984930" lon="-122.4528420"/>
 <node id="65372996" visible="true" version="5" changeset="55297672" timestamp="2018-01-09T16:26:25Z" user="naoliv" uid="463507" lat="37.7984580" lon="-122.4525980"/>
 <node id="65372997" visible="true" version="5" changeset="55297672" timestamp="2018-01-09T16:26:25Z" user="naoliv" uid="463507" lat="37.7983920" lon="-122.4524270"/>
 <node id="65373001" visible="true" version="5" changeset="55297672" timestamp="2018-01-09T16:26:25Z" user="naoliv" uid="463507" lat="37.7982560" lon="-122.4522250"/>
 <node id="65373003" visible="true" version="6" changeset="56563299" timestamp="2018-02-21T22:07:46Z" user="Irina Karachevtseva" uid="5288591" lat="37.7979641" lon="-122.4519682"/>
 <node id="65373004" visible="true" version="6" changeset="56563299" timestamp="2018-02-21T22:07:46Z" user="Irina Karachevtseva" uid="5288591" lat="37.7978715" lon="-122.4518856"/>
 <node id="65373018" visible="true" version="6" changeset="56563299" timestamp="2018-02-21T22:07:46Z" user="Irina Karachevtseva" uid="5288591" lat="37.7977053" lon="-122.4518089"/>
 <node id="65373025" visible="true" version="6" changeset="56563299" timestamp="2018-02-21T22:07:46Z" user="Irina Karachevtseva" uid="5288591" lat="37.7973916" lon="-122.4517768"/>
 <node id="65373027" visible="true" version="5" changeset="55297672" timestamp="2018-01-09T16:26:25Z" user="naoliv" uid="463507" lat="37.7972420" lon="-122.4518300"/>
 <node id="65373029" visible="true" version="6" changeset="56563299" timestamp="2018-02-21T22:07:46Z" user="Irina Karachevtseva" uid="5288591" lat="37.7968494" lon="-122.4521177"/>
 <node id="65373031" visible="true" version="7" changeset="59171443" timestamp="2018-05-22T07:13:13Z" user="ionutr_telenav" uid="4930407" lat="37.7965342" lon="-122.4520411"/>
 <node id="65373612" visible="true" version="6" changeset="33698583" timestamp="2015-08-31T09:09:05Z" user="KindredCoda" uid="14293" lat="37.7983706" lon="-122.4496224"/>
 <node id="65373616" visible="true" version="5" changeset="33698583" timestamp="2015-08-31T09:09:05Z" user="KindredCoda" uid="14293" lat="37.7985320" lon="-122.4500535"/>
 <node id="65373619" visible="true" version="5" changeset="33698583" timestamp="2015-08-31T09:09:05Z" user="KindredCoda" uid="14293" lat="37.7985410" lon="-122.4500914"/>
 <node id="65373620" visible="true" version="5" changeset="33698583" timestamp="2015-08-31T09:09:05Z" user="KindredCoda" uid="14293" lat="37.7985227" lon="-122.4502448"/>
 <node id="65376016" visible="true" version="3" changeset="167144313" timestamp="2025-06-03T17:04:18Z" user="jhaluska80" uid="20446106" lat="37.7954628" lon="-122.4508534"/>
 <node id="65376019" visible="true" version="5" changeset="167144313" timestamp="2025-06-03T17:04:18Z" user="jhaluska80" uid="20446106" lat="37.7955406" lon="-122.4505933">
  <tag k="access:delivery" v="no"/>
  <tag k="barrier" v="gate"/>
  <tag k="locked" v="yes"/>
 </node>
 <node id="65376024" visible="true" version="3" changeset="167144313" timestamp="2025-06-03T17:04:18Z" user="jhaluska80" uid="20446106" lat="37.7956028" lon="-122.4505284"/>
 <node id="65376029" visible="true" version="3" changeset="167144313" timestamp="2025-06-03T17:04:18Z" user="jhaluska80" uid="20446106" lat="37.7954971" lon="-122.4500166"/>
 <node id="65376031" visible="true" version="3" changeset="167144313" timestamp="2025-06-03T17:04:18Z" user="jhaluska80" uid="20446106" lat="37.7954210" lon="-122.4497060"/>
 <node id="65376039" visible="true" version="2" changeset="2102778" timestamp="2009-08-10T22:13:51Z" user="woodpeck_fixbot" uid="147510" lat="37.7953000" lon="-122.4493860"/>
 <node id="65376044" visible="true" version="3" changeset="167144313" timestamp="2025-06-03T17:04:18Z" user="jhaluska80" uid="20446106" lat="37.7951611" lon="-122.4490660"/>
 <node id="65376058" visible="true" version="3" changeset="167144313" timestamp="2025-06-03T17:04:18Z" user="jhaluska80" uid="20446106" lat="37.7950081" lon="-122.4486635"/>
 <node id="65376060" visible="true" version="2" changeset="2102778" timestamp="2009-08-10T22:13:51Z" user="woodpeck_fixbot" uid="147510" lat="37.7949190" lon="-122.4485060"/>
 <node id="65376063" visible="true" version="2" changeset="2102778" timestamp="2009-08-10T22:13:51Z" user="woodpeck_fixbot" uid="147510" lat="37.7947880" lon="-122.4482430"/>
 <node id="65376065" visible="true" version="2" changeset="2102778" timestamp="2009-08-10T22:13:51Z" user="woodpeck_fixbot" uid="147510" lat="37.7947550" lon="-122.4480560"/>
 <node id="65376067" visible="true" version="2" changeset="2102778" timestamp="2009-08-10T22:13:51Z" user="woodpeck_fixbot" uid="147510" lat="37.7947170" lon="-122.4479550"/>
 <node id="65376070" visible="true" version="2" changeset="2102778" timestamp="2009-08-10T22:13:51Z" user="woodpeck_fixbot" uid="147510" lat="37.7946460" lon="-122.4478720"/>
 <node id="65376072" visible="true" version="2" changeset="2102778" timestamp="2009-08-10T22:13:51Z" user="woodpeck_fixbot" uid="147510" lat="37.7945440" lon="-122.4478270"/>
 <node id="65376101" visible="true" version="4" changeset="167144313" timestamp="2025-06-03T17:04:18Z" user="jhaluska80" uid="20446106" lat="37.7950929" lon="-122.4488563"/>
 <node id="171964769" visible="true" version="16" changeset="166678394" timestamp="2025-05-24T00:35:53Z" user="mapadu" uid="9755853" lat="37.7994137" lon="-122.4494926"/>
 <node id="171964770" visible="true" version="10" changeset="129955846" timestamp="2022-12-11T09:12:55Z" user="spughetti" uid="16155068" lat="37.7995426" lon="-122.4492947"/>
 <node id="171964772" visible="true" version="17" changeset="129955846" timestamp="2022-12-11T09:12:55Z" user="spughetti" uid="16155068" lat="37.7995721" lon="-122.4489914"/>
 <node id="171964774" visible="true" version="9" changeset="129955846" timestamp="2022-12-11T09:12:55Z" user="spughetti" uid="16155068" lat="37.7995238" lon="-122.4488408"/>
 <node id="171964775" visible="true" version="9" changeset="129955846" timestamp="2022-12-11T09:12:55Z" user="spughetti" uid="16155068" lat="37.7994928" lon="-122.4486655"/>
 <node id="171964776" visible="true" version="10" changeset="129955846" timestamp="2022-12-11T09:12:55Z" user="spughetti" uid="16155068" lat="37.7994810" lon="-122.4484731"/>
 <node id="171965456" visible="true" version="8" changeset="129955846" timestamp="2022-12-11T09:12:55Z" user="spughetti" uid="16155068" lat="37.8004015" lon="-122.4490633"/>
 <node id="171965457" visible="true" version="9" changeset="131221825" timestamp="2023-01-13T09:50:39Z" user="spughetti" uid="16155068" lat="37.8002909" lon="-122.4493151"/>
 <node id="171965458" visible="true" version="10" changeset="129955846" timestamp="2022-12-11T09:12:55Z" user="spughetti" uid="16155068" lat="37.8001787" lon="-122.4494086"/>
 <node id="171965460" visible="true" version="9" changeset="129955846" timestamp="2022-12-11T09:12:55Z" user="spughetti" uid="16155068" lat="37.8000173" lon="-122.4494684"/>
 <node id="171965461" visible="true" version="10" changeset="129955846" timestamp="2022-12-11T09:12:55Z" user="spughetti" uid="16155068" lat="37.7998403" lon="-122.4494272"/>
 <node id="171965462" visible="true" version="10" changeset="129955846" timestamp="2022-12-11T09:12:55Z" user="spughetti" uid="16155068" lat="37.7997453" lon="-122.4493642"/>
 <node id="171965463" visible="true" version="8" changeset="129955449" timestamp="2022-12-11T08:51:26Z" user="spughetti" uid="16155068" lat="37.7996531" lon="-122.4492379"/>
 <node id="173173140" visible="true" version="5" changeset="116527395" timestamp="2022-01-24T07:15:56Z" user="willkmis" uid="11523236" lat="37.7923716" lon="-122.4520168"/>
 <node id="293575999" visible="true" version="3" changeset="33698583" timestamp="2015-08-31T09:09:06Z" user="KindredCoda" uid="14293" lat="37.7982804" lon="-122.4488436"/>
 <node id="293576001" visible="true" version="4" changeset="166281511" timestamp="2025-05-15T01:01:14Z" user="TheNightRider" uid="1968961" lat="37.7981702" lon="-122.4487819"/>
 <node id="293576002" visible="true" version="5" changeset="129955977" timestamp="2022-12-11T09:18:43Z" user="spughetti" uid="16155068" lat="37.7980723" lon="-122.4486084"/>
 <node id="293576460" visible="true" version="3" changeset="33698583" timestamp="2015-08-31T09:09:07Z" user="KindredCoda" uid="14293" lat="37.7982428" lon="-122.4492217"/>
 <node id="300726858" visible="true" version="2" changeset="99874405" timestamp="2021-02-24T05:55:20Z" user="jnmiller" uid="2733735" lat="37.7979922" lon="-122.4548828"/>
 <node id="300726868" visible="true" version="3" changeset="99874405" timestamp="2021-02-24T05:55:20Z" user="jnmiller" uid="2733735" lat="37.7979243" lon="-122.4547042"/>
 <node id="300726877" visible="true" version="2" changeset="1181854" timestamp="2009-05-14T01:09:23Z" user="RaffyO" uid="81497" lat="37.7967212" lon="-122.4532210"/>
 <node id="300726882" visible="true" version="6" changeset="179723577" timestamp="2026-03-11T21:47:26Z" user="jumbanho" uid="38487" lat="37.7954415" lon="-122.4517772">
  <tag k="crossing" v="uncontrolled"/>
  <tag k="crossing:island" v="no"/>
  <tag k="crossing:markings" v="zebra"/>
  <tag k="crossing:signals" v="no"/>
  <tag k="highway" v="crossing"/>
  <tag k="tactile_paving" v="yes"/>
 </node>
 <node id="300726895" visible="true" version="2" changeset="99874405" timestamp="2021-02-24T05:55:20Z" user="jnmiller" uid="2733735" lat="37.7969833" lon="-122.4569454"/>
 <node id="300726903" visible="true" version="2" changeset="99874405" timestamp="2021-02-24T05:55:20Z" user="jnmiller" uid="2733735" lat="37.7969417" lon="-122.4567604"/>
 <node id="300726907" visible="true" version="1" changeset="711244" timestamp="2008-09-28T22:14:57Z" user="SteveC" uid="682" lat="37.7970052" lon="-122.4565642"/>
 <node id="300726911" visible="true" version="1" changeset="711244" timestamp="2008-09-28T22:14:58Z" user="SteveC" uid="682" lat="37.7971931" lon="-122.4560135"/>
 <node id="300726916" visible="true" version="1" changeset="711244" timestamp="2008-09-28T22:14:58Z" user="SteveC" uid="682" lat="37.7975095" lon="-122.4554066"/>
 <node id="300726921" visible="true" version="1" changeset="711244" timestamp="2008-09-28T22:14:59Z" user="SteveC" uid="682" lat="37.7976925" lon="-122.4551813"/>
 <node id="332031368" visible="true" version="8" changeset="129955977" timestamp="2022-12-11T09:18:43Z" user="spughetti" uid="16155068" lat="37.7992840" lon="-122.4488021"/>
 <node id="332031422" visible="true" version="5" changeset="5267747" timestamp="2010-07-20T06:56:22Z" user="rabbitface" uid="321578" lat="37.7984056" lon="-122.4490202"/>
 <node id="332031423" visible="true" version="5" changeset="5267747" timestamp="2010-07-20T06:56:22Z" user="rabbitface" uid="321578" lat="37.7984124" lon="-122.4492090"/>
 <node id="332031424" visible="true" version="6" changeset="129955977" timestamp="2022-12-11T09:18:43Z" user="spughetti" uid="16155068" lat="37.7984372" lon="-122.4493822"/>
 <node id="332031425" visible="true" version="7" changeset="166314586" timestamp="2025-05-15T16:50:27Z" user="TheNightRider" uid="1968961" lat="37.7984749" lon="-122.4495192"/>
 <node id="332031426" visible="true" version="7" changeset="129955977" timestamp="2022-12-11T09:18:43Z" user="spughetti" uid="16155068" lat="37.7986532" lon="-122.4500593"/>
 <node id="332031520" visible="true" version="2" changeset="129955977" timestamp="2022-12-11T09:18:43Z" user="spughetti" uid="16155068" lat="37.7987693" lon="-122.4499852"/>
 <node id="332031521" visible="true" version="2" changeset="129955977" timestamp="2022-12-11T09:18:43Z" user="spughetti" uid="16155068" lat="37.7988270" lon="-122.4499431"/>
 <node id="332031522" visible="true" version="3" changeset="129955977" timestamp="2022-12-11T09:18:43Z" user="spughetti" uid="16155068" lat="37.7989030" lon="-122.4499230"/>
 <node id="332031523" visible="true" version="2" changeset="129955977" timestamp="2022-12-11T09:18:43Z" user="spughetti" uid="16155068" lat="37.7989708" lon="-122.4499431"/>
 <node id="332031524" visible="true" version="3" changeset="129955977" timestamp="2022-12-11T09:18:43Z" user="spughetti" uid="16155068" lat="37.7990757" lon="-122.4499857"/>
 <node id="332031525" visible="true" version="3" changeset="129955977" timestamp="2022-12-11T09:18:43Z" user="spughetti" uid="16155068" lat="37.7991607" lon="-122.4499531"/>
 <node id="332031526" visible="true" version="3" changeset="129955977" timestamp="2022-12-11T09:18:43Z" user="spughetti" uid="16155068" lat="37.7992213" lon="-122.4498174"/>
 <node id="332031527" visible="true" version="3" changeset="129955977" timestamp="2022-12-11T09:18:43Z" user="spughetti" uid="16155068" lat="37.7992785" lon="-122.4497340"/>
 <node id="332031528" visible="true" version="3" changeset="129955977" timestamp="2022-12-11T09:18:43Z" user="spughetti" uid="16155068" lat="37.7993838" lon="-122.4496869"/>
 <node id="332031529" visible="true" version="6" changeset="129955977" timestamp="2022-12-11T09:18:43Z" user="spughetti" uid="16155068" lat="37.7994710" lon="-122.4496686"/>
 <node id="332032021" visible="true" version="2" changeset="6431573" timestamp="2010-11-22T13:50:49Z" user="Gregory Arenius" uid="116029" lat="37.7996773" lon="-122.4526293"/>
 <node id="332032022" visible="true" version="2" changeset="6431573" timestamp="2010-11-22T13:48:27Z" user="Gregory Arenius" uid="116029" lat="37.7997976" lon="-122.4524599"/>
 <node id="332032023" visible="true" version="2" changeset="6431573" timestamp="2010-11-22T13:49:25Z" user="Gregory Arenius" uid="116029" lat="37.7995958" lon="-122.4522303"/>
 <node id="332032024" visible="true" version="2" changeset="6431573" timestamp="2010-11-22T13:49:39Z" user="Gregory Arenius" uid="116029" lat="37.7994755" lon="-122.4523996"/>
 <node id="332032191" visible="true" version="5" changeset="168105137" timestamp="2025-06-25T17:16:25Z" user="VLD282" uid="21556038" lat="37.7994873" lon="-122.4511829"/>
 <node id="332032192" visible="true" version="4" changeset="168105137" timestamp="2025-06-25T17:16:25Z" user="VLD282" uid="21556038" lat="37.7994430" lon="-122.4513013"/>
 <node id="332032195" visible="true" version="3" changeset="168105137" timestamp="2025-06-25T17:16:25Z" user="VLD282" uid="21556038" lat="37.7993988" lon="-122.4514797"/>
 <node id="332032197" visible="true" version="5" changeset="168105137" timestamp="2025-06-25T17:16:25Z" user="VLD282" uid="21556038" lat="37.7993873" lon="-122.4515863"/>
 <node id="332032199" visible="true" version="4" changeset="168105137" timestamp="2025-06-25T17:16:25Z" user="VLD282" uid="21556038" lat="37.7994195" lon="-122.4518282"/>
 <node id="332032202" visible="true" version="2" changeset="787170" timestamp="2009-01-14T13:34:27Z" user="Edward" uid="364" lat="37.7994772" lon="-122.4520672"/>
 <node id="332032204" visible="true" version="3" changeset="168104972" timestamp="2025-06-25T17:11:27Z" user="VLD282" uid="21556038" lat="37.7995487" lon="-122.4521823"/>
 <node id="332032206" visible="true" version="3" changeset="168104972" timestamp="2025-06-25T17:11:27Z" user="VLD282" uid="21556038" lat="37.7996417" lon="-122.4522778"/>
 <node id="332032208" visible="true" version="3" changeset="168104972" timestamp="2025-06-25T17:11:27Z" user="VLD282" uid="21556038" lat="37.7997796" lon="-122.4523901"/>
 <node id="332032210" visible="true" version="3" changeset="168104972" timestamp="2025-06-25T17:11:27Z" user="VLD282" uid="21556038" lat="37.7998984" lon="-122.4524556"/>
 <node id="332032212" visible="true" version="7" changeset="168104972" timestamp="2025-06-25T17:11:27Z" user="VLD282" uid="21556038" lat="37.8000895" lon="-122.4524818">
  <tag k="crossing" v="uncontrolled"/>
  <tag k="crossing:markings" v="zebra"/>
  <tag k="highway" v="crossing"/>
 </node>
 <node id="332786691" visible="true" version="2" changeset="5283752" timestamp="2010-07-22T02:50:40Z" user="rabbitface" uid="321578" lat="37.8000873" lon="-122.4547652"/>
 <node id="332786692" visible="true" version="2" changeset="5283752" timestamp="2010-07-22T02:50:40Z" user="rabbitface" uid="321578" lat="37.7999973" lon="-122.4545721"/>
 <node id="332786694" visible="true" version="2" changeset="5283752" timestamp="2010-07-22T02:50:39Z" user="rabbitface" uid="321578" lat="37.7999019" lon="-122.4543629"/>
 <node id="332786702" visible="true" version="2" changeset="242046" timestamp="2009-02-07T02:37:47Z" user="Speight" uid="24452" lat="37.8002053" lon="-122.4550174"/>
 <node id="332787266" visible="true" version="6" changeset="242046" timestamp="2009-02-07T03:11:24Z" user="Speight" uid="24452" lat="37.7925410" lon="-122.4484289"/>
 <node id="332787268" visible="true" version="7" changeset="9570164" timestamp="2011-10-16T09:28:12Z" user="bheinema" uid="416653" lat="37.7924093" lon="-122.4482900"/>
 <node id="332787270" visible="true" version="7" changeset="9570164" timestamp="2011-10-16T09:28:12Z" user="bheinema" uid="416653" lat="37.7922706" lon="-122.4481312"/>
 <node id="334220690" visible="true" version="2" changeset="56563299" timestamp="2018-02-21T22:07:46Z" user="Irina Karachevtseva" uid="5288591" lat="37.7943700" lon="-122.4525115"/>
 <node id="342563422" visible="true" version="4" changeset="33698583" timestamp="2015-08-31T09:09:05Z" user="KindredCoda" uid="14293" lat="37.7983661" lon="-122.4505221"/>
 <node id="342563796" visible="true" version="3" changeset="33698583" timestamp="2015-08-31T09:09:05Z" user="KindredCoda" uid="14293" lat="37.7976034" lon="-122.4508388"/>
 <node id="342564056" visible="true" version="10" changeset="186839591" timestamp="2026-08-02T22:47:09Z" user="John Gilmore" uid="314930" lat="37.7966850" lon="-122.4516619">
  <tag k="crossing" v="uncontrolled"/>
  <tag k="crossing:island" v="no"/>
  <tag k="crossing:markings" v="zebra"/>
  <tag k="crossing:signals" v="no"/>
  <tag k="highway" v="crossing"/>
  <tag k="tactile_paving" v="yes"/>
 </node>
 <node id="342569296" visible="true" version="3" changeset="37242094" timestamp="2016-02-16T09:55:21Z" user="KindredCoda" uid="14293" lat="37.7926520" lon="-122.4478783"/>
 <node id="342569297" visible="true" version="4" changeset="115592544" timestamp="2021-12-31T04:56:28Z" user="Mingwei" uid="14152086" lat="37.7921361" lon="-122.4477749"/>
 <node id="355784551" visible="true" version="6" changeset="33698583" timestamp="2015-08-31T09:09:06Z" user="KindredCoda" uid="14293" lat="37.7985055" lon="-122.4502804"/>
 <node id="355784556" visible="true" version="4" changeset="129955977" timestamp="2022-12-11T09:18:43Z" user="spughetti" uid="16155068" lat="37.7986510" lon="-122.4501745"/>
 <node id="355784559" visible="true" version="3" changeset="81148606" timestamp="2020-02-18T04:58:37Z" user="vbertola" uid="4347030" lat="37.7985502" lon="-122.4502955"/>
 <node id="355784777" visible="true" version="8" changeset="129955846" timestamp="2022-12-11T09:12:55Z" user="spughetti" uid="16155068" lat="37.8000161" lon="-122.4479055"/>
 <node id="355784858" visible="true" version="6" changeset="129955846" timestamp="2022-12-11T09:12:55Z" user="spughetti" uid="16155068" lat="37.8003508" lon="-122.4492119"/>
 <node id="355784974" visible="true" version="9" changeset="169711843" timestamp="2025-07-30T10:09:58Z" user="democat" uid="20300551" lat="37.7999287" lon="-122.4509418">
  <tag k="crossing" v="uncontrolled"/>
  <tag k="crossing:markings" v="zebra"/>
  <tag k="highway" v="crossing"/>
 </node>
 <node id="355785031" visible="true" version="4" changeset="5267747" timestamp="2010-07-20T06:56:21Z" user="rabbitface" uid="321578" lat="37.7993218" lon="-122.4492021"/>
 <node id="355785032" visible="true" version="4" changeset="5267747" timestamp="2010-07-20T06:56:21Z" user="rabbitface" uid="321578" lat="37.7993014" lon="-122.4490733"/>
 <node id="355785033" visible="true" version="4" changeset="5267747" timestamp="2010-07-20T06:56:21Z" user="rabbitface" uid="321578" lat="37.7992879" lon="-122.4489446"/>
 <node id="355785034" visible="true" version="6" changeset="129955846" timestamp="2022-12-11T09:12:55Z" user="spughetti" uid="16155068" lat="37.7993633" lon="-122.4479248"/>
 <node id="355785035" visible="true" version="5" changeset="129955846" timestamp="2022-12-11T09:12:55Z" user="spughetti" uid="16155068" lat="37.7993603" lon="-122.4478398"/>
 <node id="355785036" visible="true" version="6" changeset="129955846" timestamp="2022-12-11T09:12:55Z" user="spughetti" uid="16155068" lat="37.7993550" lon="-122.4477484"/>
 <node id="355785075" visible="true" version="3" changeset="129955846" timestamp="2022-12-11T09:12:55Z" user="spughetti" uid="16155068" lat="37.7995107" lon="-122.4482894"/>
 <node id="355785076" visible="true" version="3" changeset="129955846" timestamp="2022-12-11T09:12:55Z" user="spughetti" uid="16155068" lat="37.7995569" lon="-122.4481539"/>
 <node id="355785077" visible="true" version="3" changeset="129955846" timestamp="2022-12-11T09:12:55Z" user="spughetti" uid="16155068" lat="37.7996623" lon="-122.4480076"/>
 <node id="355785079" visible="true" version="3" changeset="129955846" timestamp="2022-12-11T09:12:55Z" user="spughetti" uid="16155068" lat="37.7997367" lon="-122.4479568"/>
 <node id="355785080" visible="true" version="2" changeset="129955846" timestamp="2022-12-11T09:12:55Z" user="spughetti" uid="16155068" lat="37.7998405" lon="-122.4479039"/>
 <node id="355786218" visible="true" version="5" changeset="38018206" timestamp="2016-03-23T11:25:57Z" user="oini" uid="3057995" lat="37.7998985" lon="-122.4516485"/>
 <node id="355786326" visible="true" version="5" changeset="169711843" timestamp="2025-07-30T10:09:58Z" user="democat" uid="20300551" lat="37.7998590" lon="-122.4515621"/>
 <node id="355786327" visible="true" version="6" changeset="169711843" timestamp="2025-07-30T10:09:58Z" user="democat" uid="20300551" lat="37.8011812" lon="-122.4507017"/>
 <node id="367073666" visible="true" version="4" changeset="870773" timestamp="2009-03-29T22:21:23Z" user="RaffyO" uid="81497" lat="37.7976292" lon="-122.4493194"/>
 <node id="367073667" visible="true" version="4" changeset="870773" timestamp="2009-03-29T22:21:23Z" user="RaffyO" uid="81497" lat="37.7976496" lon="-122.4495769"/>
 <node id="367073669" visible="true" version="4" changeset="870773" timestamp="2009-03-29T22:21:23Z" user="RaffyO" uid="81497" lat="37.7976971" lon="-122.4499888"/>
 <node id="367073670" visible="true" version="4" changeset="870773" timestamp="2009-03-29T22:21:23Z" user="RaffyO" uid="81497" lat="37.7977717" lon="-122.4502892"/>
 <node id="367073671" visible="true" version="5" changeset="870773" timestamp="2009-03-29T22:21:23Z" user="RaffyO" uid="81497" lat="37.7978531" lon="-122.4504695"/>
 <node id="367073672" visible="true" version="4" changeset="870773" timestamp="2009-03-29T22:21:23Z" user="RaffyO" uid="81497" lat="37.7979887" lon="-122.4507270"/>
 <node id="367073673" visible="true" version="7" changeset="101533652" timestamp="2021-03-22T23:42:54Z" user="jnmiller" uid="2733735" lat="37.7981510" lon="-122.4509260"/>
 <node id="367073674" visible="true" version="3" changeset="101533652" timestamp="2021-03-22T23:42:54Z" user="jnmiller" uid="2733735" lat="37.7983283" lon="-122.4510968"/>
 <node id="367073675" visible="true" version="3" changeset="101533652" timestamp="2021-03-22T23:42:54Z" user="jnmiller" uid="2733735" lat="37.7984152" lon="-122.4511407"/>
 <node id="367073806" visible="true" version="2" changeset="101533652" timestamp="2021-03-22T23:42:54Z" user="jnmiller" uid="2733735" lat="37.7981933" lon="-122.4508277"/>
 <node id="367073862" visible="true" version="4" changeset="101533652" timestamp="2021-03-22T23:42:54Z" user="jnmiller" uid="2733735" lat="37.7979850" lon="-122.4512919"/>
 <node id="367073863" visible="true" version="2" changeset="101533652" timestamp="2021-03-22T23:42:54Z" user="jnmiller" uid="2733735" lat="37.7978497" lon="-122.4512874"/>
 <node id="367073864" visible="true" version="2" changeset="101533652" timestamp="2021-03-22T23:42:54Z" user="jnmiller" uid="2733735" lat="37.7977547" lon="-122.4511934"/>
 <node id="367073996" visible="true" version="1" changeset="870773" timestamp="2009-03-29T22:21:23Z" user="RaffyO" uid="81497" lat="37.7981311" lon="-122.4510360"/>
 <node id="367073997" visible="true" version="2" changeset="5377432" timestamp="2010-08-02T06:36:13Z" user="rabbitface" uid="321578" lat="37.7980960" lon="-122.4512289"/>
 <node id="367073998" visible="true" version="2" changeset="101533652" timestamp="2021-03-22T23:42:54Z" user="jnmiller" uid="2733735" lat="37.7978906" lon="-122.4511615"/>
 <node id="367073999" visible="true" version="2" changeset="5377432" timestamp="2010-08-02T06:36:13Z" user="rabbitface" uid="321578" lat="37.7978152" lon="-122.4509888"/>
 <node id="367074000" visible="true" version="2" changeset="5377432" timestamp="2010-08-02T06:36:13Z" user="rabbitface" uid="321578" lat="37.7978130" lon="-122.4507984"/>
 <node id="367074001" visible="true" version="2" changeset="5377432" timestamp="2010-08-02T06:36:13Z" user="rabbitface" uid="321578" lat="37.7978427" lon="-122.4506254"/>
 <node id="367074045" visible="true" version="2" changeset="5300659" timestamp="2010-07-24T04:23:37Z" user="rabbitface" uid="321578" lat="37.7980200" lon="-122.4489313"/>
 <node id="367074046" visible="true" version="3" changeset="33698583" timestamp="2015-08-31T09:09:06Z" user="KindredCoda" uid="14293" lat="37.7980539" lon="-122.4491573"/>
 <node id="367074048" visible="true" version="3" changeset="33698583" timestamp="2015-08-31T09:09:06Z" user="KindredCoda" uid="14293" lat="37.7979703" lon="-122.4495340"/>
 <node id="367074905" visible="true" version="3" changeset="71162705" timestamp="2019-06-12T02:37:14Z" user="KindredCoda" uid="14293" lat="37.7966366" lon="-122.4492841"/>
 <node id="367074909" visible="true" version="3" changeset="71162705" timestamp="2019-06-12T02:37:14Z" user="KindredCoda" uid="14293" lat="37.7965599" lon="-122.4493070"/>
 <node id="367074913" visible="true" version="3" changeset="71162705" timestamp="2019-06-12T02:37:14Z" user="KindredCoda" uid="14293" lat="37.7965146" lon="-122.4490648"/>
 <node id="367074916" visible="true" version="3" changeset="71162705" timestamp="2019-06-12T02:37:14Z" user="KindredCoda" uid="14293" lat="37.7965913" lon="-122.4490418"/>
 <node id="367074993" visible="true" version="3" changeset="71162705" timestamp="2019-06-12T02:37:14Z" user="KindredCoda" uid="14293" lat="37.7967099" lon="-122.4496949"/>
 <node id="367074994" visible="true" version="3" changeset="71162705" timestamp="2019-06-12T02:37:14Z" user="KindredCoda" uid="14293" lat="37.7966334" lon="-122.4497164"/>
 <node id="367074995" visible="true" version="3" changeset="71162705" timestamp="2019-06-12T02:37:14Z" user="KindredCoda" uid="14293" lat="37.7965901" lon="-122.4494693"/>
 <node id="367074997" visible="true" version="3" changeset="71162705" timestamp="2019-06-12T02:37:14Z" user="KindredCoda" uid="14293" lat="37.7966666" lon="-122.4494478"/>
 <node id="367075023" visible="true" version="3" changeset="71162705" timestamp="2019-06-12T02:37:14Z" user="KindredCoda" uid="14293" lat="37.7967673" lon="-122.4501069"/>
 <node id="367075025" visible="true" version="3" changeset="71162705" timestamp="2019-06-12T02:37:14Z" user="KindredCoda" uid="14293" lat="37.7966902" lon="-122.4501231"/>
 <node id="367075026" visible="true" version="3" changeset="71162705" timestamp="2019-06-12T02:37:14Z" user="KindredCoda" uid="14293" lat="37.7966579" lon="-122.4498764"/>
 <node id="367075027" visible="true" version="3" changeset="71162705" timestamp="2019-06-12T02:37:14Z" user="KindredCoda" uid="14293" lat="37.7967349" lon="-122.4498603"/>
 <node id="367075099" visible="true" version="3" changeset="71162705" timestamp="2019-06-12T02:37:14Z" user="KindredCoda" uid="14293" lat="37.7968090" lon="-122.4505238"/>
 <node id="367075100" visible="true" version="3" changeset="71162705" timestamp="2019-06-12T02:37:14Z" user="KindredCoda" uid="14293" lat="37.7967270" lon="-122.4505353"/>
 <node id="367075101" visible="true" version="3" changeset="71162705" timestamp="2019-06-12T02:37:14Z" user="KindredCoda" uid="14293" lat="37.7967050" lon="-122.4502837"/>
 <node id="367075102" visible="true" version="3" changeset="71162705" timestamp="2019-06-12T02:37:14Z" user="KindredCoda" uid="14293" lat="37.7967870" lon="-122.4502722"/>
 <node id="367075138" visible="true" version="3" changeset="71162705" timestamp="2019-06-12T02:37:14Z" user="KindredCoda" uid="14293" lat="37.7968328" lon="-122.4509323"/>
 <node id="367075139" visible="true" version="3" changeset="71162705" timestamp="2019-06-12T02:37:14Z" user="KindredCoda" uid="14293" lat="37.7967519" lon="-122.4509393"/>
 <node id="367075140" visible="true" version="3" changeset="71162705" timestamp="2019-06-12T02:37:14Z" user="KindredCoda" uid="14293" lat="37.7967385" lon="-122.4506901"/>
 <node id="367075141" visible="true" version="3" changeset="71162705" timestamp="2019-06-12T02:37:14Z" user="KindredCoda" uid="14293" lat="37.7968194" lon="-122.4506831"/>
 <node id="367075200" visible="true" version="3" changeset="71162705" timestamp="2019-06-12T02:37:14Z" user="KindredCoda" uid="14293" lat="37.7968411" lon="-122.4513410"/>
 <node id="367075202" visible="true" version="3" changeset="71162705" timestamp="2019-06-12T02:37:14Z" user="KindredCoda" uid="14293" lat="37.7967636" lon="-122.4513429"/>
 <node id="367075204" visible="true" version="3" changeset="71162705" timestamp="2019-06-12T02:37:14Z" user="KindredCoda" uid="14293" lat="37.7967597" lon="-122.4510928"/>
 <node id="367075205" visible="true" version="3" changeset="71162705" timestamp="2019-06-12T02:37:14Z" user="KindredCoda" uid="14293" lat="37.7968372" lon="-122.4510909"/>
 <node id="367076957" visible="true" version="5" changeset="175089021" timestamp="2025-11-24T23:32:47Z" user="VLD170" uid="11417369" lat="37.7986567" lon="-122.4523450"/>
 <node id="367076959" visible="true" version="6" changeset="175089021" timestamp="2025-11-24T23:32:47Z" user="VLD170" uid="11417369" lat="37.7987360" lon="-122.4526702"/>
 <node id="367076962" visible="true" version="6" changeset="175089021" timestamp="2025-11-24T23:32:47Z" user="VLD170" uid="11417369" lat="37.7987525" lon="-122.4530155"/>
 <node id="367076964" visible="true" version="6" changeset="175089021" timestamp="2025-11-24T23:32:47Z" user="VLD170" uid="11417369" lat="37.7987112" lon="-122.4531717"/>
 <node id="367076969" visible="true" version="8" changeset="33438533" timestamp="2015-08-19T12:45:55Z" user="jinalfoflia" uid="2847988" lat="37.7986671" lon="-122.4535794"/>
 <node id="367077215" visible="true" version="5" changeset="175089021" timestamp="2025-11-24T23:32:47Z" user="VLD170" uid="11417369" lat="37.7987972" lon="-122.4522603"/>
 <node id="367077221" visible="true" version="4" changeset="175089021" timestamp="2025-11-24T23:32:47Z" user="VLD170" uid="11417369" lat="37.7988713" lon="-122.4526479"/>
 <node id="367077223" visible="true" version="4" changeset="175089021" timestamp="2025-11-24T23:32:47Z" user="VLD170" uid="11417369" lat="37.7989031" lon="-122.4530289"/>
 <node id="367077313" visible="true" version="3" changeset="5377432" timestamp="2010-08-02T06:36:14Z" user="rabbitface" uid="321578" lat="37.7985930" lon="-122.4522012"/>
 <node id="367079723" visible="true" version="5" changeset="129955449" timestamp="2022-12-11T08:51:26Z" user="spughetti" uid="16155068" lat="37.8002418" lon="-122.4488201"/>
 <node id="367090265" visible="true" version="2" changeset="100878125" timestamp="2021-03-12T05:18:50Z" user="jnmiller" uid="2733735" lat="37.8006695" lon="-122.4546018"/>
 <node id="367090266" visible="true" version="2" changeset="100878125" timestamp="2021-03-12T05:18:50Z" user="jnmiller" uid="2733735" lat="37.8006087" lon="-122.4544503"/>
 <node id="367090267" visible="true" version="2" changeset="100878125" timestamp="2021-03-12T05:18:50Z" user="jnmiller" uid="2733735" lat="37.8006344" lon="-122.4544288"/>
 <node id="367090268" visible="true" version="2" changeset="100878125" timestamp="2021-03-12T05:18:50Z" user="jnmiller" uid="2733735" lat="37.8005481" lon="-122.4542260"/>
 <node id="367090269" visible="true" version="2" changeset="100878125" timestamp="2021-03-12T05:18:50Z" user="jnmiller" uid="2733735" lat="37.8005080" lon="-122.4541425"/>
 <node id="367090270" visible="true" version="2" changeset="100878125" timestamp="2021-03-12T05:18:50Z" user="jnmiller" uid="2733735" lat="37.8003437" lon="-122.4539654"/>
 <node id="367090271" visible="true" version="2" changeset="100878125" timestamp="2021-03-12T05:18:50Z" user="jnmiller" uid="2733735" lat="37.7998990" lon="-122.4542417"/>
 <node id="367090272" visible="true" version="2" changeset="100878125" timestamp="2021-03-12T05:18:50Z" user="jnmiller" uid="2733735" lat="37.8002394" lon="-122.4549316"/>
 <node id="369130291" visible="true" version="6" changeset="33698583" timestamp="2015-08-31T09:09:06Z" user="KindredCoda" uid="14293" lat="37.7986162" lon="-122.4502618"/>
 <node id="369130292" visible="true" version="4" changeset="33698583" timestamp="2015-08-31T09:09:06Z" user="KindredCoda" uid="14293" lat="37.7986260" lon="-122.4502214"/>
 <node id="369130293" visible="true" version="4" changeset="33698583" timestamp="2015-08-31T09:09:06Z" user="KindredCoda" uid="14293" lat="37.7986144" lon="-122.4500293"/>
 <node id="369130294" visible="true" version="4" changeset="33698583" timestamp="2015-08-31T09:09:06Z" user="KindredCoda" uid="14293" lat="37.7984578" lon="-122.4496084"/>
 <node id="369130295" visible="true" version="4" changeset="33698583" timestamp="2015-08-31T09:09:06Z" user="KindredCoda" uid="14293" lat="37.7984121" lon="-122.4496335"/>
 <node id="369130296" visible="true" version="4" changeset="33698583" timestamp="2015-08-31T09:09:06Z" user="KindredCoda" uid="14293" lat="37.7985702" lon="-122.4500537"/>
 <node id="369130297" visible="true" version="4" changeset="33698583" timestamp="2015-08-31T09:09:06Z" user="KindredCoda" uid="14293" lat="37.7985801" lon="-122.4501138"/>
 <node id="369130298" visible="true" version="4" changeset="33698583" timestamp="2015-08-31T09:09:06Z" user="KindredCoda" uid="14293" lat="37.7985663" lon="-122.4502428"/>
 <node id="369131351" visible="true" version="1" changeset="104760" timestamp="2009-04-03T03:16:54Z" user="RaffyO" uid="81497" lat="37.7943415" lon="-122.4515796"/>
 <node id="369131646" visible="true" version="4" changeset="93580906" timestamp="2020-11-05T06:40:56Z" user="Ajsnotlost" uid="4454642" lat="37.7953659" lon="-122.4536976"/>
 <node id="369131647" visible="true" version="4" changeset="93580906" timestamp="2020-11-05T06:40:56Z" user="Ajsnotlost" uid="4454642" lat="37.7953912" lon="-122.4531330"/>
 <node id="369131648" visible="true" version="4" changeset="93580906" timestamp="2020-11-05T06:40:56Z" user="Ajsnotlost" uid="4454642" lat="37.7944078" lon="-122.4530682"/>
 <node id="369131649" visible="true" version="4" changeset="93580906" timestamp="2020-11-05T06:40:56Z" user="Ajsnotlost" uid="4454642" lat="37.7943848" lon="-122.4536272"/>
 <node id="369131756" visible="true" version="1" changeset="104760" timestamp="2009-04-03T03:20:58Z" user="RaffyO" uid="81497" lat="37.7957790" lon="-122.4532795"/>
 <node id="369131758" visible="true" version="1" changeset="104760" timestamp="2009-04-03T03:20:58Z" user="RaffyO" uid="81497" lat="37.7955145" lon="-122.4533396"/>
 <node id="369131759" visible="true" version="1" changeset="104760" timestamp="2009-04-03T03:20:58Z" user="RaffyO" uid="81497" lat="37.7955077" lon="-122.4536314"/>
 <node id="369131760" visible="true" version="1" changeset="104760" timestamp="2009-04-03T03:20:58Z" user="RaffyO" uid="81497" lat="37.7959554" lon="-122.4538117"/>
 <node id="369132115" visible="true" version="2" changeset="6431573" timestamp="2010-11-22T13:49:41Z" user="Gregory Arenius" uid="116029" lat="37.7960849" lon="-122.4534132"/>
 <node id="369132116" visible="true" version="2" changeset="6431573" timestamp="2010-11-22T13:49:55Z" user="Gregory Arenius" uid="116029" lat="37.7960430" lon="-122.4531903"/>
 <node id="369132117" visible="true" version="2" changeset="6431573" timestamp="2010-11-22T13:50:33Z" user="Gregory Arenius" uid="116029" lat="37.7959343" lon="-122.4532231"/>
 <node id="369132118" visible="true" version="2" changeset="6431573" timestamp="2010-11-22T13:48:03Z" user="Gregory Arenius" uid="116029" lat="37.7959762" lon="-122.4534460"/>
 <node id="369132307" visible="true" version="2" changeset="6431573" timestamp="2010-11-22T13:48:07Z" user="Gregory Arenius" uid="116029" lat="37.7956661" lon="-122.4525931"/>
 <node id="369132308" visible="true" version="2" changeset="6431573" timestamp="2010-11-22T13:48:22Z" user="Gregory Arenius" uid="116029" lat="37.7956486" lon="-122.4525105"/>
 <node id="369132309" visible="true" version="2" changeset="6431573" timestamp="2010-11-22T13:49:21Z" user="Gregory Arenius" uid="116029" lat="37.7958242" lon="-122.4524510"/>
 <node id="369132310" visible="true" version="2" changeset="6431573" timestamp="2010-11-22T13:50:36Z" user="Gregory Arenius" uid="116029" lat="37.7958416" lon="-122.4525336"/>
 <node id="369132506" visible="true" version="3" changeset="11740644" timestamp="2012-05-29T18:01:30Z" user="Gregory Arenius" uid="116029" lat="37.7972046" lon="-122.4544141"/>
 <node id="369132507" visible="true" version="2" changeset="11740644" timestamp="2012-05-29T18:01:30Z" user="Gregory Arenius" uid="116029" lat="37.7971632" lon="-122.4543904"/>
 <node id="369132508" visible="true" version="2" changeset="11740644" timestamp="2012-05-29T18:01:30Z" user="Gregory Arenius" uid="116029" lat="37.7969314" lon="-122.4542821"/>
 <node id="369132509" visible="true" version="2" changeset="11740644" timestamp="2012-05-29T18:01:30Z" user="Gregory Arenius" uid="116029" lat="37.7966529" lon="-122.4542138"/>
 <node id="369132510" visible="true" version="2" changeset="11740644" timestamp="2012-05-29T18:01:30Z" user="Gregory Arenius" uid="116029" lat="37.7965126" lon="-122.4542262"/>
 <node id="613315049" visible="true" version="1" changeset="3614673" timestamp="2010-01-14T03:01:55Z" user="StellanL" uid="28775" lat="37.7940062" lon="-122.4544510"/>
 <node id="613315050" visible="true" version="4" changeset="58520414" timestamp="2018-04-29T07:53:11Z" user="KindredCoda" uid="14293" lat="37.7988613" lon="-122.4522008"/>
 <node id="613315051" visible="true" version="2" changeset="175089021" timestamp="2025-11-24T23:32:47Z" user="VLD170" uid="11417369" lat="37.7988731" lon="-122.4531967"/>
 <node id="613315052" visible="true" version="5" changeset="175089021" timestamp="2025-11-24T23:32:47Z" user="VLD170" uid="11417369" lat="37.7986049" lon="-122.4519273"/>
 <node id="613315053" visible="true" version="2" changeset="5292167" timestamp="2010-07-23T02:07:29Z" user="rabbitface" uid="321578" lat="37.7966397" lon="-122.4516600"/>
 <node id="613315054" visible="true" version="5" changeset="59171443" timestamp="2018-05-22T07:13:13Z" user="ionutr_telenav" uid="4930407" lat="37.7965190" lon="-122.4518282"/>
 <node id="613315055" visible="true" version="2" changeset="59171443" timestamp="2018-05-22T07:13:14Z" user="ionutr_telenav" uid="4930407" lat="37.7964744" lon="-122.4518767"/>
 <node id="613315057" visible="true" version="6" changeset="172544131" timestamp="2025-09-27T20:46:05Z" user="d3ef" uid="20167236" lat="37.7983245" lon="-122.4506958">
  <tag k="crossing" v="uncontrolled;marked"/>
  <tag k="crossing:island" v="no"/>
  <tag k="highway" v="crossing"/>
  <tag k="tactile_paving" v="incorrect"/>
 </node>
 <node id="613315058" visible="true" version="3" changeset="175089021" timestamp="2025-11-24T23:32:47Z" user="VLD170" uid="11417369" lat="37.7985042" lon="-122.4520611"/>
 <node id="630748499" visible="true" version="13" changeset="124457584" timestamp="2022-08-04T01:07:29Z" user="user4816003805" uid="4186070" lat="37.7992045" lon="-122.4517551">
  <tag k="bench" v="yes"/>
  <tag k="bin" v="yes"/>
  <tag k="bus" v="yes"/>
  <tag k="highway" v="bus_stop"/>
  <tag k="name" v="Tide Building"/>
  <tag k="network" v="Muni;PresidiGo"/>
  <tag k="operator" v="San Francisco Municipal Railway"/>
  <tag k="public_transport" v="platform"/>
  <tag k="shelter" v="no"/>
  <tag k="tactile_paving" v="no"/>
  <tag k="wheelchair" v="yes"/>
 </node>
 <node id="665688981" visible="true" version="18" changeset="173370781" timestamp="2025-10-16T14:58:14Z" user="spughetti" uid="16155068" lat="37.7988199" lon="-122.4504860">
  <tag k="alt_name" v="Yoda Statue"/>
  <tag k="amenity" v="fountain"/>
  <tag k="artist_name" v="Lawrence Noble"/>
  <tag k="artwork_type" v="statue"/>
  <tag k="material" v="bronze"/>
  <tag k="name" v="Yoda Fountain"/>
  <tag k="source" v="https://www.nps.gov/places/000/yoda-fountain.htm"/>
  <tag k="start_date" v="2005"/>
  <tag k="subject:wikidata" v="Q51730"/>
  <tag k="tourism" v="artwork"/>
  <tag k="website" v="https://www.lucasfilm.com/news/history-in-objects-the-yoda-fountain/"/>
  <tag k="wheelchair" v="yes"/>
  <tag k="wikidata" v="Q106763424"/>
  <tag k="wikimedia_commons" v="Category:Yoda Fountain"/>
  <tag k="wikipedia" v="en:Yoda Fountain"/>
 </node>
 <node id="828411483" visible="true" version="3" changeset="169711843" timestamp="2025-07-30T10:09:58Z" user="democat" uid="20300551" lat="37.8001348" lon="-122.4513775">
  <tag k="crossing" v="unmarked"/>
  <tag k="crossing:markings" v="no"/>
  <tag k="highway" v="crossing"/>
 </node>
 <node id="828411484" visible="true" version="2" changeset="166678394" timestamp="2025-05-24T00:35:53Z" user="mapadu" uid="9755853" lat="37.7999969" lon="-122.4510225"/>
 <node id="828411485" visible="true" version="2" changeset="166678394" timestamp="2025-05-24T00:35:53Z" user="mapadu" uid="9755853" lat="37.8000199" lon="-122.4509340"/>
 <node id="828416030" visible="true" version="3" changeset="22968941" timestamp="2014-06-16T17:32:58Z" user="Rub21" uid="510836" lat="37.7996734" lon="-122.4551438"/>
 <node id="828416031" visible="true" version="3" changeset="22968941" timestamp="2014-06-16T17:32:58Z" user="Rub21" uid="510836" lat="37.7999995" lon="-122.4548901"/>
 <node id="828416032" visible="true" version="3" changeset="22968941" timestamp="2014-06-16T17:32:58Z" user="Rub21" uid="510836" lat="37.7997448" lon="-122.4543659"/>
 <node id="828416033" visible="true" version="3" changeset="22968941" timestamp="2014-06-16T17:32:58Z" user="Rub21" uid="510836" lat="37.7994188" lon="-122.4546196"/>
 <node id="828416034" visible="true" version="1" changeset="5283752" timestamp="2010-07-22T02:50:40Z" user="rabbitface" uid="321578" lat="37.8003671" lon="-122.4540410"/>
 <node id="828416035" visible="true" version="1" changeset="5283752" timestamp="2010-07-22T02:50:40Z" user="rabbitface" uid="321578" lat="37.8004593" lon="-122.4542462"/>
 <node id="828416036" visible="true" version="1" changeset="5283752" timestamp="2010-07-22T02:50:40Z" user="rabbitface" uid="321578" lat="37.8005483" lon="-122.4544313"/>
 <node id="828416037" visible="true" version="1" changeset="5283752" timestamp="2010-07-22T02:50:40Z" user="rabbitface" uid="321578" lat="37.8006559" lon="-122.4546788"/>
 <node id="828416082" visible="true" version="2" changeset="5377432" timestamp="2010-08-02T06:36:10Z" user="rabbitface" uid="321578" lat="37.7997629" lon="-122.4526035"/>
 <node id="828416083" visible="true" version="2" changeset="56524066" timestamp="2018-02-20T15:36:42Z" user="Irina Karachevtseva" uid="5288591" lat="37.7995575" lon="-122.4523512"/>
 <node id="828416089" visible="true" version="3" changeset="167144313" timestamp="2025-06-03T17:04:18Z" user="jhaluska80" uid="20446106" lat="37.7957780" lon="-122.4490171"/>
 <node id="828416090" visible="true" version="2" changeset="37431646" timestamp="2016-02-25T10:10:22Z" user="oba510" uid="933797" lat="37.7959400" lon="-122.4487270"/>
 <node id="828416091" visible="true" version="3" changeset="167144313" timestamp="2025-06-03T17:04:18Z" user="jhaluska80" uid="20446106" lat="37.7960851" lon="-122.4484882"/>
 <node id="828416092" visible="true" version="1" changeset="5283752" timestamp="2010-07-22T02:50:50Z" user="rabbitface" uid="321578" lat="37.7966424" lon="-122.4514715"/>
 <node id="828416093" visible="true" version="2" changeset="158435310" timestamp="2024-10-27T23:56:58Z" user="mthalvorson" uid="20476667" lat="37.7965259" lon="-122.4514522"/>
 <node id="828416094" visible="true" version="2" changeset="158435310" timestamp="2024-10-27T23:56:58Z" user="mthalvorson" uid="20476667" lat="37.7965176" lon="-122.4512963"/>
 <node id="828416095" visible="true" version="1" changeset="5283752" timestamp="2010-07-22T02:50:50Z" user="rabbitface" uid="321578" lat="37.7962915" lon="-122.4510289"/>
 <node id="828416096" visible="true" version="2" changeset="167144313" timestamp="2025-06-03T17:04:18Z" user="jhaluska80" uid="20446106" lat="37.7962321" lon="-122.4507700"/>
 <node id="828416097" visible="true" version="2" changeset="167144313" timestamp="2025-06-03T17:04:18Z" user="jhaluska80" uid="20446106" lat="37.7961319" lon="-122.4506272"/>
 <node id="828416098" visible="true" version="2" changeset="37242094" timestamp="2016-02-16T09:55:21Z" user="KindredCoda" uid="14293" lat="37.7939099" lon="-122.4500080"/>
 <node id="829661401" visible="true" version="4" changeset="128085367" timestamp="2022-10-26T13:34:18Z" user="spughetti" uid="16155068" lat="37.7918824" lon="-122.4523694"/>
 <node id="829661402" visible="true" version="3" changeset="55297672" timestamp="2018-01-09T16:26:30Z" user="naoliv" uid="463507" lat="37.7916880" lon="-122.4536522"/>
 <node id="829661413" visible="true" version="2" changeset="128085367" timestamp="2022-10-26T13:34:18Z" user="spughetti" uid="16155068" lat="37.7914568" lon="-122.4523056"/>
 <node id="829661469" visible="true" version="2" changeset="6431573" timestamp="2010-11-22T13:49:13Z" user="Gregory Arenius" uid="116029" lat="37.7987561" lon="-122.4549382"/>
 <node id="829661471" visible="true" version="2" changeset="6431573" timestamp="2010-11-22T13:47:26Z" user="Gregory Arenius" uid="116029" lat="37.7989388" lon="-122.4549044"/>
 <node id="829661473" visible="true" version="2" changeset="6431573" timestamp="2010-11-22T13:49:32Z" user="Gregory Arenius" uid="116029" lat="37.7989041" lon="-122.4546045"/>
 <node id="829661475" visible="true" version="2" changeset="6431573" timestamp="2010-11-22T13:47:37Z" user="Gregory Arenius" uid="116029" lat="37.7987214" lon="-122.4546384"/>
 <node id="829661482" visible="true" version="1" changeset="5292167" timestamp="2010-07-23T02:07:45Z" user="rabbitface" uid="321578" lat="37.7993224" lon="-122.4516593"/>
 <node id="829661483" visible="true" version="1" changeset="5292167" timestamp="2010-07-23T02:07:45Z" user="rabbitface" uid="321578" lat="37.7987840" lon="-122.4513858"/>
 <node id="829661484" visible="true" version="2" changeset="5377432" timestamp="2010-08-02T06:36:06Z" user="rabbitface" uid="321578" lat="37.7989024" lon="-122.4515427"/>
 <node id="829661485" visible="true" version="2" changeset="5377432" timestamp="2010-08-02T06:36:06Z" user="rabbitface" uid="321578" lat="37.7990254" lon="-122.4519745"/>
 <node id="829661486" visible="true" version="2" changeset="5377432" timestamp="2010-08-02T06:36:06Z" user="rabbitface" uid="321578" lat="37.7991144" lon="-122.4522615"/>
 <node id="829661487" visible="true" version="3" changeset="101533652" timestamp="2021-03-22T23:42:54Z" user="jnmiller" uid="2733735" lat="37.7991888" lon="-122.4524123"/>
 <node id="830825687" visible="true" version="9" changeset="166678394" timestamp="2025-05-24T00:35:53Z" user="mapadu" uid="9755853" lat="37.7992577" lon="-122.4493510">
  <tag k="addr:city" v="San Francisco"/>
  <tag k="addr:housenumber" v="1"/>
  <tag k="addr:postcode" v="94129"/>
  <tag k="addr:state" v="CA"/>
  <tag k="addr:street" v="Letterman Drive"/>
  <tag k="addr:unit" v="C"/>
  <tag k="amenity" v="cafe"/>
  <tag k="branch" v="Presidio &amp; Letterman"/>
  <tag k="brand" v="Starbucks"/>
  <tag k="brand:wikidata" v="Q37158"/>
  <tag k="cuisine" v="coffee_shop"/>
  <tag k="drive_through" v="no"/>
  <tag k="name" v="Starbucks"/>
  <tag k="official_name" v="Starbucks Coffee"/>
  <tag k="outdoor_seating" v="yes"/>
  <tag k="phone" v="+1 415-441-1740"/>
  <tag k="ref" v="6663"/>
  <tag k="takeaway" v="yes"/>
  <tag k="website" v="https://www.starbucks.com/store-locator/store/6663/presidio-letterman-1-letterman-drive-building-c-san-francisco-ca-9412"/>
  <tag k="wheelchair" v="yes"/>
 </node>
 <node id="831556560" visible="true" version="4" changeset="129960123" timestamp="2022-12-11T11:53:20Z" user="spughetti" uid="16155068" lat="37.7991556" lon="-122.4505528">
  <tag k="addr:city" v="San Francisco"/>
  <tag k="addr:housenumber" v="1"/>
  <tag k="addr:postcode" v="94129"/>
  <tag k="addr:state" v="CA"/>
  <tag k="addr:street" v="Letterman Drive"/>
 </node>
 <node id="831556579" visible="true" version="5" changeset="21429982" timestamp="2014-03-31T23:01:21Z" user="woodpeck_repair" uid="145231" lat="37.7997104" lon="-122.4519088">
  <tag k="leisure" v="picnic_table"/>
 </node>
 <node id="831556616" visible="true" version="3" changeset="166281511" timestamp="2025-05-15T01:01:14Z" user="TheNightRider" uid="1968961" lat="37.7981482" lon="-122.4489323"/>
 <node id="842953116" visible="true" version="2" changeset="175089021" timestamp="2025-11-24T23:32:47Z" user="VLD170" uid="11417369" lat="37.7986985" lon="-122.4534296"/>
 <node id="842953119" visible="true" version="3" changeset="175089021" timestamp="2025-11-24T23:32:47Z" user="VLD170" uid="11417369" lat="37.7986816" lon="-122.4533657"/>
 <node id="842953121" visible="true" version="2" changeset="175089021" timestamp="2025-11-24T23:32:47Z" user="VLD170" uid="11417369" lat="37.7987049" lon="-122.4532981"/>
 <node id="842953122" visible="true" version="3" changeset="175089021" timestamp="2025-11-24T23:32:47Z" user="VLD170" uid="11417369" lat="37.7987016" lon="-122.4532026"/>
 <node id="842953148" visible="true" version="2" changeset="101533652" timestamp="2021-03-22T23:42:54Z" user="jnmiller" uid="2733735" lat="37.7993795" lon="-122.4526246">
  <tag k="barrier" v="kerb"/>
  <tag k="kerb" v="flush"/>
  <tag k="tactile_paving" v="yes"/>
  <tag k="wheelchair" v="yes"/>
 </node>
 <node id="842953151" visible="true" version="2" changeset="168104972" timestamp="2025-06-25T17:11:27Z" user="VLD282" uid="21556038" lat="37.7995277" lon="-122.4526769"/>
 <node id="842953153" visible="true" version="2" changeset="168104972" timestamp="2025-06-25T17:11:27Z" user="VLD282" uid="21556038" lat="37.7997790" lon="-122.4527309"/>
 <node id="842953158" visible="true" version="3" changeset="99884613" timestamp="2021-02-24T08:03:15Z" user="bhalperin28" uid="3130496" lat="37.8000548" lon="-122.4526832"/>
 <node id="842953229" visible="true" version="1" changeset="5377432" timestamp="2010-08-02T06:36:10Z" user="rabbitface" uid="321578" lat="37.7998360" lon="-122.4526384"/>
 <node id="842953237" visible="true" version="2" changeset="116527395" timestamp="2022-01-24T07:15:56Z" user="willkmis" uid="11523236" lat="37.7978645" lon="-122.4545378"/>
 <node id="842953261" visible="true" version="2" changeset="175089021" timestamp="2025-11-24T23:32:47Z" user="VLD170" uid="11417369" lat="37.7988989" lon="-122.4528161"/>
 <node id="842953279" visible="true" version="2" changeset="168104972" timestamp="2025-06-25T17:11:27Z" user="VLD282" uid="21556038" lat="37.8000257" lon="-122.4525028"/>
 <node id="842953287" visible="true" version="1" changeset="5377432" timestamp="2010-08-02T06:36:13Z" user="rabbitface" uid="321578" lat="37.7981278" lon="-122.4511471"/>
 <node id="842953291" visible="true" version="1" changeset="5377432" timestamp="2010-08-02T06:36:13Z" user="rabbitface" uid="321578" lat="37.7980462" lon="-122.4512704"/>
 <node id="984567729" visible="true" version="2" changeset="167144313" timestamp="2025-06-03T17:04:18Z" user="jhaluska80" uid="20446106" lat="37.7945815" lon="-122.4483127"/>
 <node id="984567731" visible="true" version="2" changeset="167144313" timestamp="2025-06-03T17:04:18Z" user="jhaluska80" uid="20446106" lat="37.7948709" lon="-122.4485173"/>
 <node id="984567733" visible="true" version="2" changeset="167144313" timestamp="2025-06-03T17:04:18Z" user="jhaluska80" uid="20446106" lat="37.7949704" lon="-122.4486876"/>
 <node id="984567736" visible="true" version="2" changeset="167144313" timestamp="2025-06-03T17:04:18Z" user="jhaluska80" uid="20446106" lat="37.7950956" lon="-122.4490470"/>
 <node id="984567745" visible="true" version="1" changeset="6338038" timestamp="2010-11-10T18:35:28Z" user="StellanL" uid="28775" lat="37.7957648" lon="-122.4511559"/>
 <node id="1278501856" visible="true" version="1" changeset="8095626" timestamp="2011-05-09T19:14:21Z" user="JessAk71" uid="381909" lat="37.7967045" lon="-122.4543975">
  <tag k="landuse" v="residential"/>
  <tag k="name" v="East Housing"/>
 </node>
 <node id="1469069162" visible="true" version="2" changeset="37242094" timestamp="2016-02-16T09:55:21Z" user="KindredCoda" uid="14293" lat="37.7921444" lon="-122.4479859"/>
 <node id="1769694103" visible="true" version="2" changeset="37242094" timestamp="2016-02-16T09:55:21Z" user="KindredCoda" uid="14293" lat="37.7920712" lon="-122.4479170"/>
 <node id="1769694150" visible="true" version="1" changeset="11740644" timestamp="2012-05-29T18:00:53Z" user="Gregory Arenius" uid="116029" lat="37.7929844" lon="-122.4504252"/>
 <node id="1769694151" visible="true" version="1" changeset="11740644" timestamp="2012-05-29T18:00:53Z" user="Gregory Arenius" uid="116029" lat="37.7929873" lon="-122.4506023"/>
 <node id="1769694157" visible="true" version="1" changeset="11740644" timestamp="2012-05-29T18:00:54Z" user="Gregory Arenius" uid="116029" lat="37.7930266" lon="-122.4502571"/>
 <node id="1769694158" visible="true" version="1" changeset="11740644" timestamp="2012-05-29T18:00:54Z" user="Gregory Arenius" uid="116029" lat="37.7930287" lon="-122.4507694"/>
 <node id="1769694164" visible="true" version="1" changeset="11740644" timestamp="2012-05-29T18:00:54Z" user="Gregory Arenius" uid="116029" lat="37.7931115" lon="-122.4508842"/>
 <node id="1769694168" visible="true" version="1" changeset="11740644" timestamp="2012-05-29T18:00:54Z" user="Gregory Arenius" uid="116029" lat="37.7931322" lon="-122.4501984"/>
 <node id="1769694172" visible="true" version="1" changeset="11740644" timestamp="2012-05-29T18:00:54Z" user="Gregory Arenius" uid="116029" lat="37.7932358" lon="-122.4509583"/>
 <node id="1769694179" visible="true" version="1" changeset="11740644" timestamp="2012-05-29T18:00:55Z" user="Gregory Arenius" uid="116029" lat="37.7933043" lon="-122.4509754"/>
 <node id="1769694184" visible="true" version="1" changeset="11740644" timestamp="2012-05-29T18:00:55Z" user="Gregory Arenius" uid="116029" lat="37.7934507" lon="-122.4509872"/>
 <node id="1769694188" visible="true" version="1" changeset="11740644" timestamp="2012-05-29T18:00:55Z" user="Gregory Arenius" uid="116029" lat="37.7935599" lon="-122.4539104"/>
 <node id="1769694193" visible="true" version="1" changeset="11740644" timestamp="2012-05-29T18:00:55Z" user="Gregory Arenius" uid="116029" lat="37.7936934" lon="-122.4509058"/>
 <node id="1769694196" visible="true" version="1" changeset="11740644" timestamp="2012-05-29T18:00:56Z" user="Gregory Arenius" uid="116029" lat="37.7938134" lon="-122.4500484"/>
 <node id="1769694197" visible="true" version="1" changeset="11740644" timestamp="2012-05-29T18:00:56Z" user="Gregory Arenius" uid="116029" lat="37.7938484" lon="-122.4500439"/>
 <node id="1769694215" visible="true" version="1" changeset="11740644" timestamp="2012-05-29T18:00:56Z" user="Gregory Arenius" uid="116029" lat="37.7941085" lon="-122.4546085"/>
 <node id="1769694216" visible="true" version="1" changeset="11740644" timestamp="2012-05-29T18:00:57Z" user="Gregory Arenius" uid="116029" lat="37.7941134" lon="-122.4547367"/>
 <node id="1769694225" visible="true" version="1" changeset="11740644" timestamp="2012-05-29T18:00:57Z" user="Gregory Arenius" uid="116029" lat="37.7941968" lon="-122.4548712"/>
 <node id="1769694409" visible="true" version="1" changeset="11740644" timestamp="2012-05-29T18:01:03Z" user="Gregory Arenius" uid="116029" lat="37.7954642" lon="-122.4550532"/>
 <node id="1769694414" visible="true" version="1" changeset="11740644" timestamp="2012-05-29T18:01:03Z" user="Gregory Arenius" uid="116029" lat="37.7954932" lon="-122.4550515"/>
 <node id="1769694416" visible="true" version="1" changeset="11740644" timestamp="2012-05-29T18:01:03Z" user="Gregory Arenius" uid="116029" lat="37.7955324" lon="-122.4550132"/>
 <node id="1769694418" visible="true" version="1" changeset="11740644" timestamp="2012-05-29T18:01:04Z" user="Gregory Arenius" uid="116029" lat="37.7955416" lon="-122.4549815"/>
 <node id="1769694488" visible="true" version="1" changeset="11740644" timestamp="2012-05-29T18:01:07Z" user="Gregory Arenius" uid="116029" lat="37.7962883" lon="-122.4542706"/>
 <node id="1769694495" visible="true" version="1" changeset="11740644" timestamp="2012-05-29T18:01:07Z" user="Gregory Arenius" uid="116029" lat="37.7963640" lon="-122.4543042"/>
 <node id="1769694501" visible="true" version="1" changeset="11740644" timestamp="2012-05-29T18:01:07Z" user="Gregory Arenius" uid="116029" lat="37.7964232" lon="-122.4544485"/>
 <node id="1769694502" visible="true" version="1" changeset="11740644" timestamp="2012-05-29T18:01:07Z" user="Gregory Arenius" uid="116029" lat="37.7964486" lon="-122.4545369"/>
 <node id="1769694521" visible="true" version="1" changeset="11740644" timestamp="2012-05-29T18:01:08Z" user="Gregory Arenius" uid="116029" lat="37.7967323" lon="-122.4548057"/>
 <node id="1769694522" visible="true" version="1" changeset="11740644" timestamp="2012-05-29T18:01:08Z" user="Gregory Arenius" uid="116029" lat="37.7967327" lon="-122.4542234"/>
 <node id="1769694524" visible="true" version="1" changeset="11740644" timestamp="2012-05-29T18:01:08Z" user="Gregory Arenius" uid="116029" lat="37.7968169" lon="-122.4542389"/>
 <node id="1769694525" visible="true" version="1" changeset="11740644" timestamp="2012-05-29T18:01:08Z" user="Gregory Arenius" uid="116029" lat="37.7971577" lon="-122.4544825"/>
 <node id="1997777424" visible="true" version="2" changeset="56563299" timestamp="2018-02-21T22:07:46Z" user="Irina Karachevtseva" uid="5288591" lat="37.7944487" lon="-122.4525136"/>
 <node id="1997777482" visible="true" version="2" changeset="56563299" timestamp="2018-02-21T22:07:46Z" user="Irina Karachevtseva" uid="5288591" lat="37.7949425" lon="-122.4525265"/>
 <node id="2525056955" visible="true" version="6" changeset="164717537" timestamp="2025-04-09T10:32:53Z" user="Dogman15" uid="14845392" lat="37.7988554" lon="-122.4523659">
  <tag k="bench" v="yes"/>
  <tag k="bus" v="yes"/>
  <tag k="highway" v="bus_stop"/>
  <tag k="name" v="Presidio Boulevard &amp; Letterman Drive"/>
  <tag k="network" v="Muni"/>
  <tag k="network:wikidata" v="Q1140138"/>
  <tag k="operator" v="San Francisco Municipal Transportation Agency"/>
  <tag k="operator:short" v="SFMTA"/>
  <tag k="operator:wikidata" v="Q7414072"/>
  <tag k="public_transport" v="platform"/>
  <tag k="shelter" v="yes"/>
 </node>
 <node id="2706006982" visible="true" version="3" changeset="99874405" timestamp="2021-02-24T05:55:20Z" user="jnmiller" uid="2733735" lat="37.7918809" lon="-122.4478000"/>
 <node id="2919104920" visible="true" version="1" changeset="22969849" timestamp="2014-06-16T18:25:19Z" user="Rub21" uid="510836" lat="37.7949164" lon="-122.4541780"/>
 <node id="2919104923" visible="true" version="1" changeset="22969849" timestamp="2014-06-16T18:25:19Z" user="Rub21" uid="510836" lat="37.7949237" lon="-122.4540927"/>
 <node id="2919104935" visible="true" version="1" changeset="22969849" timestamp="2014-06-16T18:25:20Z" user="Rub21" uid="510836" lat="37.7950174" lon="-122.4548114"/>
 <node id="2919104936" visible="true" version="1" changeset="22969849" timestamp="2014-06-16T18:25:20Z" user="Rub21" uid="510836" lat="37.7950234" lon="-122.4547430"/>
 <node id="2919104937" visible="true" version="1" changeset="22969849" timestamp="2014-06-16T18:25:20Z" user="Rub21" uid="510836" lat="37.7950388" lon="-122.4548555"/>
 <node id="2919104938" visible="true" version="1" changeset="22969849" timestamp="2014-06-16T18:25:20Z" user="Rub21" uid="510836" lat="37.7950423" lon="-122.4548148"/>
 <node id="2919104939" visible="true" version="1" changeset="22969849" timestamp="2014-06-16T18:25:20Z" user="Rub21" uid="510836" lat="37.7950462" lon="-122.4544690"/>
 <node id="2919104940" visible="true" version="1" changeset="22969849" timestamp="2014-06-16T18:25:20Z" user="Rub21" uid="510836" lat="37.7950484" lon="-122.4547465"/>
 <node id="2919104941" visible="true" version="1" changeset="22969849" timestamp="2014-06-16T18:25:20Z" user="Rub21" uid="510836" lat="37.7950492" lon="-122.4547381"/>
 <node id="2919104942" visible="true" version="1" changeset="22969849" timestamp="2014-06-16T18:25:20Z" user="Rub21" uid="510836" lat="37.7950522" lon="-122.4543994"/>
 <node id="2919104943" visible="true" version="1" changeset="22969849" timestamp="2014-06-16T18:25:20Z" user="Rub21" uid="510836" lat="37.7950677" lon="-122.4548796"/>
 <node id="2919104944" visible="true" version="1" changeset="22969849" timestamp="2014-06-16T18:25:20Z" user="Rub21" uid="510836" lat="37.7950694" lon="-122.4548598"/>
 <node id="2919104945" visible="true" version="1" changeset="22969849" timestamp="2014-06-16T18:25:20Z" user="Rub21" uid="510836" lat="37.7950714" lon="-122.4541994"/>
 <node id="2919104946" visible="true" version="1" changeset="22969849" timestamp="2014-06-16T18:25:20Z" user="Rub21" uid="510836" lat="37.7950742" lon="-122.4544796"/>
 <node id="2919104947" visible="true" version="1" changeset="22969849" timestamp="2014-06-16T18:25:20Z" user="Rub21" uid="510836" lat="37.7950748" lon="-122.4544729"/>
 <node id="2919104948" visible="true" version="1" changeset="22969849" timestamp="2014-06-16T18:25:20Z" user="Rub21" uid="510836" lat="37.7950788" lon="-122.4541141"/>
 <node id="2919104949" visible="true" version="1" changeset="22969849" timestamp="2014-06-16T18:25:20Z" user="Rub21" uid="510836" lat="37.7950799" lon="-122.4544032"/>
 <node id="2919104950" visible="true" version="1" changeset="22969849" timestamp="2014-06-16T18:25:20Z" user="Rub21" uid="510836" lat="37.7950835" lon="-122.4543614"/>
 <node id="2919104951" visible="true" version="1" changeset="22969849" timestamp="2014-06-16T18:25:20Z" user="Rub21" uid="510836" lat="37.7951116" lon="-122.4543653"/>
 <node id="2919104952" visible="true" version="1" changeset="22969849" timestamp="2014-06-16T18:25:20Z" user="Rub21" uid="510836" lat="37.7951134" lon="-122.4543447"/>
 <node id="2919104953" visible="true" version="1" changeset="22969849" timestamp="2014-06-16T18:25:20Z" user="Rub21" uid="510836" lat="37.7951315" lon="-122.4548885"/>
 <node id="2919104954" visible="true" version="1" changeset="22969849" timestamp="2014-06-16T18:25:20Z" user="Rub21" uid="510836" lat="37.7951333" lon="-122.4548687"/>
 <node id="2919104955" visible="true" version="1" changeset="22969849" timestamp="2014-06-16T18:25:20Z" user="Rub21" uid="510836" lat="37.7951654" lon="-122.4548732"/>
 <node id="2919104956" visible="true" version="1" changeset="22969849" timestamp="2014-06-16T18:25:20Z" user="Rub21" uid="510836" lat="37.7951689" lon="-122.4548325"/>
 <node id="2919104957" visible="true" version="1" changeset="22969849" timestamp="2014-06-16T18:25:20Z" user="Rub21" uid="510836" lat="37.7951752" lon="-122.4547641"/>
 <node id="2919104958" visible="true" version="1" changeset="22969849" timestamp="2014-06-16T18:25:20Z" user="Rub21" uid="510836" lat="37.7951759" lon="-122.4547558"/>
 <node id="2919104959" visible="true" version="1" changeset="22969849" timestamp="2014-06-16T18:25:20Z" user="Rub21" uid="510836" lat="37.7951790" lon="-122.4543745"/>
 <node id="2919104960" visible="true" version="1" changeset="22969849" timestamp="2014-06-16T18:25:20Z" user="Rub21" uid="510836" lat="37.7951807" lon="-122.4543540"/>
 <node id="2919104961" visible="true" version="1" changeset="22969849" timestamp="2014-06-16T18:25:20Z" user="Rub21" uid="510836" lat="37.7951966" lon="-122.4544965"/>
 <node id="2919104962" visible="true" version="1" changeset="22969849" timestamp="2014-06-16T18:25:20Z" user="Rub21" uid="510836" lat="37.7951967" lon="-122.4548364"/>
 <node id="2919104963" visible="true" version="1" changeset="22969849" timestamp="2014-06-16T18:25:20Z" user="Rub21" uid="510836" lat="37.7951972" lon="-122.4544898"/>
 <node id="2919104964" visible="true" version="1" changeset="22969849" timestamp="2014-06-16T18:25:20Z" user="Rub21" uid="510836" lat="37.7952014" lon="-122.4544199"/>
 <node id="2919104965" visible="true" version="1" changeset="22969849" timestamp="2014-06-16T18:25:20Z" user="Rub21" uid="510836" lat="37.7952027" lon="-122.4547680"/>
 <node id="2919104966" visible="true" version="1" changeset="22969849" timestamp="2014-06-16T18:25:20Z" user="Rub21" uid="510836" lat="37.7952049" lon="-122.4543781"/>
 <node id="2919104967" visible="true" version="1" changeset="22969849" timestamp="2014-06-16T18:25:20Z" user="Rub21" uid="510836" lat="37.7952275" lon="-122.4544940"/>
 <node id="2919104968" visible="true" version="1" changeset="22969849" timestamp="2014-06-16T18:25:21Z" user="Rub21" uid="510836" lat="37.7952335" lon="-122.4544243"/>
 <node id="2919104969" visible="true" version="1" changeset="22969849" timestamp="2014-06-16T18:25:21Z" user="Rub21" uid="510836" lat="37.7952684" lon="-122.4548489"/>
 <node id="2919104970" visible="true" version="1" changeset="22969849" timestamp="2014-06-16T18:25:21Z" user="Rub21" uid="510836" lat="37.7952743" lon="-122.4547780"/>
 <node id="2919104971" visible="true" version="1" changeset="22969849" timestamp="2014-06-16T18:25:21Z" user="Rub21" uid="510836" lat="37.7952970" lon="-122.4548909"/>
 <node id="2919104972" visible="true" version="1" changeset="22969849" timestamp="2014-06-16T18:25:21Z" user="Rub21" uid="510836" lat="37.7953001" lon="-122.4548531"/>
 <node id="2919104973" visible="true" version="1" changeset="22969849" timestamp="2014-06-16T18:25:21Z" user="Rub21" uid="510836" lat="37.7953023" lon="-122.4545050"/>
 <node id="2919104974" visible="true" version="1" changeset="22969849" timestamp="2014-06-16T18:25:21Z" user="Rub21" uid="510836" lat="37.7953045" lon="-122.4547820"/>
 <node id="2919104975" visible="true" version="1" changeset="22969849" timestamp="2014-06-16T18:25:21Z" user="Rub21" uid="510836" lat="37.7953052" lon="-122.4547739"/>
 <node id="2919104976" visible="true" version="1" changeset="22969849" timestamp="2014-06-16T18:25:21Z" user="Rub21" uid="510836" lat="37.7953085" lon="-122.4544328"/>
 <node id="2919104977" visible="true" version="1" changeset="22969849" timestamp="2014-06-16T18:25:21Z" user="Rub21" uid="510836" lat="37.7953225" lon="-122.4549167"/>
 <node id="2919104978" visible="true" version="1" changeset="22969849" timestamp="2014-06-16T18:25:21Z" user="Rub21" uid="510836" lat="37.7953243" lon="-122.4548945"/>
 <node id="2919104979" visible="true" version="1" changeset="22969849" timestamp="2014-06-16T18:25:21Z" user="Rub21" uid="510836" lat="37.7953259" lon="-122.4545171"/>
 <node id="2919104980" visible="true" version="1" changeset="22969849" timestamp="2014-06-16T18:25:21Z" user="Rub21" uid="510836" lat="37.7953266" lon="-122.4545084"/>
 <node id="2919104981" visible="true" version="1" changeset="22969849" timestamp="2014-06-16T18:25:21Z" user="Rub21" uid="510836" lat="37.7953300" lon="-122.4544358"/>
 <node id="2919104982" visible="true" version="1" changeset="22969849" timestamp="2014-06-16T18:25:21Z" user="Rub21" uid="510836" lat="37.7953336" lon="-122.4543950"/>
 <node id="2919104983" visible="true" version="1" changeset="22969849" timestamp="2014-06-16T18:25:21Z" user="Rub21" uid="510836" lat="37.7953693" lon="-122.4544000"/>
 <node id="2919104984" visible="true" version="1" changeset="22969849" timestamp="2014-06-16T18:25:21Z" user="Rub21" uid="510836" lat="37.7953710" lon="-122.4543807"/>
 <node id="2919104985" visible="true" version="1" changeset="22969849" timestamp="2014-06-16T18:25:21Z" user="Rub21" uid="510836" lat="37.7953893" lon="-122.4549256"/>
 <node id="2919104986" visible="true" version="1" changeset="22969849" timestamp="2014-06-16T18:25:21Z" user="Rub21" uid="510836" lat="37.7953911" lon="-122.4549034"/>
 <node id="2919104987" visible="true" version="1" changeset="22969849" timestamp="2014-06-16T18:25:21Z" user="Rub21" uid="510836" lat="37.7954171" lon="-122.4549069"/>
 <node id="2919104988" visible="true" version="1" changeset="22969849" timestamp="2014-06-16T18:25:21Z" user="Rub21" uid="510836" lat="37.7954202" lon="-122.4548691"/>
 <node id="2919104989" visible="true" version="1" changeset="22969849" timestamp="2014-06-16T18:25:21Z" user="Rub21" uid="510836" lat="37.7954234" lon="-122.4547978"/>
 <node id="2919104990" visible="true" version="1" changeset="22969849" timestamp="2014-06-16T18:25:21Z" user="Rub21" uid="510836" lat="37.7954240" lon="-122.4547897"/>
 <node id="2919104991" visible="true" version="1" changeset="22969849" timestamp="2014-06-16T18:25:21Z" user="Rub21" uid="510836" lat="37.7954342" lon="-122.4544089"/>
 <node id="2919104992" visible="true" version="1" changeset="22969849" timestamp="2014-06-16T18:25:21Z" user="Rub21" uid="510836" lat="37.7954358" lon="-122.4543897"/>
 <node id="2919104993" visible="true" version="1" changeset="22969849" timestamp="2014-06-16T18:25:21Z" user="Rub21" uid="510836" lat="37.7954522" lon="-122.4548734"/>
 <node id="2919104994" visible="true" version="1" changeset="22969849" timestamp="2014-06-16T18:25:21Z" user="Rub21" uid="510836" lat="37.7954531" lon="-122.4545347"/>
 <node id="2919104995" visible="true" version="1" changeset="22969849" timestamp="2014-06-16T18:25:21Z" user="Rub21" uid="510836" lat="37.7954539" lon="-122.4545260"/>
 <node id="2919104996" visible="true" version="1" changeset="22969849" timestamp="2014-06-16T18:25:21Z" user="Rub21" uid="510836" lat="37.7954581" lon="-122.4548025"/>
 <node id="2919104997" visible="true" version="1" changeset="22969849" timestamp="2014-06-16T18:25:21Z" user="Rub21" uid="510836" lat="37.7954597" lon="-122.4544537"/>
 <node id="2919104998" visible="true" version="1" changeset="22969849" timestamp="2014-06-16T18:25:21Z" user="Rub21" uid="510836" lat="37.7954632" lon="-122.4544129"/>
 <node id="2919104999" visible="true" version="1" changeset="22969849" timestamp="2014-06-16T18:25:21Z" user="Rub21" uid="510836" lat="37.7954833" lon="-122.4545300"/>
 <node id="2919105000" visible="true" version="1" changeset="22969849" timestamp="2014-06-16T18:25:21Z" user="Rub21" uid="510836" lat="37.7954895" lon="-122.4544578"/>
 <node id="2919105101" visible="true" version="1" changeset="22969849" timestamp="2014-06-16T18:25:21Z" user="Rub21" uid="510836" lat="37.7955262" lon="-122.4542810"/>
 <node id="2919105102" visible="true" version="1" changeset="22969849" timestamp="2014-06-16T18:25:21Z" user="Rub21" uid="510836" lat="37.7955334" lon="-122.4541970"/>
 <node id="2919105103" visible="true" version="1" changeset="22969849" timestamp="2014-06-16T18:25:21Z" user="Rub21" uid="510836" lat="37.7955895" lon="-122.4548910"/>
 <node id="2919105104" visible="true" version="1" changeset="22969849" timestamp="2014-06-16T18:25:21Z" user="Rub21" uid="510836" lat="37.7955951" lon="-122.4548223"/>
 <node id="2919105105" visible="true" version="1" changeset="22969849" timestamp="2014-06-16T18:25:21Z" user="Rub21" uid="510836" lat="37.7956141" lon="-122.4549364"/>
 <node id="2919105106" visible="true" version="1" changeset="22969849" timestamp="2014-06-16T18:25:21Z" user="Rub21" uid="510836" lat="37.7956175" lon="-122.4548947"/>
 <node id="2919105107" visible="true" version="1" changeset="22969849" timestamp="2014-06-16T18:25:21Z" user="Rub21" uid="510836" lat="37.7956217" lon="-122.4545478"/>
 <node id="2919105108" visible="true" version="1" changeset="22969849" timestamp="2014-06-16T18:25:21Z" user="Rub21" uid="510836" lat="37.7956221" lon="-122.4548258"/>
 <node id="2919105109" visible="true" version="1" changeset="22969849" timestamp="2014-06-16T18:25:22Z" user="Rub21" uid="510836" lat="37.7956225" lon="-122.4548211"/>
 <node id="2919105110" visible="true" version="1" changeset="22969849" timestamp="2014-06-16T18:25:22Z" user="Rub21" uid="510836" lat="37.7956275" lon="-122.4544802"/>
 <node id="2919105111" visible="true" version="1" changeset="22969849" timestamp="2014-06-16T18:25:22Z" user="Rub21" uid="510836" lat="37.7956381" lon="-122.4542965"/>
 <node id="2919105112" visible="true" version="1" changeset="22969849" timestamp="2014-06-16T18:25:22Z" user="Rub21" uid="510836" lat="37.7956434" lon="-122.4549615"/>
 <node id="2919105113" visible="true" version="1" changeset="22969849" timestamp="2014-06-16T18:25:22Z" user="Rub21" uid="510836" lat="37.7956451" lon="-122.4549404"/>
 <node id="2919105114" visible="true" version="1" changeset="22969849" timestamp="2014-06-16T18:25:22Z" user="Rub21" uid="510836" lat="37.7956454" lon="-122.4542125"/>
 <node id="2919105115" visible="true" version="1" changeset="22969849" timestamp="2014-06-16T18:25:22Z" user="Rub21" uid="510836" lat="37.7956488" lon="-122.4545569"/>
 <node id="2919105116" visible="true" version="1" changeset="22969849" timestamp="2014-06-16T18:25:22Z" user="Rub21" uid="510836" lat="37.7956493" lon="-122.4545516"/>
 <node id="2919105117" visible="true" version="1" changeset="22969849" timestamp="2014-06-16T18:25:22Z" user="Rub21" uid="510836" lat="37.7956558" lon="-122.4544841"/>
 <node id="2919105118" visible="true" version="1" changeset="22969849" timestamp="2014-06-16T18:25:22Z" user="Rub21" uid="510836" lat="37.7956587" lon="-122.4548259"/>
 <node id="2919105119" visible="true" version="1" changeset="22969849" timestamp="2014-06-16T18:25:22Z" user="Rub21" uid="510836" lat="37.7956593" lon="-122.4544442"/>
 <node id="2919105120" visible="true" version="1" changeset="22969849" timestamp="2014-06-16T18:25:22Z" user="Rub21" uid="510836" lat="37.7956601" lon="-122.4548093"/>
 <node id="2919105121" visible="true" version="1" changeset="22969849" timestamp="2014-06-16T18:25:22Z" user="Rub21" uid="510836" lat="37.7956675" lon="-122.4548102"/>
 <node id="2919105122" visible="true" version="1" changeset="22969849" timestamp="2014-06-16T18:25:22Z" user="Rub21" uid="510836" lat="37.7956701" lon="-122.4547787"/>
 <node id="2919105123" visible="true" version="1" changeset="22969849" timestamp="2014-06-16T18:25:22Z" user="Rub21" uid="510836" lat="37.7956816" lon="-122.4545795"/>
 <node id="2919105124" visible="true" version="1" changeset="22969849" timestamp="2014-06-16T18:25:22Z" user="Rub21" uid="510836" lat="37.7956827" lon="-122.4546100"/>
 <node id="2919105125" visible="true" version="1" changeset="22969849" timestamp="2014-06-16T18:25:22Z" user="Rub21" uid="510836" lat="37.7956827" lon="-122.4548122"/>
 <node id="2919105126" visible="true" version="1" changeset="22969849" timestamp="2014-06-16T18:25:22Z" user="Rub21" uid="510836" lat="37.7956831" lon="-122.4545616"/>
 <node id="2919105127" visible="true" version="1" changeset="22969849" timestamp="2014-06-16T18:25:22Z" user="Rub21" uid="510836" lat="37.7956853" lon="-122.4545800"/>
 <node id="2919105128" visible="true" version="1" changeset="22969849" timestamp="2014-06-16T18:25:22Z" user="Rub21" uid="510836" lat="37.7956853" lon="-122.4547807"/>
 <node id="2919105129" visible="true" version="1" changeset="22969849" timestamp="2014-06-16T18:25:22Z" user="Rub21" uid="510836" lat="37.7956886" lon="-122.4544483"/>
 <node id="2919105130" visible="true" version="1" changeset="22969849" timestamp="2014-06-16T18:25:22Z" user="Rub21" uid="510836" lat="37.7956904" lon="-122.4544277"/>
 <node id="2919105131" visible="true" version="1" changeset="22969849" timestamp="2014-06-16T18:25:22Z" user="Rub21" uid="510836" lat="37.7956923" lon="-122.4548135"/>
 <node id="2919105132" visible="true" version="1" changeset="22969849" timestamp="2014-06-16T18:25:22Z" user="Rub21" uid="510836" lat="37.7956949" lon="-122.4544284"/>
 <node id="2919105133" visible="true" version="1" changeset="22969849" timestamp="2014-06-16T18:25:22Z" user="Rub21" uid="510836" lat="37.7956952" lon="-122.4547783"/>
 <node id="2919105134" visible="true" version="1" changeset="22969849" timestamp="2014-06-16T18:25:22Z" user="Rub21" uid="510836" lat="37.7956960" lon="-122.4544149"/>
 <node id="2919105135" visible="true" version="1" changeset="22969849" timestamp="2014-06-16T18:25:22Z" user="Rub21" uid="510836" lat="37.7956992" lon="-122.4546122"/>
 <node id="2919105136" visible="true" version="1" changeset="22969849" timestamp="2014-06-16T18:25:22Z" user="Rub21" uid="510836" lat="37.7957017" lon="-122.4545823"/>
 <node id="2919105137" visible="true" version="1" changeset="22969849" timestamp="2014-06-16T18:25:22Z" user="Rub21" uid="510836" lat="37.7957050" lon="-122.4549696"/>
 <node id="2919105138" visible="true" version="1" changeset="22969849" timestamp="2014-06-16T18:25:22Z" user="Rub21" uid="510836" lat="37.7957067" lon="-122.4549485"/>
 <node id="2919105139" visible="true" version="1" changeset="22969849" timestamp="2014-06-16T18:25:22Z" user="Rub21" uid="510836" lat="37.7957075" lon="-122.4548155"/>
 <node id="2919105140" visible="true" version="1" changeset="22969849" timestamp="2014-06-16T18:25:22Z" user="Rub21" uid="510836" lat="37.7957095" lon="-122.4546142"/>
 <node id="2919105141" visible="true" version="1" changeset="22969849" timestamp="2014-06-16T18:25:22Z" user="Rub21" uid="510836" lat="37.7957104" lon="-122.4547804"/>
 <node id="2919105142" visible="true" version="1" changeset="22969849" timestamp="2014-06-16T18:25:22Z" user="Rub21" uid="510836" lat="37.7957108" lon="-122.4548327"/>
 <node id="2919105143" visible="true" version="1" changeset="22969849" timestamp="2014-06-16T18:25:22Z" user="Rub21" uid="510836" lat="37.7957121" lon="-122.4545838"/>
 <node id="2919105144" visible="true" version="1" changeset="22969849" timestamp="2014-06-16T18:25:22Z" user="Rub21" uid="510836" lat="37.7957121" lon="-122.4548161"/>
 <node id="2919105145" visible="true" version="1" changeset="22969849" timestamp="2014-06-16T18:25:22Z" user="Rub21" uid="510836" lat="37.7957254" lon="-122.4546164"/>
 <node id="2919105146" visible="true" version="1" changeset="22969849" timestamp="2014-06-16T18:25:22Z" user="Rub21" uid="510836" lat="37.7957281" lon="-122.4545860"/>
 <node id="2919105147" visible="true" version="1" changeset="22969849" timestamp="2014-06-16T18:25:22Z" user="Rub21" uid="510836" lat="37.7957311" lon="-122.4545864"/>
 <node id="2919105148" visible="true" version="1" changeset="22969849" timestamp="2014-06-16T18:25:22Z" user="Rub21" uid="510836" lat="37.7957326" lon="-122.4545685"/>
 <node id="2919105149" visible="true" version="1" changeset="22969849" timestamp="2014-06-16T18:25:22Z" user="Rub21" uid="510836" lat="37.7957389" lon="-122.4549528"/>
 <node id="2919105150" visible="true" version="1" changeset="22969849" timestamp="2014-06-16T18:25:22Z" user="Rub21" uid="510836" lat="37.7957423" lon="-122.4549111"/>
 <node id="2919105151" visible="true" version="1" changeset="22969849" timestamp="2014-06-16T18:25:22Z" user="Rub21" uid="510836" lat="37.7957466" lon="-122.4548422"/>
 <node id="2919105152" visible="true" version="1" changeset="22969849" timestamp="2014-06-16T18:25:22Z" user="Rub21" uid="510836" lat="37.7957470" lon="-122.4548375"/>
 <node id="2919105153" visible="true" version="1" changeset="22969849" timestamp="2014-06-16T18:25:22Z" user="Rub21" uid="510836" lat="37.7957500" lon="-122.4544360"/>
 <node id="2919105154" visible="true" version="1" changeset="22969849" timestamp="2014-06-16T18:25:22Z" user="Rub21" uid="510836" lat="37.7957505" lon="-122.4544569"/>
 <node id="2919105155" visible="true" version="1" changeset="22969849" timestamp="2014-06-16T18:25:22Z" user="Rub21" uid="510836" lat="37.7957512" lon="-122.4544225"/>
 <node id="2919105156" visible="true" version="1" changeset="22969849" timestamp="2014-06-16T18:25:22Z" user="Rub21" uid="510836" lat="37.7957523" lon="-122.4544363"/>
 <node id="2919105157" visible="true" version="1" changeset="22969849" timestamp="2014-06-16T18:25:22Z" user="Rub21" uid="510836" lat="37.7957667" lon="-122.4549143"/>
 <node id="2919105158" visible="true" version="1" changeset="22969849" timestamp="2014-06-16T18:25:23Z" user="Rub21" uid="510836" lat="37.7957693" lon="-122.4545735"/>
 <node id="2919105159" visible="true" version="1" changeset="22969849" timestamp="2014-06-16T18:25:23Z" user="Rub21" uid="510836" lat="37.7957697" lon="-122.4545683"/>
 <node id="2919105160" visible="true" version="1" changeset="22969849" timestamp="2014-06-16T18:25:23Z" user="Rub21" uid="510836" lat="37.7957723" lon="-122.4548456"/>
 <node id="2919105161" visible="true" version="1" changeset="22969849" timestamp="2014-06-16T18:25:23Z" user="Rub21" uid="510836" lat="37.7957746" lon="-122.4545005"/>
 <node id="2919105162" visible="true" version="1" changeset="22969849" timestamp="2014-06-16T18:25:23Z" user="Rub21" uid="510836" lat="37.7957780" lon="-122.4544607"/>
 <node id="2919105163" visible="true" version="1" changeset="22969849" timestamp="2014-06-16T18:25:23Z" user="Rub21" uid="510836" lat="37.7957987" lon="-122.4545723"/>
 <node id="2919105164" visible="true" version="1" changeset="22969849" timestamp="2014-06-16T18:25:23Z" user="Rub21" uid="510836" lat="37.7958045" lon="-122.4545046"/>
 <node id="2919105165" visible="true" version="1" changeset="22969849" timestamp="2014-06-16T18:25:23Z" user="Rub21" uid="510836" lat="37.7958442" lon="-122.4549271"/>
 <node id="2919105166" visible="true" version="1" changeset="22969849" timestamp="2014-06-16T18:25:23Z" user="Rub21" uid="510836" lat="37.7958495" lon="-122.4548629"/>
 <node id="2919105167" visible="true" version="1" changeset="22969849" timestamp="2014-06-16T18:25:23Z" user="Rub21" uid="510836" lat="37.7958700" lon="-122.4549721"/>
 <node id="2919105168" visible="true" version="1" changeset="22969849" timestamp="2014-06-16T18:25:23Z" user="Rub21" uid="510836" lat="37.7958733" lon="-122.4549309"/>
 <node id="2919105169" visible="true" version="1" changeset="22969849" timestamp="2014-06-16T18:25:23Z" user="Rub21" uid="510836" lat="37.7958756" lon="-122.4545835"/>
 <node id="2919105170" visible="true" version="1" changeset="22969849" timestamp="2014-06-16T18:25:23Z" user="Rub21" uid="510836" lat="37.7958789" lon="-122.4548668"/>
 <node id="2919105171" visible="true" version="1" changeset="22969849" timestamp="2014-06-16T18:25:23Z" user="Rub21" uid="510836" lat="37.7958798" lon="-122.4548558"/>
 <node id="2919105172" visible="true" version="1" changeset="22969849" timestamp="2014-06-16T18:25:23Z" user="Rub21" uid="510836" lat="37.7958813" lon="-122.4545181"/>
 <node id="2919105173" visible="true" version="1" changeset="22969849" timestamp="2014-06-16T18:25:23Z" user="Rub21" uid="510836" lat="37.7958955" lon="-122.4549963"/>
 <node id="2919105174" visible="true" version="1" changeset="22969849" timestamp="2014-06-16T18:25:23Z" user="Rub21" uid="510836" lat="37.7958971" lon="-122.4549757"/>
 <node id="2919105175" visible="true" version="1" changeset="22969849" timestamp="2014-06-16T18:25:23Z" user="Rub21" uid="510836" lat="37.7959025" lon="-122.4545956"/>
 <node id="2919105176" visible="true" version="1" changeset="22969849" timestamp="2014-06-16T18:25:23Z" user="Rub21" uid="510836" lat="37.7959032" lon="-122.4545873"/>
 <node id="2919105177" visible="true" version="1" changeset="22969849" timestamp="2014-06-16T18:25:23Z" user="Rub21" uid="510836" lat="37.7959054" lon="-122.4545214"/>
 <node id="2919105178" visible="true" version="1" changeset="22969849" timestamp="2014-06-16T18:25:23Z" user="Rub21" uid="510836" lat="37.7959090" lon="-122.4544801"/>
 <node id="2919105179" visible="true" version="1" changeset="22969849" timestamp="2014-06-16T18:25:23Z" user="Rub21" uid="510836" lat="37.7959142" lon="-122.4548603"/>
 <node id="2919105180" visible="true" version="1" changeset="22969849" timestamp="2014-06-16T18:25:23Z" user="Rub21" uid="510836" lat="37.7959154" lon="-122.4548460"/>
 <node id="2919105181" visible="true" version="1" changeset="22969849" timestamp="2014-06-16T18:25:23Z" user="Rub21" uid="510836" lat="37.7959212" lon="-122.4548468"/>
 <node id="2919105182" visible="true" version="1" changeset="22969849" timestamp="2014-06-16T18:25:23Z" user="Rub21" uid="510836" lat="37.7959239" lon="-122.4548133"/>
 <node id="2919105183" visible="true" version="1" changeset="22969849" timestamp="2014-06-16T18:25:23Z" user="Rub21" uid="510836" lat="37.7959363" lon="-122.4546488"/>
 <node id="2919105184" visible="true" version="1" changeset="22969849" timestamp="2014-06-16T18:25:23Z" user="Rub21" uid="510836" lat="37.7959366" lon="-122.4548488"/>
 <node id="2919105185" visible="true" version="1" changeset="22969849" timestamp="2014-06-16T18:25:23Z" user="Rub21" uid="510836" lat="37.7959394" lon="-122.4548153"/>
 <node id="2919105186" visible="true" version="1" changeset="22969849" timestamp="2014-06-16T18:25:23Z" user="Rub21" uid="510836" lat="37.7959404" lon="-122.4546008"/>
 <node id="2919105187" visible="true" version="1" changeset="22969849" timestamp="2014-06-16T18:25:23Z" user="Rub21" uid="510836" lat="37.7959421" lon="-122.4544847"/>
 <node id="2919105188" visible="true" version="1" changeset="22969849" timestamp="2014-06-16T18:25:23Z" user="Rub21" uid="510836" lat="37.7959455" lon="-122.4544452"/>
 <node id="2919105189" visible="true" version="1" changeset="22969849" timestamp="2014-06-16T18:25:23Z" user="Rub21" uid="510836" lat="37.7959469" lon="-122.4548502"/>
 <node id="2919105190" visible="true" version="1" changeset="22969849" timestamp="2014-06-16T18:25:23Z" user="Rub21" uid="510836" lat="37.7959498" lon="-122.4548150"/>
 <node id="2919105191" visible="true" version="1" changeset="22969849" timestamp="2014-06-16T18:25:23Z" user="Rub21" uid="510836" lat="37.7959518" lon="-122.4546509"/>
 <node id="2919105192" visible="true" version="1" changeset="22969849" timestamp="2014-06-16T18:25:23Z" user="Rub21" uid="510836" lat="37.7959547" lon="-122.4546179"/>
 <node id="2919105193" visible="true" version="1" changeset="22969849" timestamp="2014-06-16T18:25:23Z" user="Rub21" uid="510836" lat="37.7959598" lon="-122.4550047"/>
 <node id="2919105194" visible="true" version="1" changeset="22969849" timestamp="2014-06-16T18:25:23Z" user="Rub21" uid="510836" lat="37.7959614" lon="-122.4548521"/>
 <node id="2919105195" visible="true" version="1" changeset="22969849" timestamp="2014-06-16T18:25:23Z" user="Rub21" uid="510836" lat="37.7959614" lon="-122.4549842"/>
 <node id="2919105196" visible="true" version="1" changeset="22969849" timestamp="2014-06-16T18:25:23Z" user="Rub21" uid="510836" lat="37.7959620" lon="-122.4546544"/>
 <node id="2919105197" visible="true" version="1" changeset="22969849" timestamp="2014-06-16T18:25:23Z" user="Rub21" uid="510836" lat="37.7959638" lon="-122.4548668"/>
 <node id="2919105198" visible="true" version="1" changeset="22969849" timestamp="2014-06-16T18:25:23Z" user="Rub21" uid="510836" lat="37.7959643" lon="-122.4548169"/>
 <node id="2919105199" visible="true" version="1" changeset="22969849" timestamp="2014-06-16T18:25:23Z" user="Rub21" uid="510836" lat="37.7959650" lon="-122.4546193"/>
 <node id="2919105200" visible="true" version="1" changeset="22969849" timestamp="2014-06-16T18:25:23Z" user="Rub21" uid="510836" lat="37.7959650" lon="-122.4548526"/>
 <node id="2919105301" visible="true" version="1" changeset="22969849" timestamp="2014-06-16T18:25:24Z" user="Rub21" uid="510836" lat="37.7959785" lon="-122.4546567"/>
 <node id="2919105302" visible="true" version="1" changeset="22969849" timestamp="2014-06-16T18:25:24Z" user="Rub21" uid="510836" lat="37.7959815" lon="-122.4546216"/>
 <node id="2919105303" visible="true" version="1" changeset="22969849" timestamp="2014-06-16T18:25:24Z" user="Rub21" uid="510836" lat="37.7959858" lon="-122.4546222"/>
 <node id="2919105304" visible="true" version="1" changeset="22969849" timestamp="2014-06-16T18:25:24Z" user="Rub21" uid="510836" lat="37.7959870" lon="-122.4546073"/>
 <node id="2919105305" visible="true" version="1" changeset="22969849" timestamp="2014-06-16T18:25:24Z" user="Rub21" uid="510836" lat="37.7959889" lon="-122.4549878"/>
 <node id="2919105306" visible="true" version="1" changeset="22969849" timestamp="2014-06-16T18:25:24Z" user="Rub21" uid="510836" lat="37.7959923" lon="-122.4549466"/>
 <node id="2919105307" visible="true" version="1" changeset="22969849" timestamp="2014-06-16T18:25:24Z" user="Rub21" uid="510836" lat="37.7959958" lon="-122.4548821"/>
 <node id="2919105308" visible="true" version="1" changeset="22969849" timestamp="2014-06-16T18:25:24Z" user="Rub21" uid="510836" lat="37.7959967" lon="-122.4548711"/>
 <node id="2919105309" visible="true" version="1" changeset="22969849" timestamp="2014-06-16T18:25:24Z" user="Rub21" uid="510836" lat="37.7960072" lon="-122.4544937"/>
 <node id="2919105310" visible="true" version="1" changeset="22969849" timestamp="2014-06-16T18:25:24Z" user="Rub21" uid="510836" lat="37.7960106" lon="-122.4544542"/>
 <node id="2919105311" visible="true" version="1" changeset="22969849" timestamp="2014-06-16T18:25:24Z" user="Rub21" uid="510836" lat="37.7960218" lon="-122.4549504"/>
 <node id="2919105312" visible="true" version="1" changeset="22969849" timestamp="2014-06-16T18:25:24Z" user="Rub21" uid="510836" lat="37.7960259" lon="-122.4546126"/>
 <node id="2919105313" visible="true" version="1" changeset="22969849" timestamp="2014-06-16T18:25:24Z" user="Rub21" uid="510836" lat="37.7960266" lon="-122.4546043"/>
 <node id="2919105314" visible="true" version="1" changeset="22969849" timestamp="2014-06-16T18:25:24Z" user="Rub21" uid="510836" lat="37.7960271" lon="-122.4548862"/>
 <node id="2919105315" visible="true" version="1" changeset="22969849" timestamp="2014-06-16T18:25:24Z" user="Rub21" uid="510836" lat="37.7960315" lon="-122.4545389"/>
 <node id="2919105316" visible="true" version="1" changeset="22969849" timestamp="2014-06-16T18:25:24Z" user="Rub21" uid="510836" lat="37.7960350" lon="-122.4544976"/>
 <node id="2919105317" visible="true" version="1" changeset="22969849" timestamp="2014-06-16T18:25:24Z" user="Rub21" uid="510836" lat="37.7960524" lon="-122.4546079"/>
 <node id="2919105318" visible="true" version="1" changeset="22969849" timestamp="2014-06-16T18:25:24Z" user="Rub21" uid="510836" lat="37.7960580" lon="-122.4545425"/>
 <node id="2919105319" visible="true" version="1" changeset="22969849" timestamp="2014-06-16T18:25:24Z" user="Rub21" uid="510836" lat="37.7960997" lon="-122.4549617"/>
 <node id="2919105320" visible="true" version="1" changeset="22969849" timestamp="2014-06-16T18:25:24Z" user="Rub21" uid="510836" lat="37.7961058" lon="-122.4548956"/>
 <node id="2919105321" visible="true" version="1" changeset="22969849" timestamp="2014-06-16T18:25:24Z" user="Rub21" uid="510836" lat="37.7961202" lon="-122.4550077"/>
 <node id="2919105322" visible="true" version="1" changeset="22969849" timestamp="2014-06-16T18:25:24Z" user="Rub21" uid="510836" lat="37.7961241" lon="-122.4549654"/>
 <node id="2919105323" visible="true" version="1" changeset="22969849" timestamp="2014-06-16T18:25:24Z" user="Rub21" uid="510836" lat="37.7961294" lon="-122.4546178"/>
 <node id="2919105324" visible="true" version="1" changeset="22969849" timestamp="2014-06-16T18:25:24Z" user="Rub21" uid="510836" lat="37.7961303" lon="-122.4548992"/>
 <node id="2919105325" visible="true" version="1" changeset="22969849" timestamp="2014-06-16T18:25:24Z" user="Rub21" uid="510836" lat="37.7961309" lon="-122.4548923"/>
 <node id="2919105326" visible="true" version="1" changeset="22969849" timestamp="2014-06-16T18:25:24Z" user="Rub21" uid="510836" lat="37.7961351" lon="-122.4545510"/>
 <node id="2919105327" visible="true" version="1" changeset="22969849" timestamp="2014-06-16T18:25:24Z" user="Rub21" uid="510836" lat="37.7961532" lon="-122.4550310"/>
 <node id="2919105328" visible="true" version="1" changeset="22969849" timestamp="2014-06-16T18:25:24Z" user="Rub21" uid="510836" lat="37.7961548" lon="-122.4550128"/>
 <node id="2919105329" visible="true" version="1" changeset="22969849" timestamp="2014-06-16T18:25:24Z" user="Rub21" uid="510836" lat="37.7961571" lon="-122.4546278"/>
 <node id="2919105330" visible="true" version="1" changeset="22969849" timestamp="2014-06-16T18:25:24Z" user="Rub21" uid="510836" lat="37.7961577" lon="-122.4546216"/>
 <node id="2919105331" visible="true" version="1" changeset="22969849" timestamp="2014-06-16T18:25:24Z" user="Rub21" uid="510836" lat="37.7961661" lon="-122.4545552"/>
 <node id="2919105332" visible="true" version="1" changeset="22969849" timestamp="2014-06-16T18:25:24Z" user="Rub21" uid="510836" lat="37.7961691" lon="-122.4548980"/>
 <node id="2919105333" visible="true" version="1" changeset="22969849" timestamp="2014-06-16T18:25:24Z" user="Rub21" uid="510836" lat="37.7961693" lon="-122.4545171"/>
 <node id="2919105334" visible="true" version="1" changeset="22969849" timestamp="2014-06-16T18:25:24Z" user="Rub21" uid="510836" lat="37.7961695" lon="-122.4545144"/>
 <node id="2919105335" visible="true" version="1" changeset="22969849" timestamp="2014-06-16T18:25:24Z" user="Rub21" uid="510836" lat="37.7961708" lon="-122.4548799"/>
 <node id="2919105336" visible="true" version="1" changeset="22969849" timestamp="2014-06-16T18:25:24Z" user="Rub21" uid="510836" lat="37.7961761" lon="-122.4548807"/>
 <node id="2919105337" visible="true" version="1" changeset="22969849" timestamp="2014-06-16T18:25:24Z" user="Rub21" uid="510836" lat="37.7961781" lon="-122.4548593"/>
 <node id="2919105338" visible="true" version="1" changeset="22969849" timestamp="2014-06-16T18:25:24Z" user="Rub21" uid="510836" lat="37.7961905" lon="-122.4546503"/>
 <node id="2919105339" visible="true" version="1" changeset="22969849" timestamp="2014-06-16T18:25:24Z" user="Rub21" uid="510836" lat="37.7961908" lon="-122.4546834"/>
 <node id="2919105340" visible="true" version="1" changeset="22969849" timestamp="2014-06-16T18:25:24Z" user="Rub21" uid="510836" lat="37.7961920" lon="-122.4546325"/>
 <node id="2919105341" visible="true" version="1" changeset="22969849" timestamp="2014-06-16T18:25:24Z" user="Rub21" uid="510836" lat="37.7961923" lon="-122.4548831"/>
 <node id="2919105342" visible="true" version="1" changeset="22969849" timestamp="2014-06-16T18:25:24Z" user="Rub21" uid="510836" lat="37.7961936" lon="-122.4546507"/>
 <node id="2919105343" visible="true" version="1" changeset="22969849" timestamp="2014-06-16T18:25:24Z" user="Rub21" uid="510836" lat="37.7961943" lon="-122.4548617"/>
 <node id="2919105344" visible="true" version="1" changeset="22969849" timestamp="2014-06-16T18:25:24Z" user="Rub21" uid="510836" lat="37.7961949" lon="-122.4545179"/>
 <node id="2919105345" visible="true" version="1" changeset="22969849" timestamp="2014-06-16T18:25:25Z" user="Rub21" uid="510836" lat="37.7961965" lon="-122.4544988"/>
 <node id="2919105346" visible="true" version="1" changeset="22969849" timestamp="2014-06-16T18:25:25Z" user="Rub21" uid="510836" lat="37.7962003" lon="-122.4544993"/>
 <node id="2919105347" visible="true" version="1" changeset="22969849" timestamp="2014-06-16T18:25:25Z" user="Rub21" uid="510836" lat="37.7962008" lon="-122.4548844"/>
 <node id="2919105348" visible="true" version="1" changeset="22969849" timestamp="2014-06-16T18:25:25Z" user="Rub21" uid="510836" lat="37.7962016" lon="-122.4544839"/>
 <node id="2919105349" visible="true" version="1" changeset="22969849" timestamp="2014-06-16T18:25:25Z" user="Rub21" uid="510836" lat="37.7962035" lon="-122.4548561"/>
 <node id="2919105350" visible="true" version="1" changeset="22969849" timestamp="2014-06-16T18:25:25Z" user="Rub21" uid="510836" lat="37.7962068" lon="-122.4546855"/>
 <node id="2919105351" visible="true" version="1" changeset="22969849" timestamp="2014-06-16T18:25:25Z" user="Rub21" uid="510836" lat="37.7962095" lon="-122.4546529"/>
 <node id="2919105352" visible="true" version="1" changeset="22969849" timestamp="2014-06-16T18:25:25Z" user="Rub21" uid="510836" lat="37.7962129" lon="-122.4550399"/>
 <node id="2919105353" visible="true" version="1" changeset="22969849" timestamp="2014-06-16T18:25:25Z" user="Rub21" uid="510836" lat="37.7962146" lon="-122.4550216"/>
 <node id="2919105354" visible="true" version="1" changeset="22969849" timestamp="2014-06-16T18:25:25Z" user="Rub21" uid="510836" lat="37.7962165" lon="-122.4548867"/>
 <node id="2919105355" visible="true" version="1" changeset="22969849" timestamp="2014-06-16T18:25:25Z" user="Rub21" uid="510836" lat="37.7962184" lon="-122.4546918"/>
 <node id="2919105356" visible="true" version="1" changeset="22969849" timestamp="2014-06-16T18:25:25Z" user="Rub21" uid="510836" lat="37.7962191" lon="-122.4548585"/>
 <node id="2919105357" visible="true" version="1" changeset="22969849" timestamp="2014-06-16T18:25:25Z" user="Rub21" uid="510836" lat="37.7962193" lon="-122.4549054"/>
 <node id="2919105358" visible="true" version="1" changeset="22969849" timestamp="2014-06-16T18:25:25Z" user="Rub21" uid="510836" lat="37.7962209" lon="-122.4548873"/>
 <node id="2919105359" visible="true" version="1" changeset="22969849" timestamp="2014-06-16T18:25:25Z" user="Rub21" uid="510836" lat="37.7962216" lon="-122.4546545"/>
 <node id="2919105360" visible="true" version="1" changeset="22969849" timestamp="2014-06-16T18:25:25Z" user="Rub21" uid="510836" lat="37.7962349" lon="-122.4546940"/>
 <node id="2919105361" visible="true" version="1" changeset="22969849" timestamp="2014-06-16T18:25:25Z" user="Rub21" uid="510836" lat="37.7962380" lon="-122.4546568"/>
 <node id="2919105362" visible="true" version="1" changeset="22969849" timestamp="2014-06-16T18:25:25Z" user="Rub21" uid="510836" lat="37.7962413" lon="-122.4546572"/>
 <node id="2919105363" visible="true" version="1" changeset="22969849" timestamp="2014-06-16T18:25:25Z" user="Rub21" uid="510836" lat="37.7962428" lon="-122.4546394"/>
 <node id="2919105364" visible="true" version="1" changeset="22969849" timestamp="2014-06-16T18:25:25Z" user="Rub21" uid="510836" lat="37.7962472" lon="-122.4550265"/>
 <node id="2919105365" visible="true" version="1" changeset="22969849" timestamp="2014-06-16T18:25:25Z" user="Rub21" uid="510836" lat="37.7962511" lon="-122.4549841"/>
 <node id="2919105366" visible="true" version="1" changeset="22969849" timestamp="2014-06-16T18:25:25Z" user="Rub21" uid="510836" lat="37.7962572" lon="-122.4549180"/>
 <node id="2919105367" visible="true" version="1" changeset="22969849" timestamp="2014-06-16T18:25:25Z" user="Rub21" uid="510836" lat="37.7962579" lon="-122.4549111"/>
 <node id="2919105368" visible="true" version="1" changeset="22969849" timestamp="2014-06-16T18:25:25Z" user="Rub21" uid="510836" lat="37.7962583" lon="-122.4545265"/>
 <node id="2919105369" visible="true" version="1" changeset="22969849" timestamp="2014-06-16T18:25:25Z" user="Rub21" uid="510836" lat="37.7962612" lon="-122.4544920"/>
 <node id="2919105370" visible="true" version="1" changeset="22969849" timestamp="2014-06-16T18:25:25Z" user="Rub21" uid="510836" lat="37.7962765" lon="-122.4549879"/>
 <node id="2919105371" visible="true" version="1" changeset="22969849" timestamp="2014-06-16T18:25:25Z" user="Rub21" uid="510836" lat="37.7962771" lon="-122.4546441"/>
 <node id="2919105372" visible="true" version="1" changeset="22969849" timestamp="2014-06-16T18:25:25Z" user="Rub21" uid="510836" lat="37.7962776" lon="-122.4546379"/>
 <node id="2919105373" visible="true" version="1" changeset="22969849" timestamp="2014-06-16T18:25:25Z" user="Rub21" uid="510836" lat="37.7962826" lon="-122.4549217"/>
 <node id="2919105374" visible="true" version="1" changeset="22969849" timestamp="2014-06-16T18:25:25Z" user="Rub21" uid="510836" lat="37.7962831" lon="-122.4545711"/>
 <node id="2919105375" visible="true" version="1" changeset="22969849" timestamp="2014-06-16T18:25:25Z" user="Rub21" uid="510836" lat="37.7962863" lon="-122.4545329"/>
 <node id="2919105376" visible="true" version="1" changeset="22969849" timestamp="2014-06-16T18:25:25Z" user="Rub21" uid="510836" lat="37.7962865" lon="-122.4545303"/>
 <node id="2919105377" visible="true" version="1" changeset="22969849" timestamp="2014-06-16T18:25:25Z" user="Rub21" uid="510836" lat="37.7963073" lon="-122.4546419"/>
 <node id="2919105378" visible="true" version="1" changeset="22969849" timestamp="2014-06-16T18:25:25Z" user="Rub21" uid="510836" lat="37.7963130" lon="-122.4545751"/>
 <node id="2919105379" visible="true" version="1" changeset="22969849" timestamp="2014-06-16T18:25:25Z" user="Rub21" uid="510836" lat="37.7963501" lon="-122.4549972"/>
 <node id="2919105380" visible="true" version="1" changeset="22969849" timestamp="2014-06-16T18:25:25Z" user="Rub21" uid="510836" lat="37.7963562" lon="-122.4549319"/>
 <node id="2919105381" visible="true" version="1" changeset="22969849" timestamp="2014-06-16T18:25:25Z" user="Rub21" uid="510836" lat="37.7963789" lon="-122.4550431"/>
 <node id="2919105382" visible="true" version="1" changeset="22969849" timestamp="2014-06-16T18:25:25Z" user="Rub21" uid="510836" lat="37.7963827" lon="-122.4550020"/>
 <node id="2919105383" visible="true" version="1" changeset="22969849" timestamp="2014-06-16T18:25:25Z" user="Rub21" uid="510836" lat="37.7963871" lon="-122.4549365"/>
 <node id="2919105384" visible="true" version="1" changeset="22969849" timestamp="2014-06-16T18:25:25Z" user="Rub21" uid="510836" lat="37.7963881" lon="-122.4549250"/>
 <node id="2919105385" visible="true" version="1" changeset="22969849" timestamp="2014-06-16T18:25:25Z" user="Rub21" uid="510836" lat="37.7964057" lon="-122.4550703"/>
 <node id="2919105386" visible="true" version="1" changeset="22969849" timestamp="2014-06-16T18:25:25Z" user="Rub21" uid="510836" lat="37.7964078" lon="-122.4550474"/>
 <node id="2919105387" visible="true" version="1" changeset="22969849" timestamp="2014-06-16T18:25:25Z" user="Rub21" uid="510836" lat="37.7964225" lon="-122.4549301"/>
 <node id="2919105388" visible="true" version="1" changeset="22969849" timestamp="2014-06-16T18:25:26Z" user="Rub21" uid="510836" lat="37.7964237" lon="-122.4549176"/>
 <node id="2919105389" visible="true" version="1" changeset="22969849" timestamp="2014-06-16T18:25:26Z" user="Rub21" uid="510836" lat="37.7964286" lon="-122.4549184"/>
 <node id="2919105390" visible="true" version="1" changeset="22969849" timestamp="2014-06-16T18:25:26Z" user="Rub21" uid="510836" lat="37.7964316" lon="-122.4548857"/>
 <node id="2919105391" visible="true" version="1" changeset="22969849" timestamp="2014-06-16T18:25:26Z" user="Rub21" uid="510836" lat="37.7964437" lon="-122.4549206"/>
 <node id="2919105392" visible="true" version="1" changeset="22969849" timestamp="2014-06-16T18:25:26Z" user="Rub21" uid="510836" lat="37.7964467" lon="-122.4548879"/>
 <node id="2919105393" visible="true" version="1" changeset="22969849" timestamp="2014-06-16T18:25:26Z" user="Rub21" uid="510836" lat="37.7964557" lon="-122.4549224"/>
 <node id="2919105394" visible="true" version="1" changeset="22969849" timestamp="2014-06-16T18:25:26Z" user="Rub21" uid="510836" lat="37.7964584" lon="-122.4548931"/>
 <node id="2919105395" visible="true" version="1" changeset="22969849" timestamp="2014-06-16T18:25:26Z" user="Rub21" uid="510836" lat="37.7964708" lon="-122.4550799"/>
 <node id="2919105396" visible="true" version="1" changeset="22969849" timestamp="2014-06-16T18:25:26Z" user="Rub21" uid="510836" lat="37.7964726" lon="-122.4549249"/>
 <node id="2919105397" visible="true" version="1" changeset="22969849" timestamp="2014-06-16T18:25:26Z" user="Rub21" uid="510836" lat="37.7964729" lon="-122.4550570"/>
 <node id="2919105398" visible="true" version="1" changeset="22969849" timestamp="2014-06-16T18:25:26Z" user="Rub21" uid="510836" lat="37.7964743" lon="-122.4549378"/>
 <node id="2919105399" visible="true" version="1" changeset="22969849" timestamp="2014-06-16T18:25:26Z" user="Rub21" uid="510836" lat="37.7964753" lon="-122.4548956"/>
 <node id="2919105400" visible="true" version="1" changeset="22969849" timestamp="2014-06-16T18:25:26Z" user="Rub21" uid="510836" lat="37.7964754" lon="-122.4549253"/>
 <node id="2919105501" visible="true" version="1" changeset="22969849" timestamp="2014-06-16T18:25:26Z" user="Rub21" uid="510836" lat="37.7964969" lon="-122.4550605"/>
 <node id="2919105502" visible="true" version="1" changeset="22969849" timestamp="2014-06-16T18:25:26Z" user="Rub21" uid="510836" lat="37.7965007" lon="-122.4550195"/>
 <node id="2919105503" visible="true" version="1" changeset="22969849" timestamp="2014-06-16T18:25:26Z" user="Rub21" uid="510836" lat="37.7965091" lon="-122.4549546"/>
 <node id="2919105504" visible="true" version="1" changeset="22969849" timestamp="2014-06-16T18:25:26Z" user="Rub21" uid="510836" lat="37.7965102" lon="-122.4549431"/>
 <node id="2919105505" visible="true" version="1" changeset="22969849" timestamp="2014-06-16T18:25:26Z" user="Rub21" uid="510836" lat="37.7965307" lon="-122.4550240"/>
 <node id="2919105506" visible="true" version="1" changeset="22969849" timestamp="2014-06-16T18:25:26Z" user="Rub21" uid="510836" lat="37.7965368" lon="-122.4549587"/>
 <node id="2919115591" visible="true" version="1" changeset="22970023" timestamp="2014-06-16T18:34:56Z" user="Rub21" uid="510836" lat="37.7948026" lon="-122.4527708"/>
 <node id="2919115592" visible="true" version="1" changeset="22970023" timestamp="2014-06-16T18:34:56Z" user="Rub21" uid="510836" lat="37.7948042" lon="-122.4526499"/>
 <node id="2919115593" visible="true" version="1" changeset="22970023" timestamp="2014-06-16T18:34:56Z" user="Rub21" uid="510836" lat="37.7948237" lon="-122.4527886"/>
 <node id="2919115594" visible="true" version="1" changeset="22970023" timestamp="2014-06-16T18:34:56Z" user="Rub21" uid="510836" lat="37.7948239" lon="-122.4527712"/>
 <node id="2919115595" visible="true" version="1" changeset="22970023" timestamp="2014-06-16T18:34:56Z" user="Rub21" uid="510836" lat="37.7949229" lon="-122.4527906"/>
 <node id="2919115596" visible="true" version="1" changeset="22970023" timestamp="2014-06-16T18:34:56Z" user="Rub21" uid="510836" lat="37.7949231" lon="-122.4527733"/>
 <node id="2919115597" visible="true" version="1" changeset="22970023" timestamp="2014-06-16T18:34:56Z" user="Rub21" uid="510836" lat="37.7949521" lon="-122.4527925"/>
 <node id="2919115598" visible="true" version="1" changeset="22970023" timestamp="2014-06-16T18:34:56Z" user="Rub21" uid="510836" lat="37.7949523" lon="-122.4527739"/>
 <node id="2919115599" visible="true" version="1" changeset="22970023" timestamp="2014-06-16T18:34:56Z" user="Rub21" uid="510836" lat="37.7950461" lon="-122.4527945"/>
 <node id="2919115600" visible="true" version="1" changeset="22970023" timestamp="2014-06-16T18:34:56Z" user="Rub21" uid="510836" lat="37.7950463" lon="-122.4527759"/>
 <node id="2919115701" visible="true" version="1" changeset="22970023" timestamp="2014-06-16T18:34:56Z" user="Rub21" uid="510836" lat="37.7950727" lon="-122.4527764"/>
 <node id="2919115702" visible="true" version="1" changeset="22970023" timestamp="2014-06-16T18:34:56Z" user="Rub21" uid="510836" lat="37.7950743" lon="-122.4526556"/>
 <node id="2919115703" visible="true" version="1" changeset="22970023" timestamp="2014-06-16T18:34:56Z" user="Rub21" uid="510836" lat="37.7965460" lon="-122.4546776"/>
 <node id="2919115704" visible="true" version="1" changeset="22970023" timestamp="2014-06-16T18:34:56Z" user="Rub21" uid="510836" lat="37.7965513" lon="-122.4546131"/>
 <node id="2919115705" visible="true" version="1" changeset="22970023" timestamp="2014-06-16T18:34:56Z" user="Rub21" uid="510836" lat="37.7965699" lon="-122.4546867"/>
 <node id="2919115706" visible="true" version="1" changeset="22970023" timestamp="2014-06-16T18:34:56Z" user="Rub21" uid="510836" lat="37.7965704" lon="-122.4546808"/>
 <node id="2919115707" visible="true" version="1" changeset="22970023" timestamp="2014-06-16T18:34:56Z" user="Rub21" uid="510836" lat="37.7965757" lon="-122.4546162"/>
 <node id="2919115708" visible="true" version="1" changeset="22970023" timestamp="2014-06-16T18:34:56Z" user="Rub21" uid="510836" lat="37.7965794" lon="-122.4545710"/>
 <node id="2919115709" visible="true" version="1" changeset="22970023" timestamp="2014-06-16T18:34:56Z" user="Rub21" uid="510836" lat="37.7966063" lon="-122.4547081"/>
 <node id="2919115710" visible="true" version="1" changeset="22970023" timestamp="2014-06-16T18:34:56Z" user="Rub21" uid="510836" lat="37.7966077" lon="-122.4546916"/>
 <node id="2919115711" visible="true" version="1" changeset="22970023" timestamp="2014-06-16T18:34:56Z" user="Rub21" uid="510836" lat="37.7966078" lon="-122.4547443"/>
 <node id="2919115712" visible="true" version="1" changeset="22970023" timestamp="2014-06-16T18:34:56Z" user="Rub21" uid="510836" lat="37.7966096" lon="-122.4545749"/>
 <node id="2919115713" visible="true" version="1" changeset="22970023" timestamp="2014-06-16T18:34:56Z" user="Rub21" uid="510836" lat="37.7966108" lon="-122.4547087"/>
 <node id="2919115714" visible="true" version="1" changeset="22970023" timestamp="2014-06-16T18:34:56Z" user="Rub21" uid="510836" lat="37.7966111" lon="-122.4545558"/>
 <node id="2919115715" visible="true" version="1" changeset="22970023" timestamp="2014-06-16T18:34:56Z" user="Rub21" uid="510836" lat="37.7966173" lon="-122.4545566"/>
 <node id="2919115716" visible="true" version="1" changeset="22970023" timestamp="2014-06-16T18:34:56Z" user="Rub21" uid="510836" lat="37.7966185" lon="-122.4545418"/>
 <node id="2919115717" visible="true" version="1" changeset="22970023" timestamp="2014-06-16T18:34:56Z" user="Rub21" uid="510836" lat="37.7966230" lon="-122.4547462"/>
 <node id="2919115718" visible="true" version="1" changeset="22970023" timestamp="2014-06-16T18:34:56Z" user="Rub21" uid="510836" lat="37.7966259" lon="-122.4547107"/>
 <node id="2919115719" visible="true" version="1" changeset="22970023" timestamp="2014-06-16T18:34:56Z" user="Rub21" uid="510836" lat="37.7966318" lon="-122.4547534"/>
 <node id="2919115720" visible="true" version="1" changeset="22970023" timestamp="2014-06-16T18:34:56Z" user="Rub21" uid="510836" lat="37.7966352" lon="-122.4547119"/>
 <node id="2919115721" visible="true" version="1" changeset="22970023" timestamp="2014-06-16T18:34:56Z" user="Rub21" uid="510836" lat="37.7966494" lon="-122.4547557"/>
 <node id="2919115722" visible="true" version="1" changeset="22970023" timestamp="2014-06-16T18:34:56Z" user="Rub21" uid="510836" lat="37.7966528" lon="-122.4547142"/>
 <node id="2919115723" visible="true" version="1" changeset="22970023" timestamp="2014-06-16T18:34:56Z" user="Rub21" uid="510836" lat="37.7966560" lon="-122.4547146"/>
 <node id="2919115724" visible="true" version="1" changeset="22970023" timestamp="2014-06-16T18:34:56Z" user="Rub21" uid="510836" lat="37.7966574" lon="-122.4546981"/>
 <node id="2919115725" visible="true" version="1" changeset="22970023" timestamp="2014-06-16T18:34:56Z" user="Rub21" uid="510836" lat="37.7966750" lon="-122.4545835"/>
 <node id="2919115726" visible="true" version="1" changeset="22970023" timestamp="2014-06-16T18:34:56Z" user="Rub21" uid="510836" lat="37.7966777" lon="-122.4545496"/>
 <node id="2919115727" visible="true" version="1" changeset="22970023" timestamp="2014-06-16T18:34:57Z" user="Rub21" uid="510836" lat="37.7966932" lon="-122.4547028"/>
 <node id="2919115728" visible="true" version="1" changeset="22970023" timestamp="2014-06-16T18:34:57Z" user="Rub21" uid="510836" lat="37.7966936" lon="-122.4546969"/>
 <node id="2919115729" visible="true" version="1" changeset="22970023" timestamp="2014-06-16T18:34:57Z" user="Rub21" uid="510836" lat="37.7967030" lon="-122.4546329"/>
 <node id="2919115730" visible="true" version="1" changeset="22970023" timestamp="2014-06-16T18:34:57Z" user="Rub21" uid="510836" lat="37.7967067" lon="-122.4545876"/>
 <node id="2919115731" visible="true" version="1" changeset="22970023" timestamp="2014-06-16T18:34:57Z" user="Rub21" uid="510836" lat="37.7967240" lon="-122.4547009"/>
 <node id="2919115732" visible="true" version="1" changeset="22970023" timestamp="2014-06-16T18:34:57Z" user="Rub21" uid="510836" lat="37.7967292" lon="-122.4546364"/>
 <node id="2919177107" visible="true" version="1" changeset="22970948" timestamp="2014-06-16T19:20:23Z" user="Rub21" uid="510836" lat="37.7949930" lon="-122.4522029"/>
 <node id="2919177108" visible="true" version="1" changeset="22970948" timestamp="2014-06-16T19:20:23Z" user="Rub21" uid="510836" lat="37.7949973" lon="-122.4521523"/>
 <node id="2919177109" visible="true" version="1" changeset="22970948" timestamp="2014-06-16T19:20:23Z" user="Rub21" uid="510836" lat="37.7950060" lon="-122.4522460"/>
 <node id="2919177110" visible="true" version="1" changeset="22970948" timestamp="2014-06-16T19:20:23Z" user="Rub21" uid="510836" lat="37.7950151" lon="-122.4521745"/>
 <node id="2919177111" visible="true" version="1" changeset="22970948" timestamp="2014-06-16T19:20:23Z" user="Rub21" uid="510836" lat="37.7950166" lon="-122.4522323"/>
 <node id="2919177112" visible="true" version="1" changeset="22970948" timestamp="2014-06-16T19:20:23Z" user="Rub21" uid="510836" lat="37.7950335" lon="-122.4521057"/>
 <node id="2919177113" visible="true" version="1" changeset="22970948" timestamp="2014-06-16T19:20:23Z" user="Rub21" uid="510836" lat="37.7950506" lon="-122.4521270"/>
 <node id="2919177114" visible="true" version="1" changeset="22970948" timestamp="2014-06-16T19:20:23Z" user="Rub21" uid="510836" lat="37.7950507" lon="-122.4526151"/>
 <node id="2919177115" visible="true" version="1" changeset="22970948" timestamp="2014-06-16T19:20:23Z" user="Rub21" uid="510836" lat="37.7950507" lon="-122.4526356"/>
 <node id="2919177116" visible="true" version="1" changeset="22970948" timestamp="2014-06-16T19:20:23Z" user="Rub21" uid="510836" lat="37.7950517" lon="-122.4523028"/>
 <node id="2919177117" visible="true" version="1" changeset="22970948" timestamp="2014-06-16T19:20:23Z" user="Rub21" uid="510836" lat="37.7950550" lon="-122.4521215"/>
 <node id="2919177118" visible="true" version="1" changeset="22970948" timestamp="2014-06-16T19:20:23Z" user="Rub21" uid="510836" lat="37.7950623" lon="-122.4522891"/>
 <node id="2919177119" visible="true" version="1" changeset="22970948" timestamp="2014-06-16T19:20:23Z" user="Rub21" uid="510836" lat="37.7950659" lon="-122.4526151"/>
 <node id="2919177120" visible="true" version="1" changeset="22970948" timestamp="2014-06-16T19:20:23Z" user="Rub21" uid="510836" lat="37.7950659" lon="-122.4526356"/>
 <node id="2919177121" visible="true" version="1" changeset="22970948" timestamp="2014-06-16T19:20:23Z" user="Rub21" uid="510836" lat="37.7950822" lon="-122.4523139"/>
 <node id="2919177122" visible="true" version="1" changeset="22970948" timestamp="2014-06-16T19:20:23Z" user="Rub21" uid="510836" lat="37.7950824" lon="-122.4521556"/>
 <node id="2919177123" visible="true" version="1" changeset="22970948" timestamp="2014-06-16T19:20:23Z" user="Rub21" uid="510836" lat="37.7950929" lon="-122.4521421"/>
 <node id="2919177124" visible="true" version="1" changeset="22970948" timestamp="2014-06-16T19:20:23Z" user="Rub21" uid="510836" lat="37.7951043" lon="-122.4522854"/>
 <node id="2919177125" visible="true" version="1" changeset="22970948" timestamp="2014-06-16T19:20:23Z" user="Rub21" uid="510836" lat="37.7951175" lon="-122.4521992"/>
 <node id="2919177126" visible="true" version="1" changeset="22970948" timestamp="2014-06-16T19:20:23Z" user="Rub21" uid="510836" lat="37.7951231" lon="-122.4523087"/>
 <node id="2919177127" visible="true" version="1" changeset="22970948" timestamp="2014-06-16T19:20:23Z" user="Rub21" uid="510836" lat="37.7951280" lon="-122.4521857"/>
 <node id="2919177128" visible="true" version="1" changeset="22970948" timestamp="2014-06-16T19:20:23Z" user="Rub21" uid="510836" lat="37.7951412" lon="-122.4522396"/>
 <node id="2919177129" visible="true" version="1" changeset="22970948" timestamp="2014-06-16T19:20:23Z" user="Rub21" uid="510836" lat="37.7951455" lon="-122.4522340"/>
 <node id="2919177130" visible="true" version="1" changeset="22970948" timestamp="2014-06-16T19:20:23Z" user="Rub21" uid="510836" lat="37.7951593" lon="-122.4522621"/>
 <node id="2919193255" visible="true" version="1" changeset="22971118" timestamp="2014-06-16T19:28:28Z" user="Rub21" uid="510836" lat="37.7953352" lon="-122.4488740"/>
 <node id="2919193256" visible="true" version="1" changeset="22971118" timestamp="2014-06-16T19:28:28Z" user="Rub21" uid="510836" lat="37.7953367" lon="-122.4487792"/>
 <node id="2919193257" visible="true" version="1" changeset="22971118" timestamp="2014-06-16T19:28:28Z" user="Rub21" uid="510836" lat="37.7953440" lon="-122.4489055"/>
 <node id="2919193258" visible="true" version="1" changeset="22971118" timestamp="2014-06-16T19:28:28Z" user="Rub21" uid="510836" lat="37.7953451" lon="-122.4488311"/>
 <node id="2919193259" visible="true" version="1" changeset="22971118" timestamp="2014-06-16T19:28:28Z" user="Rub21" uid="510836" lat="37.7953506" lon="-122.4488286"/>
 <node id="2919193260" visible="true" version="1" changeset="22971118" timestamp="2014-06-16T19:28:28Z" user="Rub21" uid="510836" lat="37.7953546" lon="-122.4488653"/>
 <node id="2919193261" visible="true" version="1" changeset="22971118" timestamp="2014-06-16T19:28:28Z" user="Rub21" uid="510836" lat="37.7953612" lon="-122.4489669"/>
 <node id="2919193262" visible="true" version="1" changeset="22971118" timestamp="2014-06-16T19:28:28Z" user="Rub21" uid="510836" lat="37.7953635" lon="-122.4488968"/>
 <node id="2919193263" visible="true" version="1" changeset="22971118" timestamp="2014-06-16T19:28:28Z" user="Rub21" uid="510836" lat="37.7953712" lon="-122.4490024"/>
 <node id="2919193264" visible="true" version="1" changeset="22971118" timestamp="2014-06-16T19:28:28Z" user="Rub21" uid="510836" lat="37.7953807" lon="-122.4489582"/>
 <node id="2919193265" visible="true" version="1" changeset="22971118" timestamp="2014-06-16T19:28:28Z" user="Rub21" uid="510836" lat="37.7953906" lon="-122.4489936"/>
 <node id="2919193266" visible="true" version="1" changeset="22971118" timestamp="2014-06-16T19:28:28Z" user="Rub21" uid="510836" lat="37.7954015" lon="-122.4490325"/>
 <node id="2919193267" visible="true" version="1" changeset="22971118" timestamp="2014-06-16T19:28:28Z" user="Rub21" uid="510836" lat="37.7954070" lon="-122.4490300"/>
 <node id="2919193268" visible="true" version="1" changeset="22971118" timestamp="2014-06-16T19:28:28Z" user="Rub21" uid="510836" lat="37.7954091" lon="-122.4487467"/>
 <node id="2919193269" visible="true" version="1" changeset="22971118" timestamp="2014-06-16T19:28:28Z" user="Rub21" uid="510836" lat="37.7954194" lon="-122.4490743"/>
 <node id="2919193270" visible="true" version="1" changeset="22971118" timestamp="2014-06-16T19:28:28Z" user="Rub21" uid="510836" lat="37.7954225" lon="-122.4487944"/>
 <node id="2919193271" visible="true" version="1" changeset="22971118" timestamp="2014-06-16T19:28:28Z" user="Rub21" uid="510836" lat="37.7954289" lon="-122.4487916"/>
 <node id="2919193272" visible="true" version="1" changeset="22971118" timestamp="2014-06-16T19:28:28Z" user="Rub21" uid="510836" lat="37.7954630" lon="-122.4493315"/>
 <node id="2919193273" visible="true" version="1" changeset="22971118" timestamp="2014-06-16T19:28:28Z" user="Rub21" uid="510836" lat="37.7954650" lon="-122.4492344"/>
 <node id="2919193274" visible="true" version="1" changeset="22971118" timestamp="2014-06-16T19:28:28Z" user="Rub21" uid="510836" lat="37.7954713" lon="-122.4492845"/>
 <node id="2919193275" visible="true" version="1" changeset="22971118" timestamp="2014-06-16T19:28:28Z" user="Rub21" uid="510836" lat="37.7954729" lon="-122.4493645"/>
 <node id="2919193276" visible="true" version="1" changeset="22971118" timestamp="2014-06-16T19:28:28Z" user="Rub21" uid="510836" lat="37.7954787" lon="-122.4489951"/>
 <node id="2919193277" visible="true" version="1" changeset="22971118" timestamp="2014-06-16T19:28:28Z" user="Rub21" uid="510836" lat="37.7954789" lon="-122.4492809"/>
 <node id="2919193278" visible="true" version="1" changeset="22971118" timestamp="2014-06-16T19:28:28Z" user="Rub21" uid="510836" lat="37.7954826" lon="-122.4493221"/>
 <node id="2919193279" visible="true" version="1" changeset="22971118" timestamp="2014-06-16T19:28:28Z" user="Rub21" uid="510836" lat="37.7954851" lon="-122.4489922"/>
 <node id="2919193280" visible="true" version="1" changeset="22971118" timestamp="2014-06-16T19:28:28Z" user="Rub21" uid="510836" lat="37.7954918" lon="-122.4490418"/>
 <node id="2919193281" visible="true" version="1" changeset="22971118" timestamp="2014-06-16T19:28:28Z" user="Rub21" uid="510836" lat="37.7954919" lon="-122.4494208"/>
 <node id="2919193282" visible="true" version="1" changeset="22971118" timestamp="2014-06-16T19:28:28Z" user="Rub21" uid="510836" lat="37.7954925" lon="-122.4493551"/>
 <node id="2919193283" visible="true" version="1" changeset="22971118" timestamp="2014-06-16T19:28:28Z" user="Rub21" uid="510836" lat="37.7955012" lon="-122.4494520"/>
 <node id="2919193284" visible="true" version="1" changeset="22971118" timestamp="2014-06-16T19:28:28Z" user="Rub21" uid="510836" lat="37.7955097" lon="-122.4494123"/>
 <node id="2919193285" visible="true" version="1" changeset="22971118" timestamp="2014-06-16T19:28:28Z" user="Rub21" uid="510836" lat="37.7955190" lon="-122.4494435"/>
 <node id="2919193286" visible="true" version="1" changeset="22971118" timestamp="2014-06-16T19:28:28Z" user="Rub21" uid="510836" lat="37.7955334" lon="-122.4494913"/>
 <node id="2919193287" visible="true" version="1" changeset="22971118" timestamp="2014-06-16T19:28:28Z" user="Rub21" uid="510836" lat="37.7955356" lon="-122.4492004"/>
 <node id="2919193289" visible="true" version="1" changeset="22971118" timestamp="2014-06-16T19:28:28Z" user="Rub21" uid="510836" lat="37.7955411" lon="-122.4494876"/>
 <node id="2919193290" visible="true" version="1" changeset="22971118" timestamp="2014-06-16T19:28:28Z" user="Rub21" uid="510836" lat="37.7955497" lon="-122.4492472"/>
 <node id="2919193291" visible="true" version="1" changeset="22971118" timestamp="2014-06-16T19:28:28Z" user="Rub21" uid="510836" lat="37.7955526" lon="-122.4495261"/>
 <node id="2919193292" visible="true" version="1" changeset="22971118" timestamp="2014-06-16T19:28:28Z" user="Rub21" uid="510836" lat="37.7955539" lon="-122.4492452"/>
 <node id="2919193293" visible="true" version="1" changeset="22971118" timestamp="2014-06-16T19:28:28Z" user="Rub21" uid="510836" lat="37.7955778" lon="-122.4497804"/>
 <node id="2919193294" visible="true" version="1" changeset="22971118" timestamp="2014-06-16T19:28:29Z" user="Rub21" uid="510836" lat="37.7955850" lon="-122.4498136"/>
 <node id="2919193295" visible="true" version="1" changeset="22971118" timestamp="2014-06-16T19:28:29Z" user="Rub21" uid="510836" lat="37.7955872" lon="-122.4496835"/>
 <node id="2919193296" visible="true" version="1" changeset="22971118" timestamp="2014-06-16T19:28:29Z" user="Rub21" uid="510836" lat="37.7955917" lon="-122.4497298"/>
 <node id="2919193297" visible="true" version="1" changeset="22971118" timestamp="2014-06-16T19:28:29Z" user="Rub21" uid="510836" lat="37.7955969" lon="-122.4497280"/>
 <node id="2919193298" visible="true" version="1" changeset="22971118" timestamp="2014-06-16T19:28:29Z" user="Rub21" uid="510836" lat="37.7956009" lon="-122.4497723"/>
 <node id="2919193299" visible="true" version="1" changeset="22971118" timestamp="2014-06-16T19:28:29Z" user="Rub21" uid="510836" lat="37.7956009" lon="-122.4498746"/>
 <node id="2919193300" visible="true" version="1" changeset="22971118" timestamp="2014-06-16T19:28:29Z" user="Rub21" uid="510836" lat="37.7956080" lon="-122.4499075"/>
 <node id="2919193501" visible="true" version="1" changeset="22971118" timestamp="2014-06-16T19:28:29Z" user="Rub21" uid="510836" lat="37.7956081" lon="-122.4498056"/>
 <node id="2919193502" visible="true" version="1" changeset="22971118" timestamp="2014-06-16T19:28:29Z" user="Rub21" uid="510836" lat="37.7956110" lon="-122.4494513"/>
 <node id="2919193503" visible="true" version="1" changeset="22971118" timestamp="2014-06-16T19:28:29Z" user="Rub21" uid="510836" lat="37.7956152" lon="-122.4494492"/>
 <node id="2919193504" visible="true" version="1" changeset="22971118" timestamp="2014-06-16T19:28:29Z" user="Rub21" uid="510836" lat="37.7956216" lon="-122.4498675"/>
 <node id="2919193505" visible="true" version="1" changeset="22971118" timestamp="2014-06-16T19:28:29Z" user="Rub21" uid="510836" lat="37.7956232" lon="-122.4494921"/>
 <node id="2919193506" visible="true" version="1" changeset="22971118" timestamp="2014-06-16T19:28:29Z" user="Rub21" uid="510836" lat="37.7956287" lon="-122.4499003"/>
 <node id="2919193507" visible="true" version="1" changeset="22971118" timestamp="2014-06-16T19:28:29Z" user="Rub21" uid="510836" lat="37.7956379" lon="-122.4499427"/>
 <node id="2919193508" visible="true" version="1" changeset="22971118" timestamp="2014-06-16T19:28:29Z" user="Rub21" uid="510836" lat="37.7956431" lon="-122.4499409"/>
 <node id="2919193509" visible="true" version="1" changeset="22971118" timestamp="2014-06-16T19:28:29Z" user="Rub21" uid="510836" lat="37.7956533" lon="-122.4499877"/>
 <node id="2919193510" visible="true" version="1" changeset="22971118" timestamp="2014-06-16T19:28:29Z" user="Rub21" uid="510836" lat="37.7956616" lon="-122.4496577"/>
 <node id="2919193511" visible="true" version="1" changeset="22971118" timestamp="2014-06-16T19:28:29Z" user="Rub21" uid="510836" lat="37.7956626" lon="-122.4502372"/>
 <node id="2919193512" visible="true" version="1" changeset="22971118" timestamp="2014-06-16T19:28:29Z" user="Rub21" uid="510836" lat="37.7956680" lon="-122.4502764"/>
 <node id="2919193513" visible="true" version="1" changeset="22971118" timestamp="2014-06-16T19:28:29Z" user="Rub21" uid="510836" lat="37.7956717" lon="-122.4497043"/>
 <node id="2919193514" visible="true" version="1" changeset="22971118" timestamp="2014-06-16T19:28:29Z" user="Rub21" uid="510836" lat="37.7956780" lon="-122.4497021"/>
 <node id="2919193515" visible="true" version="1" changeset="22971118" timestamp="2014-06-16T19:28:29Z" user="Rub21" uid="510836" lat="37.7956821" lon="-122.4503353"/>
 <node id="2919193516" visible="true" version="1" changeset="22971118" timestamp="2014-06-16T19:28:29Z" user="Rub21" uid="510836" lat="37.7956852" lon="-122.4501436"/>
 <node id="2919193517" visible="true" version="1" changeset="22971118" timestamp="2014-06-16T19:28:29Z" user="Rub21" uid="510836" lat="37.7956856" lon="-122.4501968"/>
 <node id="2919193518" visible="true" version="1" changeset="22971118" timestamp="2014-06-16T19:28:29Z" user="Rub21" uid="510836" lat="37.7956867" lon="-122.4503687"/>
 <node id="2919193519" visible="true" version="1" changeset="22971118" timestamp="2014-06-16T19:28:29Z" user="Rub21" uid="510836" lat="37.7956903" lon="-122.4502311"/>
 <node id="2919193520" visible="true" version="1" changeset="22971118" timestamp="2014-06-16T19:28:29Z" user="Rub21" uid="510836" lat="37.7956924" lon="-122.4501953"/>
 <node id="2919193521" visible="true" version="1" changeset="22971118" timestamp="2014-06-16T19:28:29Z" user="Rub21" uid="510836" lat="37.7956957" lon="-122.4502702"/>
 <node id="2919193522" visible="true" version="1" changeset="22971118" timestamp="2014-06-16T19:28:29Z" user="Rub21" uid="510836" lat="37.7957041" lon="-122.4503305"/>
 <node id="2919193523" visible="true" version="1" changeset="22971118" timestamp="2014-06-16T19:28:29Z" user="Rub21" uid="510836" lat="37.7957087" lon="-122.4503638"/>
 <node id="2919193524" visible="true" version="1" changeset="22971118" timestamp="2014-06-16T19:28:29Z" user="Rub21" uid="510836" lat="37.7957156" lon="-122.4504137"/>
 <node id="2919193525" visible="true" version="1" changeset="22971118" timestamp="2014-06-16T19:28:29Z" user="Rub21" uid="510836" lat="37.7957167" lon="-122.4499118"/>
 <node id="2919193526" visible="true" version="1" changeset="22971118" timestamp="2014-06-16T19:28:29Z" user="Rub21" uid="510836" lat="37.7957223" lon="-122.4504122"/>
 <node id="2919193527" visible="true" version="1" changeset="22971118" timestamp="2014-06-16T19:28:29Z" user="Rub21" uid="510836" lat="37.7957231" lon="-122.4499096"/>
 <node id="2919193528" visible="true" version="1" changeset="22971118" timestamp="2014-06-16T19:28:29Z" user="Rub21" uid="510836" lat="37.7957275" lon="-122.4504495"/>
 <node id="2919193529" visible="true" version="1" changeset="22971118" timestamp="2014-06-16T19:28:29Z" user="Rub21" uid="510836" lat="37.7957276" lon="-122.4499618"/>
 <node id="2919193530" visible="true" version="1" changeset="22971118" timestamp="2014-06-16T19:28:29Z" user="Rub21" uid="510836" lat="37.7957281" lon="-122.4507022"/>
 <node id="2919193531" visible="true" version="1" changeset="22971118" timestamp="2014-06-16T19:28:29Z" user="Rub21" uid="510836" lat="37.7957318" lon="-122.4507384"/>
 <node id="2919193532" visible="true" version="1" changeset="22971118" timestamp="2014-06-16T19:28:29Z" user="Rub21" uid="510836" lat="37.7957365" lon="-122.4526721"/>
 <node id="2919193533" visible="true" version="1" changeset="22971118" timestamp="2014-06-16T19:28:29Z" user="Rub21" uid="510836" lat="37.7957438" lon="-122.4508030"/>
 <node id="2919193534" visible="true" version="1" changeset="22971118" timestamp="2014-06-16T19:28:29Z" user="Rub21" uid="510836" lat="37.7957453" lon="-122.4506617"/>
 <node id="2919193535" visible="true" version="1" changeset="22971118" timestamp="2014-06-16T19:28:29Z" user="Rub21" uid="510836" lat="37.7957471" lon="-122.4506135"/>
 <node id="2919193536" visible="true" version="1" changeset="22971118" timestamp="2014-06-16T19:28:29Z" user="Rub21" uid="510836" lat="37.7957475" lon="-122.4508385"/>
 <node id="2919193537" visible="true" version="1" changeset="22971118" timestamp="2014-06-16T19:28:29Z" user="Rub21" uid="510836" lat="37.7957490" lon="-122.4506987"/>
 <node id="2919193538" visible="true" version="1" changeset="22971118" timestamp="2014-06-16T19:28:29Z" user="Rub21" uid="510836" lat="37.7957519" lon="-122.4506606"/>
 <node id="2919193539" visible="true" version="1" changeset="22971118" timestamp="2014-06-16T19:28:29Z" user="Rub21" uid="510836" lat="37.7957527" lon="-122.4507350"/>
 <node id="2919193540" visible="true" version="1" changeset="22971118" timestamp="2014-06-16T19:28:30Z" user="Rub21" uid="510836" lat="37.7957576" lon="-122.4527941"/>
 <node id="2919193541" visible="true" version="1" changeset="22971118" timestamp="2014-06-16T19:28:30Z" user="Rub21" uid="510836" lat="37.7957586" lon="-122.4501273"/>
 <node id="2919193542" visible="true" version="1" changeset="22971118" timestamp="2014-06-16T19:28:30Z" user="Rub21" uid="510836" lat="37.7957594" lon="-122.4508004"/>
 <node id="2919193543" visible="true" version="1" changeset="22971118" timestamp="2014-06-16T19:28:30Z" user="Rub21" uid="510836" lat="37.7957630" lon="-122.4508360"/>
 <node id="2919193544" visible="true" version="1" changeset="22971118" timestamp="2014-06-16T19:28:30Z" user="Rub21" uid="510836" lat="37.7957651" lon="-122.4501740"/>
 <node id="2919193545" visible="true" version="1" changeset="22971118" timestamp="2014-06-16T19:28:30Z" user="Rub21" uid="510836" lat="37.7957672" lon="-122.4508771"/>
 <node id="2919193546" visible="true" version="1" changeset="22971118" timestamp="2014-06-16T19:28:30Z" user="Rub21" uid="510836" lat="37.7957715" lon="-122.4501726"/>
 <node id="2919193547" visible="true" version="1" changeset="22971118" timestamp="2014-06-16T19:28:30Z" user="Rub21" uid="510836" lat="37.7957739" lon="-122.4508760"/>
 <node id="2919193548" visible="true" version="1" changeset="22971118" timestamp="2014-06-16T19:28:30Z" user="Rub21" uid="510836" lat="37.7957786" lon="-122.4509222"/>
 <node id="2919193549" visible="true" version="1" changeset="22971118" timestamp="2014-06-16T19:28:30Z" user="Rub21" uid="510836" lat="37.7957954" lon="-122.4503934"/>
 <node id="2919193550" visible="true" version="1" changeset="22971118" timestamp="2014-06-16T19:28:30Z" user="Rub21" uid="510836" lat="37.7958009" lon="-122.4504332"/>
 <node id="2919193551" visible="true" version="1" changeset="22971118" timestamp="2014-06-16T19:28:30Z" user="Rub21" uid="510836" lat="37.7958018" lon="-122.4503919"/>
 <node id="2919193552" visible="true" version="1" changeset="22971118" timestamp="2014-06-16T19:28:30Z" user="Rub21" uid="510836" lat="37.7958206" lon="-122.4506015"/>
 <node id="2919193553" visible="true" version="1" changeset="22971118" timestamp="2014-06-16T19:28:30Z" user="Rub21" uid="510836" lat="37.7958251" lon="-122.4506461"/>
 <node id="2919193554" visible="true" version="1" changeset="22971118" timestamp="2014-06-16T19:28:30Z" user="Rub21" uid="510836" lat="37.7958324" lon="-122.4506449"/>
 <node id="2919193555" visible="true" version="1" changeset="22971118" timestamp="2014-06-16T19:28:30Z" user="Rub21" uid="510836" lat="37.7958474" lon="-122.4508650"/>
 <node id="2919193556" visible="true" version="1" changeset="22971118" timestamp="2014-06-16T19:28:30Z" user="Rub21" uid="510836" lat="37.7958520" lon="-122.4509102"/>
 <node id="2919193557" visible="true" version="1" changeset="22971118" timestamp="2014-06-16T19:28:30Z" user="Rub21" uid="510836" lat="37.7958547" lon="-122.4508638"/>
 <node id="2919193558" visible="true" version="1" changeset="22971118" timestamp="2014-06-16T19:28:30Z" user="Rub21" uid="510836" lat="37.7959592" lon="-122.4527673"/>
 <node id="2919193559" visible="true" version="1" changeset="22971118" timestamp="2014-06-16T19:28:30Z" user="Rub21" uid="510836" lat="37.7959621" lon="-122.4527871"/>
 <node id="2919193560" visible="true" version="1" changeset="22971118" timestamp="2014-06-16T19:28:30Z" user="Rub21" uid="510836" lat="37.7959973" lon="-122.4527585"/>
 <node id="2919193561" visible="true" version="1" changeset="22971118" timestamp="2014-06-16T19:28:30Z" user="Rub21" uid="510836" lat="37.7960002" lon="-122.4527782"/>
 <node id="2919193562" visible="true" version="1" changeset="22971118" timestamp="2014-06-16T19:28:30Z" user="Rub21" uid="510836" lat="37.7960294" lon="-122.4525909"/>
 <node id="2919193563" visible="true" version="1" changeset="22971118" timestamp="2014-06-16T19:28:30Z" user="Rub21" uid="510836" lat="37.7960506" lon="-122.4527129"/>
 <node id="2919193564" visible="true" version="1" changeset="22971118" timestamp="2014-06-16T19:28:30Z" user="Rub21" uid="510836" lat="37.7960658" lon="-122.4532408"/>
 <node id="2919193565" visible="true" version="1" changeset="22971118" timestamp="2014-06-16T19:28:30Z" user="Rub21" uid="510836" lat="37.7960872" lon="-122.4533647"/>
 <node id="2919193566" visible="true" version="1" changeset="22971118" timestamp="2014-06-16T19:28:30Z" user="Rub21" uid="510836" lat="37.7962446" lon="-122.4541694"/>
 <node id="2919193567" visible="true" version="1" changeset="22971118" timestamp="2014-06-16T19:28:30Z" user="Rub21" uid="510836" lat="37.7962532" lon="-122.4540879"/>
 <node id="2919193568" visible="true" version="1" changeset="22971118" timestamp="2014-06-16T19:28:30Z" user="Rub21" uid="510836" lat="37.7962619" lon="-122.4531705"/>
 <node id="2919193569" visible="true" version="1" changeset="22971118" timestamp="2014-06-16T19:28:30Z" user="Rub21" uid="510836" lat="37.7962646" lon="-122.4531858"/>
 <node id="2919193570" visible="true" version="1" changeset="22971118" timestamp="2014-06-16T19:28:30Z" user="Rub21" uid="510836" lat="37.7962909" lon="-122.4531625"/>
 <node id="2919193571" visible="true" version="1" changeset="22971118" timestamp="2014-06-16T19:28:30Z" user="Rub21" uid="510836" lat="37.7962936" lon="-122.4531778"/>
 <node id="2919193572" visible="true" version="1" changeset="22971118" timestamp="2014-06-16T19:28:30Z" user="Rub21" uid="510836" lat="37.7963597" lon="-122.4541887"/>
 <node id="2919193573" visible="true" version="1" changeset="22971118" timestamp="2014-06-16T19:28:30Z" user="Rub21" uid="510836" lat="37.7963682" lon="-122.4541072"/>
 <node id="2919193574" visible="true" version="1" changeset="22971118" timestamp="2014-06-16T19:28:30Z" user="Rub21" uid="510836" lat="37.7963942" lon="-122.4531353"/>
 <node id="2919193575" visible="true" version="1" changeset="22971118" timestamp="2014-06-16T19:28:30Z" user="Rub21" uid="510836" lat="37.7963966" lon="-122.4531493"/>
 <node id="2919193576" visible="true" version="1" changeset="22971118" timestamp="2014-06-16T19:28:30Z" user="Rub21" uid="510836" lat="37.7964283" lon="-122.4531259"/>
 <node id="2919193577" visible="true" version="1" changeset="22971118" timestamp="2014-06-16T19:28:30Z" user="Rub21" uid="510836" lat="37.7964307" lon="-122.4531399"/>
 <node id="2919193578" visible="true" version="1" changeset="22971118" timestamp="2014-06-16T19:28:30Z" user="Rub21" uid="510836" lat="37.7964935" lon="-122.4531225"/>
 <node id="2919193579" visible="true" version="1" changeset="22971118" timestamp="2014-06-16T19:28:30Z" user="Rub21" uid="510836" lat="37.7965149" lon="-122.4532465"/>
 <node id="2919193580" visible="true" version="1" changeset="22971118" timestamp="2014-06-16T19:28:30Z" user="Rub21" uid="510836" lat="37.7965722" lon="-122.4519809"/>
 <node id="2919193581" visible="true" version="1" changeset="22971118" timestamp="2014-06-16T19:28:30Z" user="Rub21" uid="510836" lat="37.7965839" lon="-122.4518517"/>
 <node id="2919193582" visible="true" version="1" changeset="22971118" timestamp="2014-06-16T19:28:30Z" user="Rub21" uid="510836" lat="37.7966294" lon="-122.4518583"/>
 <node id="2919193583" visible="true" version="1" changeset="22971118" timestamp="2014-06-16T19:28:30Z" user="Rub21" uid="510836" lat="37.7966311" lon="-122.4518388"/>
 <node id="2919193584" visible="true" version="1" changeset="22971118" timestamp="2014-06-16T19:28:30Z" user="Rub21" uid="510836" lat="37.7966436" lon="-122.4520060"/>
 <node id="2919193585" visible="true" version="1" changeset="22971118" timestamp="2014-06-16T19:28:30Z" user="Rub21" uid="510836" lat="37.7966449" lon="-122.4519914"/>
 <node id="2919193586" visible="true" version="1" changeset="22971118" timestamp="2014-06-16T19:28:30Z" user="Rub21" uid="510836" lat="37.7966792" lon="-122.4520112"/>
 <node id="2919193587" visible="true" version="1" changeset="22971118" timestamp="2014-06-16T19:28:30Z" user="Rub21" uid="510836" lat="37.7966805" lon="-122.4519966"/>
 <node id="2919193588" visible="true" version="1" changeset="22971118" timestamp="2014-06-16T19:28:30Z" user="Rub21" uid="510836" lat="37.7967175" lon="-122.4518710"/>
 <node id="2919193589" visible="true" version="1" changeset="22971118" timestamp="2014-06-16T19:28:30Z" user="Rub21" uid="510836" lat="37.7967192" lon="-122.4518516"/>
 <node id="2919193590" visible="true" version="1" changeset="22971118" timestamp="2014-06-16T19:28:31Z" user="Rub21" uid="510836" lat="37.7967494" lon="-122.4520066"/>
 <node id="2919193591" visible="true" version="1" changeset="22971118" timestamp="2014-06-16T19:28:31Z" user="Rub21" uid="510836" lat="37.7967611" lon="-122.4518774"/>
 <node id="2919198280" visible="true" version="1" changeset="22971232" timestamp="2014-06-16T19:34:12Z" user="Rub21" uid="510836" lat="37.7968277" lon="-122.4518611"/>
 <node id="2919198281" visible="true" version="1" changeset="22971232" timestamp="2014-06-16T19:34:12Z" user="Rub21" uid="510836" lat="37.7968577" lon="-122.4518154"/>
 <node id="2919198282" visible="true" version="1" changeset="22971232" timestamp="2014-06-16T19:34:12Z" user="Rub21" uid="510836" lat="37.7968657" lon="-122.4518323"/>
 <node id="2919198283" visible="true" version="1" changeset="22971232" timestamp="2014-06-16T19:34:12Z" user="Rub21" uid="510836" lat="37.7968814" lon="-122.4519748"/>
 <node id="2919198284" visible="true" version="1" changeset="22971232" timestamp="2014-06-16T19:34:12Z" user="Rub21" uid="510836" lat="37.7968884" lon="-122.4522011"/>
 <node id="2919198285" visible="true" version="1" changeset="22971232" timestamp="2014-06-16T19:34:12Z" user="Rub21" uid="510836" lat="37.7969158" lon="-122.4522781"/>
 <node id="2919198286" visible="true" version="1" changeset="22971232" timestamp="2014-06-16T19:34:12Z" user="Rub21" uid="510836" lat="37.7969327" lon="-122.4517587"/>
 <node id="2919198287" visible="true" version="1" changeset="22971232" timestamp="2014-06-16T19:34:12Z" user="Rub21" uid="510836" lat="37.7969385" lon="-122.4519316"/>
 <node id="2919198288" visible="true" version="1" changeset="22971232" timestamp="2014-06-16T19:34:12Z" user="Rub21" uid="510836" lat="37.7969407" lon="-122.4517755"/>
 <node id="2919198289" visible="true" version="1" changeset="22971232" timestamp="2014-06-16T19:34:12Z" user="Rub21" uid="510836" lat="37.7969425" lon="-122.4519399"/>
 <node id="2919198290" visible="true" version="1" changeset="22971232" timestamp="2014-06-16T19:34:12Z" user="Rub21" uid="510836" lat="37.7969742" lon="-122.4519045"/>
 <node id="2919198291" visible="true" version="1" changeset="22971232" timestamp="2014-06-16T19:34:12Z" user="Rub21" uid="510836" lat="37.7969782" lon="-122.4519129"/>
 <node id="2919198292" visible="true" version="1" changeset="22971232" timestamp="2014-06-16T19:34:12Z" user="Rub21" uid="510836" lat="37.7969809" lon="-122.4517451"/>
 <node id="2919198293" visible="true" version="1" changeset="22971232" timestamp="2014-06-16T19:34:12Z" user="Rub21" uid="510836" lat="37.7970180" lon="-122.4521271"/>
 <node id="2919198294" visible="true" version="1" changeset="22971232" timestamp="2014-06-16T19:34:12Z" user="Rub21" uid="510836" lat="37.7970346" lon="-122.4518588"/>
 <node id="2919198295" visible="true" version="1" changeset="22971232" timestamp="2014-06-16T19:34:12Z" user="Rub21" uid="510836" lat="37.7970455" lon="-122.4522041"/>
 <node id="2919198296" visible="true" version="1" changeset="22971232" timestamp="2014-06-16T19:34:13Z" user="Rub21" uid="510836" lat="37.7970567" lon="-122.4516877"/>
 <node id="2919198297" visible="true" version="1" changeset="22971232" timestamp="2014-06-16T19:34:13Z" user="Rub21" uid="510836" lat="37.7970856" lon="-122.4516486"/>
 <node id="2919198298" visible="true" version="1" changeset="22971232" timestamp="2014-06-16T19:34:13Z" user="Rub21" uid="510836" lat="37.7970916" lon="-122.4516613"/>
 <node id="2919198299" visible="true" version="1" changeset="22971232" timestamp="2014-06-16T19:34:13Z" user="Rub21" uid="510836" lat="37.7971096" lon="-122.4517995"/>
 <node id="2919198300" visible="true" version="1" changeset="22971232" timestamp="2014-06-16T19:34:13Z" user="Rub21" uid="510836" lat="37.7971618" lon="-122.4515907"/>
 <node id="2919198501" visible="true" version="1" changeset="22971232" timestamp="2014-06-16T19:34:13Z" user="Rub21" uid="510836" lat="37.7971679" lon="-122.4516035"/>
 <node id="2919198502" visible="true" version="1" changeset="22971232" timestamp="2014-06-16T19:34:13Z" user="Rub21" uid="510836" lat="37.7971683" lon="-122.4517550"/>
 <node id="2919198503" visible="true" version="1" changeset="22971232" timestamp="2014-06-16T19:34:13Z" user="Rub21" uid="510836" lat="37.7971739" lon="-122.4517669"/>
 <node id="2919198504" visible="true" version="1" changeset="22971232" timestamp="2014-06-16T19:34:13Z" user="Rub21" uid="510836" lat="37.7972028" lon="-122.4517289"/>
 <node id="2919198505" visible="true" version="1" changeset="22971232" timestamp="2014-06-16T19:34:13Z" user="Rub21" uid="510836" lat="37.7972068" lon="-122.4515740"/>
 <node id="2919198506" visible="true" version="1" changeset="22971232" timestamp="2014-06-16T19:34:13Z" user="Rub21" uid="510836" lat="37.7972084" lon="-122.4517407"/>
 <node id="2919198507" visible="true" version="1" changeset="22971232" timestamp="2014-06-16T19:34:13Z" user="Rub21" uid="510836" lat="37.7972597" lon="-122.4516858"/>
 <node id="2919198508" visible="true" version="1" changeset="22971232" timestamp="2014-06-16T19:34:13Z" user="Rub21" uid="510836" lat="37.7972996" lon="-122.4515210"/>
 <node id="2919198509" visible="true" version="2" changeset="71162705" timestamp="2019-06-12T02:37:14Z" user="KindredCoda" uid="14293" lat="37.7973167" lon="-122.4519472"/>
 <node id="2919198510" visible="true" version="1" changeset="22971232" timestamp="2014-06-16T19:34:13Z" user="Rub21" uid="510836" lat="37.7973208" lon="-122.4516638"/>
 <node id="2919198511" visible="true" version="2" changeset="71162705" timestamp="2019-06-12T02:37:14Z" user="KindredCoda" uid="14293" lat="37.7973411" lon="-122.4520296"/>
 <node id="2919198512" visible="true" version="1" changeset="22971232" timestamp="2014-06-16T19:34:13Z" user="Rub21" uid="510836" lat="37.7974130" lon="-122.4516020"/>
 <node id="2919198513" visible="true" version="2" changeset="71162705" timestamp="2019-06-12T02:37:14Z" user="KindredCoda" uid="14293" lat="37.7974206" lon="-122.4518979"/>
 <node id="2919198514" visible="true" version="1" changeset="22971232" timestamp="2014-06-16T19:34:13Z" user="Rub21" uid="510836" lat="37.7974187" lon="-122.4516405"/>
 <node id="2919198515" visible="true" version="1" changeset="22971232" timestamp="2014-06-16T19:34:13Z" user="Rub21" uid="510836" lat="37.7974213" lon="-122.4514920"/>
 <node id="2919198516" visible="true" version="1" changeset="22971232" timestamp="2014-06-16T19:34:13Z" user="Rub21" uid="510836" lat="37.7974368" lon="-122.4515963"/>
 <node id="2919198517" visible="true" version="2" changeset="71162705" timestamp="2019-06-12T02:37:14Z" user="KindredCoda" uid="14293" lat="37.7974450" lon="-122.4519804"/>
 <node id="2919198518" visible="true" version="1" changeset="22971232" timestamp="2014-06-16T19:34:13Z" user="Rub21" uid="510836" lat="37.7975032" lon="-122.4516180"/>
 <node id="2919198519" visible="true" version="1" changeset="22971232" timestamp="2014-06-16T19:34:13Z" user="Rub21" uid="510836" lat="37.7975181" lon="-122.4514876"/>
 <node id="2919198520" visible="true" version="1" changeset="22971232" timestamp="2014-06-16T19:34:13Z" user="Rub21" uid="510836" lat="37.7975562" lon="-122.4519301"/>
 <node id="2919198521" visible="true" version="1" changeset="22971232" timestamp="2014-06-16T19:34:13Z" user="Rub21" uid="510836" lat="37.7975581" lon="-122.4514948"/>
 <node id="2919198522" visible="true" version="1" changeset="22971232" timestamp="2014-06-16T19:34:13Z" user="Rub21" uid="510836" lat="37.7975599" lon="-122.4514791"/>
 <node id="2919198523" visible="true" version="1" changeset="22971232" timestamp="2014-06-16T19:34:13Z" user="Rub21" uid="510836" lat="37.7975667" lon="-122.4516453"/>
 <node id="2919198524" visible="true" version="1" changeset="22971232" timestamp="2014-06-16T19:34:13Z" user="Rub21" uid="510836" lat="37.7975685" lon="-122.4516299"/>
 <node id="2919198525" visible="true" version="1" changeset="22971232" timestamp="2014-06-16T19:34:13Z" user="Rub21" uid="510836" lat="37.7975742" lon="-122.4518452"/>
 <node id="2919198526" visible="true" version="1" changeset="22971232" timestamp="2014-06-16T19:34:13Z" user="Rub21" uid="510836" lat="37.7976073" lon="-122.4516527"/>
 <node id="2919198527" visible="true" version="1" changeset="22971232" timestamp="2014-06-16T19:34:13Z" user="Rub21" uid="510836" lat="37.7976091" lon="-122.4516373"/>
 <node id="2919198528" visible="true" version="1" changeset="22971232" timestamp="2014-06-16T19:34:13Z" user="Rub21" uid="510836" lat="37.7976497" lon="-122.4515115"/>
 <node id="2919198529" visible="true" version="1" changeset="22971232" timestamp="2014-06-16T19:34:13Z" user="Rub21" uid="510836" lat="37.7976515" lon="-122.4514958"/>
 <node id="2919198530" visible="true" version="1" changeset="22971232" timestamp="2014-06-16T19:34:13Z" user="Rub21" uid="510836" lat="37.7976631" lon="-122.4519665"/>
 <node id="2919198531" visible="true" version="1" changeset="22971232" timestamp="2014-06-16T19:34:13Z" user="Rub21" uid="510836" lat="37.7976754" lon="-122.4516494"/>
 <node id="2919198532" visible="true" version="1" changeset="22971232" timestamp="2014-06-16T19:34:13Z" user="Rub21" uid="510836" lat="37.7976812" lon="-122.4518815"/>
 <node id="2919198533" visible="true" version="1" changeset="22971232" timestamp="2014-06-16T19:34:13Z" user="Rub21" uid="510836" lat="37.7976903" lon="-122.4515189"/>
 <node id="2919198534" visible="true" version="1" changeset="22971232" timestamp="2014-06-16T19:34:13Z" user="Rub21" uid="510836" lat="37.7977431" lon="-122.4516868"/>
 <node id="2919198535" visible="true" version="1" changeset="22971232" timestamp="2014-06-16T19:34:13Z" user="Rub21" uid="510836" lat="37.7977690" lon="-122.4517110"/>
 <node id="2919198536" visible="true" version="1" changeset="22971232" timestamp="2014-06-16T19:34:13Z" user="Rub21" uid="510836" lat="37.7977720" lon="-122.4517014"/>
 <node id="2919198537" visible="true" version="1" changeset="22971232" timestamp="2014-06-16T19:34:13Z" user="Rub21" uid="510836" lat="37.7977858" lon="-122.4515513"/>
 <node id="2919198538" visible="true" version="1" changeset="22971232" timestamp="2014-06-16T19:34:13Z" user="Rub21" uid="510836" lat="37.7977962" lon="-122.4517247"/>
 <node id="2919198539" visible="true" version="1" changeset="22971232" timestamp="2014-06-16T19:34:13Z" user="Rub21" uid="510836" lat="37.7977992" lon="-122.4517151"/>
 <node id="2919198540" visible="true" version="1" changeset="22971232" timestamp="2014-06-16T19:34:13Z" user="Rub21" uid="510836" lat="37.7978317" lon="-122.4517316"/>
 <node id="2919198541" visible="true" version="1" changeset="22971232" timestamp="2014-06-16T19:34:13Z" user="Rub21" uid="510836" lat="37.7978422" lon="-122.4516985"/>
 <node id="2919198542" visible="true" version="1" changeset="22971232" timestamp="2014-06-16T19:34:13Z" user="Rub21" uid="510836" lat="37.7978672" lon="-122.4517111"/>
 <node id="2919198543" visible="true" version="1" changeset="22971232" timestamp="2014-06-16T19:34:13Z" user="Rub21" uid="510836" lat="37.7978995" lon="-122.4516087"/>
 <node id="2919198544" visible="true" version="1" changeset="22971232" timestamp="2014-06-16T19:34:13Z" user="Rub21" uid="510836" lat="37.7979355" lon="-122.4517817"/>
 <node id="2919198545" visible="true" version="1" changeset="22971232" timestamp="2014-06-16T19:34:13Z" user="Rub21" uid="510836" lat="37.7979407" lon="-122.4521488"/>
 <node id="2919198546" visible="true" version="1" changeset="22971232" timestamp="2014-06-16T19:34:13Z" user="Rub21" uid="510836" lat="37.7979778" lon="-122.4520740"/>
 <node id="2919198547" visible="true" version="1" changeset="22971232" timestamp="2014-06-16T19:34:13Z" user="Rub21" uid="510836" lat="37.7979839" lon="-122.4516621"/>
 <node id="2919198548" visible="true" version="1" changeset="22971232" timestamp="2014-06-16T19:34:13Z" user="Rub21" uid="510836" lat="37.7979911" lon="-122.4518357"/>
 <node id="2919198549" visible="true" version="1" changeset="22971232" timestamp="2014-06-16T19:34:13Z" user="Rub21" uid="510836" lat="37.7979969" lon="-122.4518214"/>
 <node id="2919198550" visible="true" version="1" changeset="22971232" timestamp="2014-06-16T19:34:13Z" user="Rub21" uid="510836" lat="37.7980225" lon="-122.4516871"/>
 <node id="2919198551" visible="true" version="1" changeset="22971232" timestamp="2014-06-16T19:34:13Z" user="Rub21" uid="510836" lat="37.7980267" lon="-122.4518587"/>
 <node id="2919198552" visible="true" version="1" changeset="22971232" timestamp="2014-06-16T19:34:13Z" user="Rub21" uid="510836" lat="37.7980279" lon="-122.4516737"/>
 <node id="2919198553" visible="true" version="1" changeset="22971232" timestamp="2014-06-16T19:34:13Z" user="Rub21" uid="510836" lat="37.7980324" lon="-122.4518444"/>
 <node id="2919198554" visible="true" version="1" changeset="22971232" timestamp="2014-06-16T19:34:13Z" user="Rub21" uid="510836" lat="37.7980360" lon="-122.4522244"/>
 <node id="2919198555" visible="true" version="1" changeset="22971232" timestamp="2014-06-16T19:34:13Z" user="Rub21" uid="510836" lat="37.7980731" lon="-122.4521496"/>
 <node id="2919198556" visible="true" version="1" changeset="22971232" timestamp="2014-06-16T19:34:13Z" user="Rub21" uid="510836" lat="37.7980937" lon="-122.4518841"/>
 <node id="2919198557" visible="true" version="1" changeset="22971232" timestamp="2014-06-16T19:34:14Z" user="Rub21" uid="510836" lat="37.7981052" lon="-122.4517406"/>
 <node id="2919198558" visible="true" version="1" changeset="22971232" timestamp="2014-06-16T19:34:14Z" user="Rub21" uid="510836" lat="37.7981106" lon="-122.4517272"/>
 <node id="2919198559" visible="true" version="1" changeset="22971232" timestamp="2014-06-16T19:34:14Z" user="Rub21" uid="510836" lat="37.7981420" lon="-122.4517644"/>
 <node id="2919198560" visible="true" version="1" changeset="22971232" timestamp="2014-06-16T19:34:14Z" user="Rub21" uid="510836" lat="37.7981568" lon="-122.4519520"/>
 <node id="2919198561" visible="true" version="1" changeset="22971232" timestamp="2014-06-16T19:34:14Z" user="Rub21" uid="510836" lat="37.7982229" lon="-122.4524181"/>
 <node id="2919198562" visible="true" version="1" changeset="22971232" timestamp="2014-06-16T19:34:14Z" user="Rub21" uid="510836" lat="37.7982254" lon="-122.4518323"/>
 <node id="2919198563" visible="true" version="1" changeset="22971232" timestamp="2014-06-16T19:34:14Z" user="Rub21" uid="510836" lat="37.7982340" lon="-122.4520229"/>
 <node id="2919198564" visible="true" version="1" changeset="22971232" timestamp="2014-06-16T19:34:14Z" user="Rub21" uid="510836" lat="37.7982522" lon="-122.4519912"/>
 <node id="2919198565" visible="true" version="1" changeset="22971232" timestamp="2014-06-16T19:34:14Z" user="Rub21" uid="510836" lat="37.7982734" lon="-122.4520107"/>
 <node id="2919198566" visible="true" version="1" changeset="22971232" timestamp="2014-06-16T19:34:14Z" user="Rub21" uid="510836" lat="37.7982837" lon="-122.4523673"/>
 <node id="2919198567" visible="true" version="1" changeset="22971232" timestamp="2014-06-16T19:34:14Z" user="Rub21" uid="510836" lat="37.7982840" lon="-122.4525352"/>
 <node id="2919198568" visible="true" version="1" changeset="22971232" timestamp="2014-06-16T19:34:14Z" user="Rub21" uid="510836" lat="37.7983175" lon="-122.4520933"/>
 <node id="2919198569" visible="true" version="1" changeset="22971232" timestamp="2014-06-16T19:34:14Z" user="Rub21" uid="510836" lat="37.7983238" lon="-122.4519227"/>
 <node id="2919198570" visible="true" version="1" changeset="22971232" timestamp="2014-06-16T19:34:14Z" user="Rub21" uid="510836" lat="37.7983276" lon="-122.4526642"/>
 <node id="2919198571" visible="true" version="1" changeset="22971232" timestamp="2014-06-16T19:34:14Z" user="Rub21" uid="510836" lat="37.7983448" lon="-122.4524844"/>
 <node id="2919198572" visible="true" version="1" changeset="22971232" timestamp="2014-06-16T19:34:14Z" user="Rub21" uid="510836" lat="37.7983545" lon="-122.4521665"/>
 <node id="2919198573" visible="true" version="1" changeset="22971232" timestamp="2014-06-16T19:34:14Z" user="Rub21" uid="510836" lat="37.7983573" lon="-122.4528461"/>
 <node id="2919198574" visible="true" version="1" changeset="22971232" timestamp="2014-06-16T19:34:14Z" user="Rub21" uid="510836" lat="37.7983627" lon="-122.4521572"/>
 <node id="2919198575" visible="true" version="1" changeset="22971232" timestamp="2014-06-16T19:34:14Z" user="Rub21" uid="510836" lat="37.7983805" lon="-122.4522033"/>
 <node id="2919198576" visible="true" version="1" changeset="22971232" timestamp="2014-06-16T19:34:14Z" user="Rub21" uid="510836" lat="37.7983887" lon="-122.4521940"/>
 <node id="2919198577" visible="true" version="1" changeset="22971232" timestamp="2014-06-16T19:34:14Z" user="Rub21" uid="510836" lat="37.7983954" lon="-122.4520051"/>
 <node id="2919198578" visible="true" version="1" changeset="22971232" timestamp="2014-06-16T19:34:14Z" user="Rub21" uid="510836" lat="37.7983978" lon="-122.4526459"/>
 <node id="2919198579" visible="true" version="1" changeset="22971232" timestamp="2014-06-16T19:34:14Z" user="Rub21" uid="510836" lat="37.7984255" lon="-122.4520477"/>
 <node id="2919198580" visible="true" version="1" changeset="22971232" timestamp="2014-06-16T19:34:14Z" user="Rub21" uid="510836" lat="37.7984275" lon="-122.4528278"/>
 <node id="2919198581" visible="true" version="1" changeset="22971232" timestamp="2014-06-16T19:34:14Z" user="Rub21" uid="510836" lat="37.7984338" lon="-122.4522578"/>
 <node id="2919198582" visible="true" version="1" changeset="22971232" timestamp="2014-06-16T19:34:14Z" user="Rub21" uid="510836" lat="37.7984357" lon="-122.4520362"/>
 <node id="2919198583" visible="true" version="1" changeset="22971232" timestamp="2014-06-16T19:34:14Z" user="Rub21" uid="510836" lat="37.7984471" lon="-122.4512860"/>
 <node id="2919198584" visible="true" version="1" changeset="22971232" timestamp="2014-06-16T19:34:14Z" user="Rub21" uid="510836" lat="37.7984476" lon="-122.4514483"/>
 <node id="2919198585" visible="true" version="1" changeset="22971232" timestamp="2014-06-16T19:34:14Z" user="Rub21" uid="510836" lat="37.7984697" lon="-122.4523430"/>
 <node id="2919198586" visible="true" version="1" changeset="22971232" timestamp="2014-06-16T19:34:14Z" user="Rub21" uid="510836" lat="37.7984778" lon="-122.4523830"/>
 <node id="2919198587" visible="true" version="1" changeset="22971232" timestamp="2014-06-16T19:34:14Z" user="Rub21" uid="510836" lat="37.7984828" lon="-122.4523802"/>
 <node id="2919198588" visible="true" version="1" changeset="22971232" timestamp="2014-06-16T19:34:14Z" user="Rub21" uid="510836" lat="37.7984893" lon="-122.4524156"/>
 <node id="2919198589" visible="true" version="1" changeset="22971232" timestamp="2014-06-16T19:34:14Z" user="Rub21" uid="510836" lat="37.7984929" lon="-122.4514243"/>
 <node id="2919198590" visible="true" version="1" changeset="22971232" timestamp="2014-06-16T19:34:14Z" user="Rub21" uid="510836" lat="37.7984941" lon="-122.4521447"/>
 <node id="2919198591" visible="true" version="1" changeset="22971232" timestamp="2014-06-16T19:34:14Z" user="Rub21" uid="510836" lat="37.7984943" lon="-122.4524127"/>
 <node id="2919198592" visible="true" version="1" changeset="22971232" timestamp="2014-06-16T19:34:14Z" user="Rub21" uid="510836" lat="37.7985043" lon="-122.4521332"/>
 <node id="2919198593" visible="true" version="1" changeset="22971232" timestamp="2014-06-16T19:34:14Z" user="Rub21" uid="510836" lat="37.7985098" lon="-122.4524567"/>
 <node id="2919198594" visible="true" version="1" changeset="22971232" timestamp="2014-06-16T19:34:14Z" user="Rub21" uid="510836" lat="37.7985106" lon="-122.4512524"/>
 <node id="2919198595" visible="true" version="1" changeset="22971232" timestamp="2014-06-16T19:34:14Z" user="Rub21" uid="510836" lat="37.7985117" lon="-122.4521695"/>
 <node id="2919198596" visible="true" version="1" changeset="22971232" timestamp="2014-06-16T19:34:14Z" user="Rub21" uid="510836" lat="37.7985141" lon="-122.4516495"/>
 <node id="2919198597" visible="true" version="1" changeset="22971232" timestamp="2014-06-16T19:34:14Z" user="Rub21" uid="510836" lat="37.7985363" lon="-122.4524417"/>
 <node id="2919198598" visible="true" version="1" changeset="22971232" timestamp="2014-06-16T19:34:14Z" user="Rub21" uid="510836" lat="37.7985460" lon="-122.4524691"/>
 <node id="2919198599" visible="true" version="1" changeset="22971232" timestamp="2014-06-16T19:34:14Z" user="Rub21" uid="510836" lat="37.7985594" lon="-122.4526520"/>
 <node id="2919198600" visible="true" version="1" changeset="22971232" timestamp="2014-06-16T19:34:14Z" user="Rub21" uid="510836" lat="37.7985620" lon="-122.4525659"/>
 <node id="2919198601" visible="true" version="1" changeset="22971232" timestamp="2014-06-16T19:34:14Z" user="Rub21" uid="510836" lat="37.7985649" lon="-122.4527023"/>
 <node id="2919198602" visible="true" version="1" changeset="22971232" timestamp="2014-06-16T19:34:14Z" user="Rub21" uid="510836" lat="37.7985701" lon="-122.4530304"/>
 <node id="2919198603" visible="true" version="1" changeset="22971232" timestamp="2014-06-16T19:34:14Z" user="Rub21" uid="510836" lat="37.7985711" lon="-122.4526500"/>
 <node id="2919198604" visible="true" version="1" changeset="22971232" timestamp="2014-06-16T19:34:14Z" user="Rub21" uid="510836" lat="37.7985719" lon="-122.4529851"/>
 <node id="2919198605" visible="true" version="1" changeset="22971232" timestamp="2014-06-16T19:34:14Z" user="Rub21" uid="510836" lat="37.7985742" lon="-122.4522839"/>
 <node id="2919198606" visible="true" version="1" changeset="22971232" timestamp="2014-06-16T19:34:15Z" user="Rub21" uid="510836" lat="37.7985765" lon="-122.4527002"/>
 <node id="2919198607" visible="true" version="1" changeset="22971232" timestamp="2014-06-16T19:34:15Z" user="Rub21" uid="510836" lat="37.7985783" lon="-122.4531224"/>
 <node id="2919198608" visible="true" version="1" changeset="22971232" timestamp="2014-06-16T19:34:15Z" user="Rub21" uid="510836" lat="37.7985819" lon="-122.4530312"/>
 <node id="2919198609" visible="true" version="1" changeset="22971232" timestamp="2014-06-16T19:34:15Z" user="Rub21" uid="510836" lat="37.7985837" lon="-122.4529858"/>
 <node id="2919198610" visible="true" version="1" changeset="22971232" timestamp="2014-06-16T19:34:15Z" user="Rub21" uid="510836" lat="37.7985862" lon="-122.4527894"/>
 <node id="2919198611" visible="true" version="1" changeset="22971232" timestamp="2014-06-16T19:34:15Z" user="Rub21" uid="510836" lat="37.7985873" lon="-122.4528944"/>
 <node id="2919198612" visible="true" version="1" changeset="22971232" timestamp="2014-06-16T19:34:15Z" user="Rub21" uid="510836" lat="37.7986229" lon="-122.4515919"/>
 <node id="2919198613" visible="true" version="1" changeset="22971232" timestamp="2014-06-16T19:34:15Z" user="Rub21" uid="510836" lat="37.7986240" lon="-122.4524250"/>
 <node id="2919198614" visible="true" version="1" changeset="22971232" timestamp="2014-06-16T19:34:15Z" user="Rub21" uid="510836" lat="37.7986663" lon="-122.4525478"/>
 <node id="2919198615" visible="true" version="1" changeset="22971232" timestamp="2014-06-16T19:34:15Z" user="Rub21" uid="510836" lat="37.7986725" lon="-122.4526046"/>
 <node id="2919198616" visible="true" version="1" changeset="22971232" timestamp="2014-06-16T19:34:15Z" user="Rub21" uid="510836" lat="37.7986832" lon="-122.4531290"/>
 <node id="2919198617" visible="true" version="1" changeset="22971232" timestamp="2014-06-16T19:34:15Z" user="Rub21" uid="510836" lat="37.7986842" lon="-122.4527124"/>
 <node id="2919198618" visible="true" version="1" changeset="22971232" timestamp="2014-06-16T19:34:15Z" user="Rub21" uid="510836" lat="37.7986855" lon="-122.4526023"/>
 <node id="2919198619" visible="true" version="1" changeset="22971232" timestamp="2014-06-16T19:34:15Z" user="Rub21" uid="510836" lat="37.7986856" lon="-122.4530682"/>
 <node id="2919198620" visible="true" version="1" changeset="22971232" timestamp="2014-06-16T19:34:15Z" user="Rub21" uid="510836" lat="37.7986898" lon="-122.4529602"/>
 <node id="2919198621" visible="true" version="1" changeset="22971232" timestamp="2014-06-16T19:34:15Z" user="Rub21" uid="510836" lat="37.7986906" lon="-122.4527713"/>
 <node id="2919198622" visible="true" version="1" changeset="22971232" timestamp="2014-06-16T19:34:15Z" user="Rub21" uid="510836" lat="37.7986922" lon="-122.4529010"/>
 <node id="2919198623" visible="true" version="1" changeset="22971232" timestamp="2014-06-16T19:34:15Z" user="Rub21" uid="510836" lat="37.7986952" lon="-122.4530688"/>
 <node id="2919198624" visible="true" version="1" changeset="22971232" timestamp="2014-06-16T19:34:15Z" user="Rub21" uid="510836" lat="37.7986972" lon="-122.4527101"/>
 <node id="2919198625" visible="true" version="1" changeset="22971232" timestamp="2014-06-16T19:34:15Z" user="Rub21" uid="510836" lat="37.7986994" lon="-122.4529608"/>
 <node id="2919216376" visible="true" version="1" changeset="22971500" timestamp="2014-06-16T19:47:39Z" user="Rub21" uid="510836" lat="37.7997030" lon="-122.4512888"/>
 <node id="2919216377" visible="true" version="1" changeset="22971500" timestamp="2014-06-16T19:47:39Z" user="Rub21" uid="510836" lat="37.7997635" lon="-122.4514419"/>
 <node id="2919216378" visible="true" version="1" changeset="22971500" timestamp="2014-06-16T19:47:39Z" user="Rub21" uid="510836" lat="37.7998066" lon="-122.4512233"/>
 <node id="2919216379" visible="true" version="1" changeset="22971500" timestamp="2014-06-16T19:47:39Z" user="Rub21" uid="510836" lat="37.7998167" lon="-122.4512489"/>
 <node id="2919216380" visible="true" version="1" changeset="22971500" timestamp="2014-06-16T19:47:39Z" user="Rub21" uid="510836" lat="37.7998533" lon="-122.4513415"/>
 <node id="2919216382" visible="true" version="1" changeset="22971500" timestamp="2014-06-16T19:47:39Z" user="Rub21" uid="510836" lat="37.7998671" lon="-122.4513764"/>
 <node id="2919216383" visible="true" version="1" changeset="22971500" timestamp="2014-06-16T19:47:39Z" user="Rub21" uid="510836" lat="37.7998718" lon="-122.4512140"/>
 <node id="2919216384" visible="true" version="1" changeset="22971500" timestamp="2014-06-16T19:47:39Z" user="Rub21" uid="510836" lat="37.7999084" lon="-122.4513066"/>
 <node id="2919356489" visible="true" version="2" changeset="129958077" timestamp="2022-12-11T10:40:48Z" user="spughetti" uid="16155068" lat="37.7984652" lon="-122.4490945"/>
 <node id="2919356490" visible="true" version="2" changeset="129958077" timestamp="2022-12-11T10:40:48Z" user="spughetti" uid="16155068" lat="37.7984699" lon="-122.4489205"/>
 <node id="2919356491" visible="true" version="2" changeset="129958077" timestamp="2022-12-11T10:40:48Z" user="spughetti" uid="16155068" lat="37.7984741" lon="-122.4492025"/>
 <node id="2919356492" visible="true" version="2" changeset="129958077" timestamp="2022-12-11T10:40:48Z" user="spughetti" uid="16155068" lat="37.7984870" lon="-122.4493005"/>
 <node id="2919356493" visible="true" version="3" changeset="129958077" timestamp="2022-12-11T10:40:48Z" user="spughetti" uid="16155068" lat="37.7984891" lon="-122.4494765"/>
 <node id="2919356499" visible="true" version="2" changeset="129958077" timestamp="2022-12-11T10:40:48Z" user="spughetti" uid="16155068" lat="37.7984984" lon="-122.4495105"/>
 <node id="2919356500" visible="true" version="2" changeset="129958077" timestamp="2022-12-11T10:40:48Z" user="spughetti" uid="16155068" lat="37.7985008" lon="-122.4493705"/>
 <node id="2919360701" visible="true" version="2" changeset="129958077" timestamp="2022-12-11T10:40:48Z" user="spughetti" uid="16155068" lat="37.7985175" lon="-122.4494435"/>
 <node id="2919360703" visible="true" version="2" changeset="129958077" timestamp="2022-12-11T10:40:48Z" user="spughetti" uid="16155068" lat="37.7985218" lon="-122.4494585"/>
 <node id="2919360704" visible="true" version="2" changeset="129958077" timestamp="2022-12-11T10:40:48Z" user="spughetti" uid="16155068" lat="37.7985333" lon="-122.4496125"/>
 <node id="2919360706" visible="true" version="2" changeset="129958077" timestamp="2022-12-11T10:40:48Z" user="spughetti" uid="16155068" lat="37.7985516" lon="-122.4506335"/>
 <node id="2919360708" visible="true" version="2" changeset="129958077" timestamp="2022-12-11T10:40:48Z" user="spughetti" uid="16155068" lat="37.7985587" lon="-122.4506035"/>
 <node id="2919360709" visible="true" version="2" changeset="129958077" timestamp="2022-12-11T10:40:48Z" user="spughetti" uid="16155068" lat="37.7985667" lon="-122.4506255"/>
 <node id="2919360712" visible="true" version="2" changeset="129958077" timestamp="2022-12-11T10:40:48Z" user="spughetti" uid="16155068" lat="37.7985913" lon="-122.4505735"/>
 <node id="2919360714" visible="true" version="2" changeset="129958077" timestamp="2022-12-11T10:40:48Z" user="spughetti" uid="16155068" lat="37.7985948" lon="-122.4505825"/>
 <node id="2919360715" visible="true" version="2" changeset="129958077" timestamp="2022-12-11T10:40:48Z" user="spughetti" uid="16155068" lat="37.7985968" lon="-122.4497815"/>
 <node id="2919360716" visible="true" version="2" changeset="129958077" timestamp="2022-12-11T10:40:48Z" user="spughetti" uid="16155068" lat="37.7986292" lon="-122.4497635"/>
 <node id="2919360717" visible="true" version="2" changeset="129958077" timestamp="2022-12-11T10:40:48Z" user="spughetti" uid="16155068" lat="37.7986516" lon="-122.4509325"/>
 <node id="2919360718" visible="true" version="2" changeset="129958077" timestamp="2022-12-11T10:40:48Z" user="spughetti" uid="16155068" lat="37.7986588" lon="-122.4490915"/>
 <node id="2919360719" visible="true" version="2" changeset="129958077" timestamp="2022-12-11T10:40:48Z" user="spughetti" uid="16155068" lat="37.7986598" lon="-122.4489405"/>
 <node id="2919360720" visible="true" version="2" changeset="129958077" timestamp="2022-12-11T10:40:48Z" user="spughetti" uid="16155068" lat="37.7986598" lon="-122.4509275"/>
 <node id="2919360721" visible="true" version="3" changeset="129958077" timestamp="2022-12-11T10:40:48Z" user="spughetti" uid="16155068" lat="37.7986690" lon="-122.4498705"/>
 <node id="2919360723" visible="true" version="2" changeset="129958077" timestamp="2022-12-11T10:40:48Z" user="spughetti" uid="16155068" lat="37.7986820" lon="-122.4510125"/>
 <node id="2919360725" visible="true" version="2" changeset="129958077" timestamp="2022-12-11T10:40:48Z" user="spughetti" uid="16155068" lat="37.7986877" lon="-122.4505155"/>
 <node id="2919360726" visible="true" version="2" changeset="129958077" timestamp="2022-12-11T10:40:48Z" user="spughetti" uid="16155068" lat="37.7986895" lon="-122.4510085"/>
 <node id="2919360727" visible="true" version="2" changeset="129958077" timestamp="2022-12-11T10:40:48Z" user="spughetti" uid="16155068" lat="37.7986912" lon="-122.4505255"/>
 <node id="2919360729" visible="true" version="2" changeset="129958077" timestamp="2022-12-11T10:40:48Z" user="spughetti" uid="16155068" lat="37.7987071" lon="-122.4510555"/>
 <node id="2919360730" visible="true" version="2" changeset="129958077" timestamp="2022-12-11T10:40:48Z" user="spughetti" uid="16155068" lat="37.7987249" lon="-122.4510455"/>
 <node id="2919360731" visible="true" version="2" changeset="129958077" timestamp="2022-12-11T10:40:48Z" user="spughetti" uid="16155068" lat="37.7987260" lon="-122.4505045"/>
 <node id="2919360732" visible="true" version="2" changeset="129958077" timestamp="2022-12-11T10:40:48Z" user="spughetti" uid="16155068" lat="37.7987265" lon="-122.4510495"/>
 <node id="2919360733" visible="true" version="2" changeset="129958077" timestamp="2022-12-11T10:40:48Z" user="spughetti" uid="16155068" lat="37.7987344" lon="-122.4505275"/>
 <node id="2919360734" visible="true" version="2" changeset="129958077" timestamp="2022-12-11T10:40:48Z" user="spughetti" uid="16155068" lat="37.7987502" lon="-122.4505175"/>
 <node id="2919360735" visible="true" version="2" changeset="129958077" timestamp="2022-12-11T10:40:48Z" user="spughetti" uid="16155068" lat="37.7987520" lon="-122.4510345"/>
 <node id="2919360736" visible="true" version="2" changeset="129958077" timestamp="2022-12-11T10:40:48Z" user="spughetti" uid="16155068" lat="37.7987548" lon="-122.4510415"/>
 <node id="2919360737" visible="true" version="2" changeset="129958077" timestamp="2022-12-11T10:40:48Z" user="spughetti" uid="16155068" lat="37.7987561" lon="-122.4498205"/>
 <node id="2919360739" visible="true" version="2" changeset="129958077" timestamp="2022-12-11T10:40:48Z" user="spughetti" uid="16155068" lat="37.7987568" lon="-122.4510405"/>
 <node id="2919360745" visible="true" version="2" changeset="129958077" timestamp="2022-12-11T10:40:48Z" user="spughetti" uid="16155068" lat="37.7987661" lon="-122.4501275"/>
 <node id="2919360747" visible="true" version="2" changeset="129958077" timestamp="2022-12-11T10:40:48Z" user="spughetti" uid="16155068" lat="37.7988046" lon="-122.4496685"/>
 <node id="2919360748" visible="true" version="2" changeset="129958077" timestamp="2022-12-11T10:40:48Z" user="spughetti" uid="16155068" lat="37.7988098" lon="-122.4506795"/>
 <node id="2919360749" visible="true" version="2" changeset="129958077" timestamp="2022-12-11T10:40:48Z" user="spughetti" uid="16155068" lat="37.7988114" lon="-122.4510095"/>
 <node id="2919360750" visible="true" version="3" changeset="129958077" timestamp="2022-12-11T10:40:48Z" user="spughetti" uid="16155068" lat="37.7988415" lon="-122.4497685"/>
 <node id="2919360752" visible="true" version="2" changeset="129958077" timestamp="2022-12-11T10:40:48Z" user="spughetti" uid="16155068" lat="37.7988662" lon="-122.4509685"/>
 <node id="2919360753" visible="true" version="2" changeset="129958077" timestamp="2022-12-11T10:40:48Z" user="spughetti" uid="16155068" lat="37.7988662" lon="-122.4509745"/>
 <node id="2919360755" visible="true" version="3" changeset="129958077" timestamp="2022-12-11T10:40:48Z" user="spughetti" uid="16155068" lat="37.7988683" lon="-122.4509735"/>
 <node id="2919360756" visible="true" version="2" changeset="129958077" timestamp="2022-12-11T10:40:48Z" user="spughetti" uid="16155068" lat="37.7988883" lon="-122.4508925"/>
 <node id="2919360757" visible="true" version="2" changeset="129958077" timestamp="2022-12-11T10:40:48Z" user="spughetti" uid="16155068" lat="37.7988892" lon="-122.4508805"/>
 <node id="2919360758" visible="true" version="2" changeset="129958077" timestamp="2022-12-11T10:40:48Z" user="spughetti" uid="16155068" lat="37.7988926" lon="-122.4509475"/>
 <node id="2919360759" visible="true" version="2" changeset="129958077" timestamp="2022-12-11T10:40:48Z" user="spughetti" uid="16155068" lat="37.7988928" lon="-122.4508905"/>
 <node id="2919360761" visible="true" version="3" changeset="129958077" timestamp="2022-12-11T10:40:48Z" user="spughetti" uid="16155068" lat="37.7988944" lon="-122.4509525"/>
 <node id="2919360762" visible="true" version="2" changeset="129958077" timestamp="2022-12-11T10:40:48Z" user="spughetti" uid="16155068" lat="37.7989056" lon="-122.4509395"/>
 <node id="2919360763" visible="true" version="2" changeset="129958077" timestamp="2022-12-11T10:40:48Z" user="spughetti" uid="16155068" lat="37.7989386" lon="-122.4500255"/>
 <node id="2919360764" visible="true" version="2" changeset="129958077" timestamp="2022-12-11T10:40:48Z" user="spughetti" uid="16155068" lat="37.7989422" lon="-122.4506035"/>
 <node id="2919360765" visible="true" version="3" changeset="129958873" timestamp="2022-12-11T11:06:38Z" user="spughetti" uid="16155068" lat="37.7989603" lon="-122.4490680"/>
 <node id="2919360767" visible="true" version="2" changeset="129958077" timestamp="2022-12-11T10:40:48Z" user="spughetti" uid="16155068" lat="37.7989610" lon="-122.4490075"/>
 <node id="2919360768" visible="true" version="2" changeset="129958077" timestamp="2022-12-11T10:40:48Z" user="spughetti" uid="16155068" lat="37.7989709" lon="-122.4488915"/>
 <node id="2919360771" visible="true" version="2" changeset="129958077" timestamp="2022-12-11T10:40:48Z" user="spughetti" uid="16155068" lat="37.7990005" lon="-122.4508655"/>
 <node id="2919360773" visible="true" version="2" changeset="129958077" timestamp="2022-12-11T10:40:48Z" user="spughetti" uid="16155068" lat="37.7990106" lon="-122.4502205"/>
 <node id="2919360774" visible="true" version="2" changeset="129958077" timestamp="2022-12-11T10:40:48Z" user="spughetti" uid="16155068" lat="37.7990166" lon="-122.4508045"/>
 <node id="2919360775" visible="true" version="2" changeset="129958077" timestamp="2022-12-11T10:40:48Z" user="spughetti" uid="16155068" lat="37.7990320" lon="-122.4508465"/>
 <node id="2919360778" visible="true" version="2" changeset="129958077" timestamp="2022-12-11T10:40:48Z" user="spughetti" uid="16155068" lat="37.7990798" lon="-122.4495065"/>
 <node id="2919360779" visible="true" version="2" changeset="129958077" timestamp="2022-12-11T10:40:48Z" user="spughetti" uid="16155068" lat="37.7990904" lon="-122.4511115"/>
 <node id="2919360781" visible="true" version="3" changeset="129958077" timestamp="2022-12-11T10:40:48Z" user="spughetti" uid="16155068" lat="37.7991349" lon="-122.4496545"/>
 <node id="2919360784" visible="true" version="2" changeset="129958077" timestamp="2022-12-11T10:40:48Z" user="spughetti" uid="16155068" lat="37.7991509" lon="-122.4490245"/>
 <node id="2919360785" visible="true" version="2" changeset="129958077" timestamp="2022-12-11T10:40:48Z" user="spughetti" uid="16155068" lat="37.7991517" lon="-122.4490605"/>
 <node id="2919360786" visible="true" version="2" changeset="129958077" timestamp="2022-12-11T10:40:48Z" user="spughetti" uid="16155068" lat="37.7991603" lon="-122.4489215"/>
 <node id="2919360787" visible="true" version="2" changeset="129958077" timestamp="2022-12-11T10:40:48Z" user="spughetti" uid="16155068" lat="37.7991874" lon="-122.4490565"/>
 <node id="2919360789" visible="true" version="2" changeset="129958077" timestamp="2022-12-11T10:40:48Z" user="spughetti" uid="16155068" lat="37.7991904" lon="-122.4490845"/>
 <node id="2919360790" visible="true" version="2" changeset="129958077" timestamp="2022-12-11T10:40:48Z" user="spughetti" uid="16155068" lat="37.7991942" lon="-122.4491135"/>
 <node id="2919360792" visible="true" version="2" changeset="129958077" timestamp="2022-12-11T10:40:48Z" user="spughetti" uid="16155068" lat="37.7992048" lon="-122.4491585"/>
 <node id="2919360793" visible="true" version="2" changeset="129958077" timestamp="2022-12-11T10:40:48Z" user="spughetti" uid="16155068" lat="37.7992149" lon="-122.4491905"/>
 <node id="2919360797" visible="true" version="2" changeset="129958077" timestamp="2022-12-11T10:40:48Z" user="spughetti" uid="16155068" lat="37.7992218" lon="-122.4496035"/>
 <node id="2919360800" visible="true" version="2" changeset="129958077" timestamp="2022-12-11T10:40:48Z" user="spughetti" uid="16155068" lat="37.7992462" lon="-122.4499585"/>
 <node id="2919360802" visible="true" version="2" changeset="129958077" timestamp="2022-12-11T10:40:48Z" user="spughetti" uid="16155068" lat="37.7992498" lon="-122.4492855"/>
 <node id="2919360804" visible="true" version="2" changeset="129958077" timestamp="2022-12-11T10:40:48Z" user="spughetti" uid="16155068" lat="37.7992554" lon="-122.4492825"/>
 <node id="2919360807" visible="true" version="2" changeset="129958077" timestamp="2022-12-11T10:40:48Z" user="spughetti" uid="16155068" lat="37.7992588" lon="-122.4508915"/>
 <node id="2919360810" visible="true" version="2" changeset="129958077" timestamp="2022-12-11T10:40:48Z" user="spughetti" uid="16155068" lat="37.7992677" lon="-122.4509515"/>
 <node id="2919360814" visible="true" version="2" changeset="129958077" timestamp="2022-12-11T10:40:48Z" user="spughetti" uid="16155068" lat="37.7992786" lon="-122.4509445"/>
 <node id="2919360816" visible="true" version="2" changeset="129958077" timestamp="2022-12-11T10:40:48Z" user="spughetti" uid="16155068" lat="37.7992835" lon="-122.4509945"/>
 <node id="2919360817" visible="true" version="2" changeset="129958077" timestamp="2022-12-11T10:40:48Z" user="spughetti" uid="16155068" lat="37.7992836" lon="-122.4493785"/>
 <node id="2919360818" visible="true" version="2" changeset="129958077" timestamp="2022-12-11T10:40:48Z" user="spughetti" uid="16155068" lat="37.7992842" lon="-122.4500615"/>
 <node id="2919360819" visible="true" version="2" changeset="129958077" timestamp="2022-12-11T10:40:48Z" user="spughetti" uid="16155068" lat="37.7992863" lon="-122.4494935"/>
 <node id="2919360820" visible="true" version="2" changeset="129958077" timestamp="2022-12-11T10:40:48Z" user="spughetti" uid="16155068" lat="37.7992893" lon="-122.4493745"/>
 <node id="2919360823" visible="true" version="3" changeset="129958077" timestamp="2022-12-11T10:40:48Z" user="spughetti" uid="16155068" lat="37.7993077" lon="-122.4495515"/>
 <node id="2919360827" visible="true" version="2" changeset="129958077" timestamp="2022-12-11T10:40:48Z" user="spughetti" uid="16155068" lat="37.7993190" lon="-122.4494745"/>
 <node id="2919360830" visible="true" version="2" changeset="129958077" timestamp="2022-12-11T10:40:48Z" user="spughetti" uid="16155068" lat="37.7994208" lon="-122.4498555"/>
 <node id="2919360831" visible="true" version="2" changeset="129958077" timestamp="2022-12-11T10:40:48Z" user="spughetti" uid="16155068" lat="37.7994588" lon="-122.4499585"/>
 <node id="2919360832" visible="true" version="3" changeset="129959586" timestamp="2022-12-11T11:34:20Z" user="spughetti" uid="16155068" lat="37.7994949" lon="-122.4499367"/>
 <node id="2919360833" visible="true" version="2" changeset="129958077" timestamp="2022-12-11T10:40:48Z" user="spughetti" uid="16155068" lat="37.7995014" lon="-122.4507555"/>
 <node id="2919360834" visible="true" version="2" changeset="129958077" timestamp="2022-12-11T10:40:48Z" user="spughetti" uid="16155068" lat="37.7995321" lon="-122.4507305"/>
 <node id="2919360835" visible="true" version="2" changeset="129958077" timestamp="2022-12-11T10:40:48Z" user="spughetti" uid="16155068" lat="37.7995333" lon="-122.4507345"/>
 <node id="2919360836" visible="true" version="2" changeset="129958077" timestamp="2022-12-11T10:40:48Z" user="spughetti" uid="16155068" lat="37.7995359" lon="-122.4508495"/>
 <node id="2919360837" visible="true" version="3" changeset="183834191" timestamp="2026-06-08T15:18:13Z" user="LonelyHunter" uid="22234365" lat="37.7997847" lon="-122.4502975"/>
 <node id="2919360841" visible="true" version="2" changeset="129958077" timestamp="2022-12-11T10:40:48Z" user="spughetti" uid="16155068" lat="37.7996560" lon="-122.4498315"/>
 <node id="2919360842" visible="true" version="2" changeset="129958077" timestamp="2022-12-11T10:40:48Z" user="spughetti" uid="16155068" lat="37.7996776" lon="-122.4507095"/>
 <node id="2919360844" visible="true" version="3" changeset="129958077" timestamp="2022-12-11T10:40:48Z" user="spughetti" uid="16155068" lat="37.7996948" lon="-122.4507565"/>
 <node id="2919360845" visible="true" version="3" changeset="129958077" timestamp="2022-12-11T10:40:48Z" user="spughetti" uid="16155068" lat="37.7997259" lon="-122.4506805"/>
 <node id="2919360848" visible="true" version="2" changeset="129958077" timestamp="2022-12-11T10:40:48Z" user="spughetti" uid="16155068" lat="37.7997971" lon="-122.4502155"/>
 <node id="2919360849" visible="true" version="2" changeset="129958077" timestamp="2022-12-11T10:40:48Z" user="spughetti" uid="16155068" lat="37.7998289" lon="-122.4497305"/>
 <node id="2919360850" visible="true" version="1" changeset="22972685" timestamp="2014-06-16T20:46:06Z" user="Rub21" uid="510836" lat="37.7998639" lon="-122.4517180"/>
 <node id="2919360851" visible="true" version="2" changeset="129958077" timestamp="2022-12-11T10:40:48Z" user="spughetti" uid="16155068" lat="37.7998708" lon="-122.4505265"/>
 <node id="2919360852" visible="true" version="2" changeset="129958077" timestamp="2022-12-11T10:40:48Z" user="spughetti" uid="16155068" lat="37.7998823" lon="-122.4498755"/>
 <node id="2919360853" visible="true" version="2" changeset="129958077" timestamp="2022-12-11T10:40:48Z" user="spughetti" uid="16155068" lat="37.7999041" lon="-122.4505065"/>
 <node id="2919360854" visible="true" version="2" changeset="129958077" timestamp="2022-12-11T10:40:48Z" user="spughetti" uid="16155068" lat="37.7999261" lon="-122.4505665"/>
 <node id="2919360855" visible="true" version="1" changeset="22972685" timestamp="2014-06-16T20:46:06Z" user="Rub21" uid="510836" lat="37.7999296" lon="-122.4518813"/>
 <node id="2919360856" visible="true" version="1" changeset="22972685" timestamp="2014-06-16T20:46:06Z" user="Rub21" uid="510836" lat="37.7999305" lon="-122.4520219"/>
 <node id="2919360857" visible="true" version="1" changeset="22972685" timestamp="2014-06-16T20:46:06Z" user="Rub21" uid="510836" lat="37.7999692" lon="-122.4519820"/>
 <node id="2919360858" visible="true" version="2" changeset="129958077" timestamp="2022-12-11T10:40:48Z" user="spughetti" uid="16155068" lat="37.7999758" lon="-122.4505375"/>
 <node id="2919360859" visible="true" version="1" changeset="22972685" timestamp="2014-06-16T20:46:06Z" user="Rub21" uid="510836" lat="37.7999742" lon="-122.4519945"/>
 <node id="2919360860" visible="true" version="1" changeset="22972685" timestamp="2014-06-16T20:46:06Z" user="Rub21" uid="510836" lat="37.7999849" lon="-122.4521604"/>
 <node id="2919360861" visible="true" version="2" changeset="129958077" timestamp="2022-12-11T10:40:48Z" user="spughetti" uid="16155068" lat="37.7999920" lon="-122.4505815"/>
 <node id="2919360862" visible="true" version="1" changeset="22972685" timestamp="2014-06-16T20:46:06Z" user="Rub21" uid="510836" lat="37.8000303" lon="-122.4521338"/>
 <node id="2919360863" visible="true" version="1" changeset="22972685" timestamp="2014-06-16T20:46:06Z" user="Rub21" uid="510836" lat="37.8000351" lon="-122.4521457"/>
 <node id="2919360864" visible="true" version="1" changeset="22972685" timestamp="2014-06-16T20:46:06Z" user="Rub21" uid="510836" lat="37.8000355" lon="-122.4522829"/>
 <node id="2919360865" visible="true" version="2" changeset="129958077" timestamp="2022-12-11T10:40:48Z" user="spughetti" uid="16155068" lat="37.8000539" lon="-122.4504915"/>
 <node id="2919360866" visible="true" version="2" changeset="79943079" timestamp="2020-01-23T01:21:31Z" user="mapman44" uid="2888253" lat="37.8000593" lon="-122.4517985"/>
 <node id="2919360869" visible="true" version="3" changeset="129958077" timestamp="2022-12-11T10:40:48Z" user="spughetti" uid="16155068" lat="37.8000701" lon="-122.4505355"/>
 <node id="2919360870" visible="true" version="2" changeset="129958077" timestamp="2022-12-11T10:40:48Z" user="spughetti" uid="16155068" lat="37.8000782" lon="-122.4504085"/>
 <node id="2919360871" visible="true" version="1" changeset="22972685" timestamp="2014-06-16T20:46:06Z" user="Rub21" uid="510836" lat="37.8000745" lon="-122.4522422"/>
 <node id="2919360872" visible="true" version="1" changeset="22972685" timestamp="2014-06-16T20:46:06Z" user="Rub21" uid="510836" lat="37.8000798" lon="-122.4522552"/>
 <node id="2919360873" visible="true" version="1" changeset="22972685" timestamp="2014-06-16T20:46:06Z" user="Rub21" uid="510836" lat="37.8000899" lon="-122.4524215"/>
 <node id="2919360874" visible="true" version="2" changeset="129958077" timestamp="2022-12-11T10:40:48Z" user="spughetti" uid="16155068" lat="37.8000991" lon="-122.4504655"/>
 <node id="2919360875" visible="true" version="1" changeset="22972685" timestamp="2014-06-16T20:46:06Z" user="Rub21" uid="510836" lat="37.8000996" lon="-122.4518990"/>
 <node id="2919360876" visible="true" version="2" changeset="129958077" timestamp="2022-12-11T10:40:48Z" user="spughetti" uid="16155068" lat="37.8001380" lon="-122.4496625"/>
 <node id="2919360877" visible="true" version="1" changeset="22972685" timestamp="2014-06-16T20:46:06Z" user="Rub21" uid="510836" lat="37.8001358" lon="-122.4523945"/>
 <node id="2919360878" visible="true" version="1" changeset="22972685" timestamp="2014-06-16T20:46:06Z" user="Rub21" uid="510836" lat="37.8001375" lon="-122.4515433"/>
 <node id="2919360879" visible="true" version="1" changeset="22972685" timestamp="2014-06-16T20:46:06Z" user="Rub21" uid="510836" lat="37.8001404" lon="-122.4524059"/>
 <node id="2919360880" visible="true" version="2" changeset="129958077" timestamp="2022-12-11T10:40:48Z" user="spughetti" uid="16155068" lat="37.8001576" lon="-122.4497155"/>
 <node id="2919360881" visible="true" version="1" changeset="22972685" timestamp="2014-06-16T20:46:06Z" user="Rub21" uid="510836" lat="37.8001642" lon="-122.4516096"/>
 <node id="2919360882" visible="true" version="1" changeset="22972685" timestamp="2014-06-16T20:46:06Z" user="Rub21" uid="510836" lat="37.8001651" lon="-122.4520630"/>
 <node id="2919360883" visible="true" version="1" changeset="22972685" timestamp="2014-06-16T20:46:06Z" user="Rub21" uid="510836" lat="37.8001925" lon="-122.4515910"/>
 <node id="2919360884" visible="true" version="1" changeset="22972685" timestamp="2014-06-16T20:46:06Z" user="Rub21" uid="510836" lat="37.8002038" lon="-122.4521597"/>
 <node id="2919360885" visible="true" version="2" changeset="129958077" timestamp="2022-12-11T10:40:48Z" user="spughetti" uid="16155068" lat="37.8002246" lon="-122.4496115"/>
 <node id="2919360886" visible="true" version="2" changeset="129958077" timestamp="2022-12-11T10:40:48Z" user="spughetti" uid="16155068" lat="37.8003113" lon="-122.4495605"/>
 <node id="2919360888" visible="true" version="2" changeset="129958077" timestamp="2022-12-11T10:40:48Z" user="spughetti" uid="16155068" lat="37.8003242" lon="-122.4502655"/>
 <node id="2919360892" visible="true" version="2" changeset="129958077" timestamp="2022-12-11T10:40:48Z" user="spughetti" uid="16155068" lat="37.8003601" lon="-122.4503645"/>
 <node id="2919360893" visible="true" version="2" changeset="129958077" timestamp="2022-12-11T10:40:48Z" user="spughetti" uid="16155068" lat="37.8003654" lon="-122.4497075"/>
 <node id="2919360896" visible="true" version="1" changeset="22972685" timestamp="2014-06-16T20:46:06Z" user="Rub21" uid="510836" lat="37.8003875" lon="-122.4520837"/>
 <node id="2919360899" visible="true" version="1" changeset="22972685" timestamp="2014-06-16T20:46:07Z" user="Rub21" uid="510836" lat="37.8003997" lon="-122.4522406"/>
 <node id="2919360900" visible="true" version="1" changeset="22972685" timestamp="2014-06-16T20:46:07Z" user="Rub21" uid="510836" lat="37.8004096" lon="-122.4521356"/>
 <node id="2919360903" visible="true" version="1" changeset="22972685" timestamp="2014-06-16T20:46:07Z" user="Rub21" uid="510836" lat="37.8004504" lon="-122.4523648"/>
 <node id="2919360906" visible="true" version="1" changeset="22972685" timestamp="2014-06-16T20:46:07Z" user="Rub21" uid="510836" lat="37.8004914" lon="-122.4523389"/>
 <node id="2919360907" visible="true" version="2" changeset="129958077" timestamp="2022-12-11T10:40:48Z" user="spughetti" uid="16155068" lat="37.8005010" lon="-122.4502265"/>
 <node id="2919360911" visible="true" version="3" changeset="129958077" timestamp="2022-12-11T10:40:48Z" user="spughetti" uid="16155068" lat="37.8005179" lon="-122.4502725"/>
 <node id="2919360912" visible="true" version="2" changeset="129958077" timestamp="2022-12-11T10:40:48Z" user="spughetti" uid="16155068" lat="37.8005271" lon="-122.4501455"/>
 <node id="2919360915" visible="true" version="2" changeset="129958077" timestamp="2022-12-11T10:40:48Z" user="spughetti" uid="16155068" lat="37.8005471" lon="-122.4501995"/>
 <node id="2919360917" visible="true" version="2" changeset="129958077" timestamp="2022-12-11T10:40:48Z" user="spughetti" uid="16155068" lat="37.8006142" lon="-122.4494415"/>
 <node id="2919360919" visible="true" version="2" changeset="129958077" timestamp="2022-12-11T10:40:48Z" user="spughetti" uid="16155068" lat="37.8006208" lon="-122.4494925"/>
 <node id="2919360920" visible="true" version="2" changeset="129958077" timestamp="2022-12-11T10:40:48Z" user="spughetti" uid="16155068" lat="37.8006248" lon="-122.4500875"/>
 <node id="2919360923" visible="true" version="2" changeset="129958077" timestamp="2022-12-11T10:40:48Z" user="spughetti" uid="16155068" lat="37.8006311" lon="-122.4494865"/>
 <node id="2919360927" visible="true" version="2" changeset="129958077" timestamp="2022-12-11T10:40:48Z" user="spughetti" uid="16155068" lat="37.8006403" lon="-122.4495455"/>
 <node id="2919360929" visible="true" version="2" changeset="129958077" timestamp="2022-12-11T10:40:48Z" user="spughetti" uid="16155068" lat="37.8006601" lon="-122.4501845"/>
 <node id="2919360938" visible="true" version="2" changeset="129958077" timestamp="2022-12-11T10:40:48Z" user="spughetti" uid="16155068" lat="37.8007665" lon="-122.4493515"/>
 <node id="2919360940" visible="true" version="2" changeset="129958077" timestamp="2022-12-11T10:40:48Z" user="spughetti" uid="16155068" lat="37.8007779" lon="-122.4499985"/>
 <node id="2919360941" visible="true" version="2" changeset="129958077" timestamp="2022-12-11T10:40:48Z" user="spughetti" uid="16155068" lat="37.8007834" lon="-122.4493974"/>
 <node id="2919360942" visible="true" version="2" changeset="129958077" timestamp="2022-12-11T10:40:48Z" user="spughetti" uid="16155068" lat="37.8007962" lon="-122.4493910"/>
 <node id="2919360944" visible="true" version="2" changeset="129958077" timestamp="2022-12-11T10:40:48Z" user="spughetti" uid="16155068" lat="37.8008019" lon="-122.4499835"/>
 <node id="2919360948" visible="true" version="2" changeset="129958077" timestamp="2022-12-11T10:40:48Z" user="spughetti" uid="16155068" lat="37.8008167" lon="-122.4494470"/>
 <node id="2919360950" visible="true" version="3" changeset="129958077" timestamp="2022-12-11T10:40:48Z" user="spughetti" uid="16155068" lat="37.8008126" lon="-122.4500925"/>
 <node id="2919360951" visible="true" version="2" changeset="129958077" timestamp="2022-12-11T10:40:48Z" user="spughetti" uid="16155068" lat="37.8008222" lon="-122.4500385"/>
 <node id="2919360952" visible="true" version="2" changeset="129958077" timestamp="2022-12-11T10:40:48Z" user="spughetti" uid="16155068" lat="37.8008396" lon="-122.4494350"/>
 <node id="2919360983" visible="true" version="2" changeset="129958077" timestamp="2022-12-11T10:40:48Z" user="spughetti" uid="16155068" lat="37.8009745" lon="-122.4498760"/>
 <node id="2919360991" visible="true" version="2" changeset="129958077" timestamp="2022-12-11T10:40:48Z" user="spughetti" uid="16155068" lat="37.8009957" lon="-122.4499350"/>
 <node id="2919360993" visible="true" version="3" changeset="129958077" timestamp="2022-12-11T10:40:48Z" user="spughetti" uid="16155068" lat="37.8009970" lon="-122.4498620"/>
 <node id="3065919083" visible="true" version="2" changeset="129955449" timestamp="2022-12-11T08:51:26Z" user="spughetti" uid="16155068" lat="37.7996980" lon="-122.4493099"/>
 <node id="3065919084" visible="true" version="4" changeset="129955846" timestamp="2022-12-11T09:12:55Z" user="spughetti" uid="16155068" lat="37.7999546" lon="-122.4494662"/>
 <node id="3454073837" visible="true" version="4" changeset="58520414" timestamp="2018-04-29T07:53:12Z" user="KindredCoda" uid="14293" lat="37.7985013" lon="-122.4518412"/>
 <node id="3454073838" visible="true" version="2" changeset="71162408" timestamp="2019-06-12T02:16:00Z" user="KindredCoda" uid="14293" lat="37.7987107" lon="-122.4517095"/>
 <node id="3454073839" visible="true" version="2" changeset="71162408" timestamp="2019-06-12T02:16:00Z" user="KindredCoda" uid="14293" lat="37.7988371" lon="-122.4519925"/>
 <node id="3454073840" visible="true" version="2" changeset="56524066" timestamp="2018-02-20T15:36:42Z" user="Irina Karachevtseva" uid="5288591" lat="37.7988528" lon="-122.4520741"/>
 <node id="3454073841" visible="true" version="4" changeset="58520414" timestamp="2018-04-29T07:53:11Z" user="KindredCoda" uid="14293" lat="37.7988336" lon="-122.4521602"/>
 <node id="3704616825" visible="true" version="1" changeset="33438533" timestamp="2015-08-19T12:45:54Z" user="jinalfoflia" uid="2847988" lat="37.7985591" lon="-122.4535867"/>
 <node id="3722672036" visible="true" version="1" changeset="33698583" timestamp="2015-08-31T09:09:03Z" user="KindredCoda" uid="14293" lat="37.7974985" lon="-122.4491997"/>
 <node id="3722672037" visible="true" version="1" changeset="33698583" timestamp="2015-08-31T09:09:03Z" user="KindredCoda" uid="14293" lat="37.7977501" lon="-122.4491802"/>
 <node id="3722672038" visible="true" version="1" changeset="33698583" timestamp="2015-08-31T09:09:03Z" user="KindredCoda" uid="14293" lat="37.7993364" lon="-122.4523328"/>
 <node id="3722672040" visible="true" version="1" changeset="33698583" timestamp="2015-08-31T09:09:03Z" user="KindredCoda" uid="14293" lat="37.7993659" lon="-122.4520542"/>
 <node id="3722672044" visible="true" version="1" changeset="33698583" timestamp="2015-08-31T09:09:03Z" user="KindredCoda" uid="14293" lat="37.7983514" lon="-122.4505414"/>
 <node id="3722672045" visible="true" version="1" changeset="33698583" timestamp="2015-08-31T09:09:03Z" user="KindredCoda" uid="14293" lat="37.7976327" lon="-122.4511699"/>
 <node id="3722672049" visible="true" version="1" changeset="33698583" timestamp="2015-08-31T09:09:03Z" user="KindredCoda" uid="14293" lat="37.7976498" lon="-122.4509945"/>
 <node id="3722672051" visible="true" version="3" changeset="124457591" timestamp="2022-08-04T01:05:23Z" user="user4816003805" uid="4186070" lat="37.7983338" lon="-122.4505563">
  <tag k="crossing" v="marked"/>
  <tag k="highway" v="crossing"/>
  <tag k="tactile_paving" v="yes"/>
 </node>
 <node id="3722672053" visible="true" version="1" changeset="33698583" timestamp="2015-08-31T09:09:03Z" user="KindredCoda" uid="14293" lat="37.7976464" lon="-122.4490569"/>
 <node id="3722672056" visible="true" version="1" changeset="33698583" timestamp="2015-08-31T09:09:03Z" user="KindredCoda" uid="14293" lat="37.7985437" lon="-122.4501671"/>
 <node id="3722672057" visible="true" version="2" changeset="37431646" timestamp="2016-02-25T10:10:22Z" user="oba510" uid="933797" lat="37.7982890" lon="-122.4492810"/>
 <node id="3722672058" visible="true" version="2" changeset="166281511" timestamp="2025-05-15T01:01:14Z" user="TheNightRider" uid="1968961" lat="37.7981521" lon="-122.4488773"/>
 <node id="3722672060" visible="true" version="2" changeset="166281511" timestamp="2025-05-15T01:01:14Z" user="TheNightRider" uid="1968961" lat="37.7981590" lon="-122.4488275"/>
 <node id="3722672062" visible="true" version="1" changeset="33698583" timestamp="2015-08-31T09:09:03Z" user="KindredCoda" uid="14293" lat="37.7986141" lon="-122.4512678"/>
 <node id="3722672063" visible="true" version="1" changeset="33698583" timestamp="2015-08-31T09:09:03Z" user="KindredCoda" uid="14293" lat="37.7975686" lon="-122.4507295"/>
 <node id="3722672067" visible="true" version="1" changeset="33698583" timestamp="2015-08-31T09:09:03Z" user="KindredCoda" uid="14293" lat="37.7991628" lon="-122.4516092"/>
 <node id="3722672068" visible="true" version="1" changeset="33698583" timestamp="2015-08-31T09:09:03Z" user="KindredCoda" uid="14293" lat="37.7975329" lon="-122.4506100"/>
 <node id="3722672069" visible="true" version="1" changeset="33698583" timestamp="2015-08-31T09:09:03Z" user="KindredCoda" uid="14293" lat="37.7982817" lon="-122.4492206"/>
 <node id="3722672072" visible="true" version="1" changeset="33698583" timestamp="2015-08-31T09:09:03Z" user="KindredCoda" uid="14293" lat="37.7975839" lon="-122.4490093"/>
 <node id="3722672073" visible="true" version="1" changeset="33698583" timestamp="2015-08-31T09:09:03Z" user="KindredCoda" uid="14293" lat="37.7987224" lon="-122.4513503"/>
 <node id="3722672074" visible="true" version="1" changeset="33698583" timestamp="2015-08-31T09:09:03Z" user="KindredCoda" uid="14293" lat="37.7985204" lon="-122.4511551"/>
 <node id="3722672075" visible="true" version="1" changeset="33698583" timestamp="2015-08-31T09:09:03Z" user="KindredCoda" uid="14293" lat="37.7993633" lon="-122.4521917"/>
 <node id="3722672077" visible="true" version="2" changeset="76250580" timestamp="2019-10-26T19:00:15Z" user="clay_c" uid="119881" lat="37.7992547" lon="-122.4517222"/>
 <node id="3722672083" visible="true" version="1" changeset="33698583" timestamp="2015-08-31T09:09:03Z" user="KindredCoda" uid="14293" lat="37.7984058" lon="-122.4497137"/>
 <node id="3722672084" visible="true" version="1" changeset="33698583" timestamp="2015-08-31T09:09:03Z" user="KindredCoda" uid="14293" lat="37.7984207" lon="-122.4509562"/>
 <node id="3722672085" visible="true" version="1" changeset="33698583" timestamp="2015-08-31T09:09:03Z" user="KindredCoda" uid="14293" lat="37.7977122" lon="-122.4491278"/>
 <node id="3722672086" visible="true" version="1" changeset="33698583" timestamp="2015-08-31T09:09:03Z" user="KindredCoda" uid="14293" lat="37.7974321" lon="-122.4498805"/>
 <node id="3722672087" visible="true" version="1" changeset="33698583" timestamp="2015-08-31T09:09:03Z" user="KindredCoda" uid="14293" lat="37.7985796" lon="-122.4501765"/>
 <node id="3722672089" visible="true" version="1" changeset="33698583" timestamp="2015-08-31T09:09:03Z" user="KindredCoda" uid="14293" lat="37.7993014" lon="-122.4518095"/>
 <node id="3722672090" visible="true" version="1" changeset="33698583" timestamp="2015-08-31T09:09:03Z" user="KindredCoda" uid="14293" lat="37.7976437" lon="-122.4511135"/>
 <node id="3722672091" visible="true" version="1" changeset="33698583" timestamp="2015-08-31T09:09:03Z" user="KindredCoda" uid="14293" lat="37.7974718" lon="-122.4503216"/>
 <node id="3722672093" visible="true" version="1" changeset="33698583" timestamp="2015-08-31T09:09:03Z" user="KindredCoda" uid="14293" lat="37.7974565" lon="-122.4494457"/>
 <node id="3722672095" visible="true" version="1" changeset="33698583" timestamp="2015-08-31T09:09:03Z" user="KindredCoda" uid="14293" lat="37.7982741" lon="-122.4490177"/>
 <node id="3722672097" visible="true" version="1" changeset="33698583" timestamp="2015-08-31T09:09:04Z" user="KindredCoda" uid="14293" lat="37.7981860" lon="-122.4491248"/>
 <node id="3722672099" visible="true" version="1" changeset="33698583" timestamp="2015-08-31T09:09:04Z" user="KindredCoda" uid="14293" lat="37.7985370" lon="-122.4502028"/>
 <node id="3722672101" visible="true" version="8" changeset="124457584" timestamp="2022-08-04T01:04:53Z" user="user4816003805" uid="4186070" lat="37.7980264" lon="-122.4502029">
  <tag k="bench" v="yes"/>
  <tag k="bin" v="yes"/>
  <tag k="bus" v="yes"/>
  <tag k="highway" v="bus_stop"/>
  <tag k="name" v="Letterman Digital Arts Center"/>
  <tag k="network" v="Muni;PresidiGo"/>
  <tag k="operator" v="San Francisco Municipal Railway"/>
  <tag k="public_transport" v="platform"/>
  <tag k="shelter" v="yes"/>
  <tag k="tactile_paving" v="no"/>
 </node>
 <node id="3722672102" visible="true" version="1" changeset="33698583" timestamp="2015-08-31T09:09:04Z" user="KindredCoda" uid="14293" lat="37.7986310" lon="-122.4501750"/>
 <node id="3722672103" visible="true" version="2" changeset="166281511" timestamp="2025-05-15T01:01:14Z" user="TheNightRider" uid="1968961" lat="37.7981517" lon="-122.4489914"/>
 <node id="3722672104" visible="true" version="1" changeset="33698583" timestamp="2015-08-31T09:09:04Z" user="KindredCoda" uid="14293" lat="37.7976368" lon="-122.4509399"/>
 <node id="3722672107" visible="true" version="1" changeset="33698583" timestamp="2015-08-31T09:09:04Z" user="KindredCoda" uid="14293" lat="37.7983446" lon="-122.4495459"/>
 <node id="3722672109" visible="true" version="1" changeset="33698583" timestamp="2015-08-31T09:09:04Z" user="KindredCoda" uid="14293" lat="37.7982756" lon="-122.4491080"/>
 <node id="3722672110" visible="true" version="1" changeset="33698583" timestamp="2015-08-31T09:09:04Z" user="KindredCoda" uid="14293" lat="37.7981640" lon="-122.4490595"/>
 <node id="3722672111" visible="true" version="1" changeset="33698583" timestamp="2015-08-31T09:09:04Z" user="KindredCoda" uid="14293" lat="37.7986323" lon="-122.4501256"/>
 <node id="3722672112" visible="true" version="1" changeset="33698583" timestamp="2015-08-31T09:09:04Z" user="KindredCoda" uid="14293" lat="37.7977767" lon="-122.4492273"/>
 <node id="3722672113" visible="true" version="1" changeset="33698583" timestamp="2015-08-31T09:09:04Z" user="KindredCoda" uid="14293" lat="37.7993456" lon="-122.4519274"/>
 <node id="3722672115" visible="true" version="1" changeset="33698583" timestamp="2015-08-31T09:09:04Z" user="KindredCoda" uid="14293" lat="37.7982131" lon="-122.4491769"/>
 <node id="3722672117" visible="true" version="1" changeset="33698583" timestamp="2015-08-31T09:09:04Z" user="KindredCoda" uid="14293" lat="37.7986665" lon="-122.4513132"/>
 <node id="3722672123" visible="true" version="1" changeset="33698583" timestamp="2015-08-31T09:09:04Z" user="KindredCoda" uid="14293" lat="37.7982629" lon="-122.4492496"/>
 <node id="3722672124" visible="true" version="1" changeset="33698583" timestamp="2015-08-31T09:09:04Z" user="KindredCoda" uid="14293" lat="37.7982760" lon="-122.4489331"/>
 <node id="3722672425" visible="true" version="1" changeset="33698583" timestamp="2015-08-31T09:09:04Z" user="KindredCoda" uid="14293" lat="37.7992735" lon="-122.4517526"/>
 <node id="3722672429" visible="true" version="1" changeset="33698583" timestamp="2015-08-31T09:09:04Z" user="KindredCoda" uid="14293" lat="37.7986260" lon="-122.4500773"/>
 <node id="3722672435" visible="true" version="1" changeset="33698583" timestamp="2015-08-31T09:09:04Z" user="KindredCoda" uid="14293" lat="37.7983232" lon="-122.4494679"/>
 <node id="3722672436" visible="true" version="1" changeset="33698583" timestamp="2015-08-31T09:09:04Z" user="KindredCoda" uid="14293" lat="37.7991197" lon="-122.4515727"/>
 <node id="3722672438" visible="true" version="9" changeset="173038410" timestamp="2025-10-09T08:48:23Z" user="PedestrianMapping_CartoBypass" uid="23065539" lat="37.7976712" lon="-122.4513065">
  <tag k="crossing" v="uncontrolled"/>
  <tag k="crossing:island" v="no"/>
  <tag k="crossing:markings" v="zebra"/>
  <tag k="crossing:signals" v="no"/>
  <tag k="highway" v="crossing"/>
  <tag k="tactile_paving" v="yes"/>
 </node>
 <node id="3722672439" visible="true" version="5" changeset="168451941" timestamp="2025-07-03T16:29:28Z" user="John Gilmore" uid="314930" lat="37.7992620" lon="-122.4525183">
  <tag k="crossing" v="uncontrolled"/>
  <tag k="crossing:island" v="no"/>
  <tag k="crossing:markings" v="zebra"/>
  <tag k="highway" v="crossing"/>
 </node>
 <node id="3722672440" visible="true" version="1" changeset="33698583" timestamp="2015-08-31T09:09:04Z" user="KindredCoda" uid="14293" lat="37.7985455" lon="-122.4501292"/>
 <node id="3722672443" visible="true" version="1" changeset="33698583" timestamp="2015-08-31T09:09:04Z" user="KindredCoda" uid="14293" lat="37.7983069" lon="-122.4493957"/>
 <node id="3722672445" visible="true" version="1" changeset="33698583" timestamp="2015-08-31T09:09:04Z" user="KindredCoda" uid="14293" lat="37.7984468" lon="-122.4510218"/>
 <node id="3722672447" visible="true" version="1" changeset="33698583" timestamp="2015-08-31T09:09:04Z" user="KindredCoda" uid="14293" lat="37.7992891" lon="-122.4524597"/>
 <node id="4009111000" visible="true" version="1" changeset="37242094" timestamp="2016-02-16T09:55:18Z" user="KindredCoda" uid="14293" lat="37.7919886" lon="-122.4478717"/>
 <node id="4009111001" visible="true" version="1" changeset="37242094" timestamp="2016-02-16T09:55:18Z" user="KindredCoda" uid="14293" lat="37.7974109" lon="-122.4512167"/>
 <node id="4009111002" visible="true" version="1" changeset="37242094" timestamp="2016-02-16T09:55:18Z" user="KindredCoda" uid="14293" lat="37.7970492" lon="-122.4513227"/>
 <node id="4009111003" visible="true" version="1" changeset="37242094" timestamp="2016-02-16T09:55:18Z" user="KindredCoda" uid="14293" lat="37.7948522" lon="-122.4487433"/>
 <node id="4009111004" visible="true" version="1" changeset="37242094" timestamp="2016-02-16T09:55:18Z" user="KindredCoda" uid="14293" lat="37.7969542" lon="-122.4514336"/>
 <node id="4009111005" visible="true" version="1" changeset="37242094" timestamp="2016-02-16T09:55:18Z" user="KindredCoda" uid="14293" lat="37.7957272" lon="-122.4513805"/>
 <node id="4009111006" visible="true" version="1" changeset="37242094" timestamp="2016-02-16T09:55:18Z" user="KindredCoda" uid="14293" lat="37.7949712" lon="-122.4494494"/>
 <node id="4009111007" visible="true" version="1" changeset="37242094" timestamp="2016-02-16T09:55:18Z" user="KindredCoda" uid="14293" lat="37.7973464" lon="-122.4512148"/>
 <node id="4009111009" visible="true" version="1" changeset="37242094" timestamp="2016-02-16T09:55:18Z" user="KindredCoda" uid="14293" lat="37.7942046" lon="-122.4503371"/>
 <node id="4009111010" visible="true" version="1" changeset="37242094" timestamp="2016-02-16T09:55:18Z" user="KindredCoda" uid="14293" lat="37.7949933" lon="-122.4493719"/>
 <node id="4009111011" visible="true" version="2" changeset="115592544" timestamp="2021-12-31T04:56:28Z" user="Mingwei" uid="14152086" lat="37.7920346" lon="-122.4477565"/>
 <node id="4009111012" visible="true" version="2" changeset="116527395" timestamp="2022-01-24T07:15:56Z" user="willkmis" uid="11523236" lat="37.7929968" lon="-122.4489638"/>
 <node id="4009111013" visible="true" version="3" changeset="58520414" timestamp="2018-04-29T07:53:12Z" user="KindredCoda" uid="14293" lat="37.7983397" lon="-122.4517146"/>
 <node id="4009111014" visible="true" version="1" changeset="37242094" timestamp="2016-02-16T09:55:19Z" user="KindredCoda" uid="14293" lat="37.7959226" lon="-122.4514643"/>
 <node id="4009111015" visible="true" version="1" changeset="37242094" timestamp="2016-02-16T09:55:19Z" user="KindredCoda" uid="14293" lat="37.7920303" lon="-122.4478957"/>
 <node id="4009111016" visible="true" version="1" changeset="37242094" timestamp="2016-02-16T09:55:19Z" user="KindredCoda" uid="14293" lat="37.7962736" lon="-122.4515532"/>
 <node id="4009111017" visible="true" version="1" changeset="37242094" timestamp="2016-02-16T09:55:19Z" user="KindredCoda" uid="14293" lat="37.7946452" lon="-122.4508498"/>
 <node id="4009111019" visible="true" version="1" changeset="37242094" timestamp="2016-02-16T09:55:19Z" user="KindredCoda" uid="14293" lat="37.7989086" lon="-122.4522645"/>
 <node id="4009111020" visible="true" version="1" changeset="37242094" timestamp="2016-02-16T09:55:19Z" user="KindredCoda" uid="14293" lat="37.7945594" lon="-122.4485496"/>
 <node id="4009111022" visible="true" version="1" changeset="37242094" timestamp="2016-02-16T09:55:19Z" user="KindredCoda" uid="14293" lat="37.7972216" lon="-122.4512336"/>
 <node id="4009111023" visible="true" version="1" changeset="37242094" timestamp="2016-02-16T09:55:19Z" user="KindredCoda" uid="14293" lat="37.7950080" lon="-122.4492904"/>
 <node id="4009111024" visible="true" version="1" changeset="37242094" timestamp="2016-02-16T09:55:19Z" user="KindredCoda" uid="14293" lat="37.7927424" lon="-122.4478996"/>
 <node id="4009111025" visible="true" version="1" changeset="37242094" timestamp="2016-02-16T09:55:19Z" user="KindredCoda" uid="14293" lat="37.7939561" lon="-122.4485034"/>
 <node id="4009111026" visible="true" version="1" changeset="37242094" timestamp="2016-02-16T09:55:19Z" user="KindredCoda" uid="14293" lat="37.7949460" lon="-122.4495272"/>
 <node id="4009111028" visible="true" version="1" changeset="37242094" timestamp="2016-02-16T09:55:19Z" user="KindredCoda" uid="14293" lat="37.7951583" lon="-122.4505705"/>
 <node id="4009111029" visible="true" version="1" changeset="37242094" timestamp="2016-02-16T09:55:19Z" user="KindredCoda" uid="14293" lat="37.7928262" lon="-122.4479230"/>
 <node id="4009111030" visible="true" version="1" changeset="37242094" timestamp="2016-02-16T09:55:19Z" user="KindredCoda" uid="14293" lat="37.7919570" lon="-122.4478467"/>
 <node id="4009111031" visible="true" version="1" changeset="37242094" timestamp="2016-02-16T09:55:19Z" user="KindredCoda" uid="14293" lat="37.7949920" lon="-122.4490652"/>
 <node id="4009111032" visible="true" version="1" changeset="37242094" timestamp="2016-02-16T09:55:19Z" user="KindredCoda" uid="14293" lat="37.7946240" lon="-122.4485681"/>
 <node id="4009111033" visible="true" version="1" changeset="37242094" timestamp="2016-02-16T09:55:19Z" user="KindredCoda" uid="14293" lat="37.7955248" lon="-122.4511399"/>
 <node id="4009111034" visible="true" version="1" changeset="37242094" timestamp="2016-02-16T09:55:19Z" user="KindredCoda" uid="14293" lat="37.7950116" lon="-122.4492141"/>
 <node id="4009111035" visible="true" version="1" changeset="37242094" timestamp="2016-02-16T09:55:19Z" user="KindredCoda" uid="14293" lat="37.7949786" lon="-122.4500886"/>
 <node id="4009111036" visible="true" version="1" changeset="37242094" timestamp="2016-02-16T09:55:19Z" user="KindredCoda" uid="14293" lat="37.7957870" lon="-122.4514181"/>
 <node id="4009111037" visible="true" version="1" changeset="37242094" timestamp="2016-02-16T09:55:19Z" user="KindredCoda" uid="14293" lat="37.7949280" lon="-122.4496035"/>
 <node id="4009111038" visible="true" version="1" changeset="37242094" timestamp="2016-02-16T09:55:19Z" user="KindredCoda" uid="14293" lat="37.7969984" lon="-122.4513743"/>
 <node id="4009111039" visible="true" version="1" changeset="37242094" timestamp="2016-02-16T09:55:19Z" user="KindredCoda" uid="14293" lat="37.7956181" lon="-122.4512727"/>
 <node id="4009111040" visible="true" version="1" changeset="37242094" timestamp="2016-02-16T09:55:19Z" user="KindredCoda" uid="14293" lat="37.7947422" lon="-122.4486327"/>
 <node id="4009111041" visible="true" version="1" changeset="37242094" timestamp="2016-02-16T09:55:19Z" user="KindredCoda" uid="14293" lat="37.7940297" lon="-122.4485287"/>
 <node id="4009111042" visible="true" version="1" changeset="37242094" timestamp="2016-02-16T09:55:19Z" user="KindredCoda" uid="14293" lat="37.7940977" lon="-122.4485402"/>
 <node id="4009111043" visible="true" version="1" changeset="37242094" timestamp="2016-02-16T09:55:19Z" user="KindredCoda" uid="14293" lat="37.7972870" lon="-122.4512208"/>
 <node id="4009111044" visible="true" version="1" changeset="37242094" timestamp="2016-02-16T09:55:19Z" user="KindredCoda" uid="14293" lat="37.7952026" lon="-122.4506405"/>
 <node id="4009111045" visible="true" version="1" changeset="37242094" timestamp="2016-02-16T09:55:19Z" user="KindredCoda" uid="14293" lat="37.7927702" lon="-122.4486991"/>
 <node id="4009111046" visible="true" version="1" changeset="37242094" timestamp="2016-02-16T09:55:19Z" user="KindredCoda" uid="14293" lat="37.7962034" lon="-122.4515284"/>
 <node id="4009111048" visible="true" version="3" changeset="58520414" timestamp="2018-04-29T07:53:11Z" user="KindredCoda" uid="14293" lat="37.7980230" lon="-122.4514974"/>
 <node id="4009111049" visible="true" version="1" changeset="37242094" timestamp="2016-02-16T09:55:19Z" user="KindredCoda" uid="14293" lat="37.7949398" lon="-122.4499192"/>
 <node id="4009111050" visible="true" version="1" changeset="37242094" timestamp="2016-02-16T09:55:19Z" user="KindredCoda" uid="14293" lat="37.7921066" lon="-122.4479457"/>
 <node id="4009111051" visible="true" version="1" changeset="37242094" timestamp="2016-02-16T09:55:19Z" user="KindredCoda" uid="14293" lat="37.7938796" lon="-122.4484649"/>
 <node id="4009111052" visible="true" version="1" changeset="37242094" timestamp="2016-02-16T09:55:19Z" user="KindredCoda" uid="14293" lat="37.7964674" lon="-122.4516190"/>
 <node id="4009111053" visible="true" version="1" changeset="37242094" timestamp="2016-02-16T09:55:19Z" user="KindredCoda" uid="14293" lat="37.7932114" lon="-122.4480754"/>
 <node id="4009111054" visible="true" version="1" changeset="37242094" timestamp="2016-02-16T09:55:19Z" user="KindredCoda" uid="14293" lat="37.7949393" lon="-122.4488931"/>
 <node id="4009111055" visible="true" version="1" changeset="37242094" timestamp="2016-02-16T09:55:19Z" user="KindredCoda" uid="14293" lat="37.7949559" lon="-122.4500027"/>
 <node id="4009111056" visible="true" version="1" changeset="37242094" timestamp="2016-02-16T09:55:19Z" user="KindredCoda" uid="14293" lat="37.7933023" lon="-122.4481264"/>
 <node id="4009111057" visible="true" version="1" changeset="37242094" timestamp="2016-02-16T09:55:19Z" user="KindredCoda" uid="14293" lat="37.7967707" lon="-122.4516397"/>
 <node id="4009111058" visible="true" version="1" changeset="37242094" timestamp="2016-02-16T09:55:19Z" user="KindredCoda" uid="14293" lat="37.7956721" lon="-122.4513325"/>
 <node id="4009111059" visible="true" version="1" changeset="37242094" timestamp="2016-02-16T09:55:19Z" user="KindredCoda" uid="14293" lat="37.7953434" lon="-122.4508430"/>
 <node id="4009111060" visible="true" version="1" changeset="37242094" timestamp="2016-02-16T09:55:19Z" user="KindredCoda" uid="14293" lat="37.7968473" lon="-122.4515820"/>
 <node id="4009111061" visible="true" version="1" changeset="37242094" timestamp="2016-02-16T09:55:19Z" user="KindredCoda" uid="14293" lat="37.7949178" lon="-122.4497560"/>
 <node id="4009111063" visible="true" version="3" changeset="58520414" timestamp="2018-04-29T07:53:11Z" user="KindredCoda" uid="14293" lat="37.7981238" lon="-122.4515588"/>
 <node id="4025590920" visible="true" version="1" changeset="37431646" timestamp="2016-02-25T10:10:19Z" user="oba510" uid="933797" lat="37.7975267" lon="-122.4490880"/>
 <node id="4037897635" visible="true" version="1" changeset="37581762" timestamp="2016-03-03T09:02:24Z" user="KindredCoda" uid="14293" lat="37.7919269" lon="-122.4478071"/>
 <node id="4625896639" visible="true" version="1" changeset="45407055" timestamp="2017-01-23T18:13:29Z" user="Dero Bike Racks" uid="1996396" lat="37.7999903" lon="-122.4547856">
  <tag k="amenity" v="bicycle_repair_station"/>
  <tag k="brand" v="Dero"/>
  <tag k="note" v="Presidio YMCA"/>
  <tag k="opening_hours" v="24/7"/>
  <tag k="service:bicycle:pump" v="yes"/>
  <tag k="service:bicycle:repair" v="yes"/>
 </node>
 <node id="5080086119" visible="true" version="1" changeset="51732853" timestamp="2017-09-04T22:20:32Z" user="Scottieb3" uid="5819671" lat="37.7963916" lon="-122.4515941"/>
 <node id="5241902012" visible="true" version="1" changeset="53987774" timestamp="2017-11-21T22:36:39Z" user="user_115918" uid="115918" lat="37.7983189" lon="-122.4563189">
  <tag k="crossing" v="zebra"/>
  <tag k="highway" v="crossing"/>
 </node>
 <node id="5241967552" visible="true" version="2" changeset="58520414" timestamp="2018-04-29T07:53:11Z" user="KindredCoda" uid="14293" lat="37.7977508" lon="-122.4513511"/>
 <node id="5241967554" visible="true" version="4" changeset="168451941" timestamp="2025-07-03T16:29:29Z" user="John Gilmore" uid="314930" lat="37.7992990" lon="-122.4526909">
  <tag k="crossing" v="uncontrolled"/>
  <tag k="crossing:island" v="no"/>
  <tag k="crossing:markings" v="zebra"/>
  <tag k="highway" v="crossing"/>
 </node>
 <node id="5241967557" visible="true" version="2" changeset="168105137" timestamp="2025-06-25T17:16:25Z" user="VLD282" uid="21556038" lat="37.7995449" lon="-122.4511345"/>
 <node id="5241967561" visible="true" version="4" changeset="173038410" timestamp="2025-10-09T08:48:23Z" user="PedestrianMapping_CartoBypass" uid="23065539" lat="37.7977464" lon="-122.4512011"/>
 <node id="5241967562" visible="true" version="1" changeset="53988841" timestamp="2017-11-22T00:03:07Z" user="user_115918" uid="115918" lat="37.7977622" lon="-122.4512745"/>
 <node id="5241967569" visible="true" version="1" changeset="53988841" timestamp="2017-11-22T00:03:08Z" user="user_115918" uid="115918" lat="37.7976536" lon="-122.4510138"/>
 <node id="5241967575" visible="true" version="2" changeset="168105137" timestamp="2025-06-25T17:16:25Z" user="VLD282" uid="21556038" lat="37.7994713" lon="-122.4512129"/>
 <node id="5241967577" visible="true" version="1" changeset="53988841" timestamp="2017-11-22T00:03:08Z" user="user_115918" uid="115918" lat="37.7976957" lon="-122.4511061"/>
 <node id="5241967578" visible="true" version="2" changeset="58520414" timestamp="2018-04-29T07:53:11Z" user="KindredCoda" uid="14293" lat="37.7978393" lon="-122.4513983"/>
 <node id="5321012521" visible="true" version="1" changeset="55171907" timestamp="2018-01-04T22:24:14Z" user="Scottieb3" uid="5819671" lat="37.7929067" lon="-122.4483759"/>
 <node id="5321012522" visible="true" version="1" changeset="55171907" timestamp="2018-01-04T22:24:14Z" user="Scottieb3" uid="5819671" lat="37.7954150" lon="-122.4509555"/>
 <node id="5321012523" visible="true" version="1" changeset="55171907" timestamp="2018-01-04T22:24:14Z" user="Scottieb3" uid="5819671" lat="37.7952376" lon="-122.4510175"/>
 <node id="5321012524" visible="true" version="1" changeset="55171907" timestamp="2018-01-04T22:24:14Z" user="Scottieb3" uid="5819671" lat="37.7931565" lon="-122.4485326"/>
 <node id="5321012525" visible="true" version="1" changeset="55171907" timestamp="2018-01-04T22:24:14Z" user="Scottieb3" uid="5819671" lat="37.7952154" lon="-122.4515005"/>
 <node id="5424774856" visible="true" version="2" changeset="71162408" timestamp="2019-06-12T02:16:00Z" user="KindredCoda" uid="14293" lat="37.7986159" lon="-122.4517352"/>
 <node id="5424774857" visible="true" version="1" changeset="56524066" timestamp="2018-02-20T15:36:33Z" user="Irina Karachevtseva" uid="5288591" lat="37.7999476" lon="-122.4532726"/>
 <node id="5424774858" visible="true" version="1" changeset="56524066" timestamp="2018-02-20T15:36:33Z" user="Irina Karachevtseva" uid="5288591" lat="37.7998639" lon="-122.4532391"/>
 <node id="5424774859" visible="true" version="1" changeset="56524066" timestamp="2018-02-20T15:36:33Z" user="Irina Karachevtseva" uid="5288591" lat="37.7997208" lon="-122.4532083"/>
 <node id="5424774860" visible="true" version="1" changeset="56524066" timestamp="2018-02-20T15:36:33Z" user="Irina Karachevtseva" uid="5288591" lat="37.7995280" lon="-122.4532203"/>
 <node id="5424774861" visible="true" version="1" changeset="56524066" timestamp="2018-02-20T15:36:33Z" user="Irina Karachevtseva" uid="5288591" lat="37.7993679" lon="-122.4532713"/>
 <node id="5424774862" visible="true" version="1" changeset="56524066" timestamp="2018-02-20T15:36:33Z" user="Irina Karachevtseva" uid="5288591" lat="37.7991952" lon="-122.4533786"/>
 <node id="5424774863" visible="true" version="1" changeset="56524066" timestamp="2018-02-20T15:36:33Z" user="Irina Karachevtseva" uid="5288591" lat="37.7991380" lon="-122.4534228"/>
 <node id="5424774864" visible="true" version="1" changeset="56524066" timestamp="2018-02-20T15:36:33Z" user="Irina Karachevtseva" uid="5288591" lat="37.7990416" lon="-122.4534430"/>
 <node id="5424774865" visible="true" version="1" changeset="56524066" timestamp="2018-02-20T15:36:33Z" user="Irina Karachevtseva" uid="5288591" lat="37.7989377" lon="-122.4534161"/>
 <node id="5424774866" visible="true" version="1" changeset="56524066" timestamp="2018-02-20T15:36:33Z" user="Irina Karachevtseva" uid="5288591" lat="37.7988462" lon="-122.4533589"/>
 <node id="5424774867" visible="true" version="2" changeset="81148931" timestamp="2020-02-18T05:07:34Z" user="vbertola" uid="4347030" lat="37.7985711" lon="-122.4549651"/>
 <node id="5424774868" visible="true" version="1" changeset="56524066" timestamp="2018-02-20T15:36:33Z" user="Irina Karachevtseva" uid="5288591" lat="37.7993584" lon="-122.4546660"/>
 <node id="5424774869" visible="true" version="1" changeset="56524066" timestamp="2018-02-20T15:36:33Z" user="Irina Karachevtseva" uid="5288591" lat="37.7993266" lon="-122.4545681"/>
 <node id="5424774870" visible="true" version="1" changeset="56524066" timestamp="2018-02-20T15:36:33Z" user="Irina Karachevtseva" uid="5288591" lat="37.7994983" lon="-122.4545051"/>
 <node id="5424774871" visible="true" version="1" changeset="56524066" timestamp="2018-02-20T15:36:33Z" user="Irina Karachevtseva" uid="5288591" lat="37.7997431" lon="-122.4543160"/>
 <node id="5424774872" visible="true" version="1" changeset="56524066" timestamp="2018-02-20T15:36:33Z" user="Irina Karachevtseva" uid="5288591" lat="37.7998278" lon="-122.4542919"/>
 <node id="5427637920" visible="true" version="3" changeset="76827291" timestamp="2019-11-08T19:15:00Z" user="claytonvo" uid="10313602" lat="37.7951445" lon="-122.4520364"/>
 <node id="5427642721" visible="true" version="1" changeset="56563299" timestamp="2018-02-21T22:07:44Z" user="Irina Karachevtseva" uid="5288591" lat="37.7952064" lon="-122.4519396"/>
 <node id="5427642723" visible="true" version="1" changeset="56563299" timestamp="2018-02-21T22:07:44Z" user="Irina Karachevtseva" uid="5288591" lat="37.7947423" lon="-122.4525230"/>
 <node id="5427642724" visible="true" version="1" changeset="56563299" timestamp="2018-02-21T22:07:44Z" user="Irina Karachevtseva" uid="5288591" lat="37.7950464" lon="-122.4525270"/>
 <node id="5427642725" visible="true" version="1" changeset="56563299" timestamp="2018-02-21T22:07:44Z" user="Irina Karachevtseva" uid="5288591" lat="37.7975638" lon="-122.4517592"/>
 <node id="5427642726" visible="true" version="1" changeset="56563299" timestamp="2018-02-21T22:07:44Z" user="Irina Karachevtseva" uid="5288591" lat="37.7983337" lon="-122.4523379"/>
 <node id="5427642727" visible="true" version="1" changeset="56563299" timestamp="2018-02-21T22:07:44Z" user="Irina Karachevtseva" uid="5288591" lat="37.7969984" lon="-122.4520522"/>
 <node id="5427642728" visible="true" version="2" changeset="140370625" timestamp="2023-08-25T12:32:29Z" user="spughetti" uid="16155068" lat="37.7958627" lon="-122.4535300"/>
 <node id="5427642729" visible="true" version="2" changeset="140370625" timestamp="2023-08-25T12:32:29Z" user="spughetti" uid="16155068" lat="37.7959111" lon="-122.4535346"/>
 <node id="5427642730" visible="true" version="2" changeset="140370625" timestamp="2023-08-25T12:32:29Z" user="spughetti" uid="16155068" lat="37.7955770" lon="-122.4535029"/>
 <node id="5427642733" visible="true" version="1" changeset="56563299" timestamp="2018-02-21T22:07:44Z" user="Irina Karachevtseva" uid="5288591" lat="37.7957819" lon="-122.4524827"/>
 <node id="5427642734" visible="true" version="1" changeset="56563299" timestamp="2018-02-21T22:07:44Z" user="Irina Karachevtseva" uid="5288591" lat="37.7956483" lon="-122.4524935"/>
 <node id="5427642735" visible="true" version="1" changeset="56563299" timestamp="2018-02-21T22:07:44Z" user="Irina Karachevtseva" uid="5288591" lat="37.7960023" lon="-122.4534202"/>
 <node id="5427642737" visible="true" version="1" changeset="56563299" timestamp="2018-02-21T22:07:44Z" user="Irina Karachevtseva" uid="5288591" lat="37.7958180" lon="-122.4532605"/>
 <node id="5428824711" visible="true" version="1" changeset="56576461" timestamp="2018-02-22T11:14:28Z" user="Irina Karachevtseva" uid="5288591" lat="37.7940516" lon="-122.4555917"/>
 <node id="5428824717" visible="true" version="1" changeset="56576461" timestamp="2018-02-22T11:14:28Z" user="Irina Karachevtseva" uid="5288591" lat="37.7942442" lon="-122.4556158"/>
 <node id="5585733129" visible="true" version="1" changeset="58520414" timestamp="2018-04-29T07:53:11Z" user="KindredCoda" uid="14293" lat="37.7978027" lon="-122.4513433"/>
 <node id="5634305998" visible="true" version="1" changeset="59171443" timestamp="2018-05-22T07:13:11Z" user="ionutr_telenav" uid="4930407" lat="37.7959027" lon="-122.4517277"/>
 <node id="5634305999" visible="true" version="1" changeset="59171443" timestamp="2018-05-22T07:13:11Z" user="ionutr_telenav" uid="4930407" lat="37.7961718" lon="-122.4517371"/>
 <node id="5634306000" visible="true" version="1" changeset="59171443" timestamp="2018-05-22T07:13:11Z" user="ionutr_telenav" uid="4930407" lat="37.7962651" lon="-122.4517706"/>
 <node id="5634306001" visible="true" version="1" changeset="59171443" timestamp="2018-05-22T07:13:12Z" user="ionutr_telenav" uid="4930407" lat="37.7963308" lon="-122.4518417"/>
 <node id="5634306002" visible="true" version="1" changeset="59171443" timestamp="2018-05-22T07:13:12Z" user="ionutr_telenav" uid="4930407" lat="37.7964357" lon="-122.4518886"/>
 <node id="5634306003" visible="true" version="1" changeset="59171443" timestamp="2018-05-22T07:13:12Z" user="ionutr_telenav" uid="4930407" lat="37.7965088" lon="-122.4520174"/>
 <node id="5634306004" visible="true" version="1" changeset="59171443" timestamp="2018-05-22T07:13:12Z" user="ionutr_telenav" uid="4930407" lat="37.7965067" lon="-122.4519711"/>
 <node id="5637989471" visible="true" version="2" changeset="129955846" timestamp="2022-12-11T09:12:55Z" user="spughetti" uid="16155068" lat="37.8001007" lon="-122.4494506"/>
 <node id="5637989472" visible="true" version="2" changeset="129955846" timestamp="2022-12-11T09:12:55Z" user="spughetti" uid="16155068" lat="37.8002469" lon="-122.4493564"/>
 <node id="5637989493" visible="true" version="2" changeset="129955977" timestamp="2022-12-11T09:18:43Z" user="spughetti" uid="16155068" lat="37.7984186" lon="-122.4488109"/>
 <node id="5637989930" visible="true" version="2" changeset="129955977" timestamp="2022-12-11T09:18:43Z" user="spughetti" uid="16155068" lat="37.7988739" lon="-122.4499252"/>
 <node id="5637989932" visible="true" version="2" changeset="129955977" timestamp="2022-12-11T09:18:43Z" user="spughetti" uid="16155068" lat="37.7990239" lon="-122.4499711"/>
 <node id="5637989933" visible="true" version="2" changeset="129955977" timestamp="2022-12-11T09:18:43Z" user="spughetti" uid="16155068" lat="37.7991276" lon="-122.4499787"/>
 <node id="5637989934" visible="true" version="2" changeset="129955977" timestamp="2022-12-11T09:18:43Z" user="spughetti" uid="16155068" lat="37.7991925" lon="-122.4499013"/>
 <node id="5637989935" visible="true" version="2" changeset="129955977" timestamp="2022-12-11T09:18:43Z" user="spughetti" uid="16155068" lat="37.7992385" lon="-122.4497838"/>
 <node id="5637989936" visible="true" version="2" changeset="129955977" timestamp="2022-12-11T09:18:43Z" user="spughetti" uid="16155068" lat="37.7992595" lon="-122.4497552"/>
 <node id="5637989937" visible="true" version="2" changeset="129955977" timestamp="2022-12-11T09:18:43Z" user="spughetti" uid="16155068" lat="37.7993315" lon="-122.4497028"/>
 <node id="5637989938" visible="true" version="2" changeset="129955977" timestamp="2022-12-11T09:18:43Z" user="spughetti" uid="16155068" lat="37.7993038" lon="-122.4497135"/>
 <node id="5637989939" visible="true" version="2" changeset="129955977" timestamp="2022-12-11T09:18:43Z" user="spughetti" uid="16155068" lat="37.7990485" lon="-122.4499815"/>
 <node id="5637989940" visible="true" version="2" changeset="129955977" timestamp="2022-12-11T09:18:43Z" user="spughetti" uid="16155068" lat="37.7991040" lon="-122.4499858"/>
 <node id="5637989941" visible="true" version="2" changeset="129955977" timestamp="2022-12-11T09:18:43Z" user="spughetti" uid="16155068" lat="37.7991450" lon="-122.4499661"/>
 <node id="5637989942" visible="true" version="2" changeset="129955977" timestamp="2022-12-11T09:18:43Z" user="spughetti" uid="16155068" lat="37.7991779" lon="-122.4499318"/>
 <node id="5637989943" visible="true" version="2" changeset="129955977" timestamp="2022-12-11T09:18:43Z" user="spughetti" uid="16155068" lat="37.7989440" lon="-122.4499296"/>
 <node id="5637989945" visible="true" version="2" changeset="129955977" timestamp="2022-12-11T09:18:43Z" user="spughetti" uid="16155068" lat="37.7988513" lon="-122.4499305"/>
 <node id="5638014781" visible="true" version="2" changeset="129955846" timestamp="2022-12-11T09:12:55Z" user="spughetti" uid="16155068" lat="37.7994632" lon="-122.4494456"/>
 <node id="5760414283" visible="true" version="1" changeset="60714346" timestamp="2018-07-14T15:16:06Z" user="Scottieb3" uid="5819671" lat="37.7983547" lon="-122.4495758"/>
 <node id="6064793569" visible="true" version="1" changeset="64545879" timestamp="2018-11-15T21:53:26Z" user="Hikerandy" uid="3923717" lat="37.7970843" lon="-122.4543535"/>
 <node id="6064793570" visible="true" version="1" changeset="64545879" timestamp="2018-11-15T21:53:26Z" user="Hikerandy" uid="3923717" lat="37.7970296" lon="-122.4543280"/>
 <node id="6388174687" visible="true" version="2" changeset="76250580" timestamp="2019-10-26T19:00:15Z" user="clay_c" uid="119881" lat="37.7992870" lon="-122.4516615">
  <tag k="bus" v="yes"/>
  <tag k="highway" v="bus_stop"/>
  <tag k="name" v="Tide Building"/>
  <tag k="network" v="Muni;PresidiGo"/>
  <tag k="operator" v="San Francisco Municipal Railway"/>
  <tag k="public_transport" v="platform"/>
  <tag k="wheelchair" v="yes"/>
 </node>
 <node id="6389731726" visible="true" version="6" changeset="159485070" timestamp="2024-11-23T07:01:50Z" user="John Gilmore" uid="314930" lat="37.7965453" lon="-122.4515599">
  <tag k="bench" v="no"/>
  <tag k="bus" v="yes"/>
  <tag k="highway" v="bus_stop"/>
  <tag k="lit" v="yes"/>
  <tag k="name" v="Presidio Boulevard &amp; Simonds Loop"/>
  <tag k="network" v="Muni"/>
  <tag k="operator" v="San Francisco Municipal Railway"/>
  <tag k="public_transport" v="platform"/>
  <tag k="ref" v="16106"/>
  <tag k="shelter" v="no"/>
  <tag k="tactile_paving" v="no"/>
 </node>
 <node id="6389731727" visible="true" version="7" changeset="153425598" timestamp="2024-07-01T19:03:26Z" user="John Gilmore" uid="314930" lat="37.7967253" lon="-122.4517657">
  <tag k="bench" v="no"/>
  <tag k="bin" v="no"/>
  <tag k="bus" v="yes"/>
  <tag k="highway" v="bus_stop"/>
  <tag k="lit" v="yes"/>
  <tag k="name" v="Presidio Boulevard &amp; Sumner Avenue"/>
  <tag k="network" v="Muni"/>
  <tag k="operator" v="San Francisco Municipal Railway"/>
  <tag k="public_transport" v="platform"/>
  <tag k="ref" v="16107"/>
  <tag k="shelter" v="no"/>
  <tag k="tactile_paving" v="no"/>
 </node>
 <node id="6389731729" visible="true" version="6" changeset="186839589" timestamp="2026-08-02T22:47:05Z" user="John Gilmore" uid="314930" lat="37.7991553" lon="-122.4524270">
  <tag k="bench" v="no"/>
  <tag k="bin" v="no"/>
  <tag k="bus" v="yes"/>
  <tag k="highway" v="bus_stop"/>
  <tag k="lit" v="yes"/>
  <tag k="name" v="Presidio Boulevard &amp; Letterman Drive"/>
  <tag k="network" v="Muni"/>
  <tag k="network:wikidata" v="Q1140138"/>
  <tag k="operator" v="San Francisco Municipal Transportation Agency"/>
  <tag k="operator:short" v="SFMTA"/>
  <tag k="operator:wikidata" v="Q7414072"/>
  <tag k="public_transport" v="platform"/>
  <tag k="shelter" v="no"/>
 </node>
 <node id="6541198511" visible="true" version="1" changeset="71162408" timestamp="2019-06-12T02:16:00Z" user="KindredCoda" uid="14293" lat="37.7987254" lon="-122.4517237"/>
 <node id="6541198512" visible="true" version="1" changeset="71162408" timestamp="2019-06-12T02:16:00Z" user="KindredCoda" uid="14293" lat="37.7986915" lon="-122.4517051"/>
 <node id="6696711122" visible="true" version="1" changeset="73184591" timestamp="2019-08-09T09:05:50Z" user="sinreeya" uid="10127754" lat="37.8000674" lon="-122.4529615"/>
 <node id="6696711125" visible="true" version="2" changeset="99885622" timestamp="2021-02-24T08:17:02Z" user="bhalperin28" uid="3130496" lat="37.7999402" lon="-122.4529092"/>
 <node id="6696711126" visible="true" version="4" changeset="172044136" timestamp="2025-09-17T05:23:14Z" user="PedestrianMapping_TraceVeil" uid="23065794" lat="37.7999763" lon="-122.4527967">
  <tag k="crossing" v="uncontrolled"/>
  <tag k="crossing:markings" v="zebra"/>
  <tag k="crossing:signals" v="no"/>
  <tag k="highway" v="crossing"/>
 </node>
 <node id="6918895970" visible="true" version="1" changeset="76250580" timestamp="2019-10-26T19:00:15Z" user="clay_c" uid="119881" lat="37.7965328" lon="-122.4516362">
  <tag k="bus" v="yes"/>
  <tag k="name" v="Presidio Boulevard &amp; Simonds Loop"/>
  <tag k="network" v="Muni"/>
  <tag k="operator" v="San Francisco Municipal Railway"/>
  <tag k="public_transport" v="stop_position"/>
 </node>
 <node id="6918895971" visible="true" version="1" changeset="76250580" timestamp="2019-10-26T19:00:15Z" user="clay_c" uid="119881" lat="37.7967157" lon="-122.4516575">
  <tag k="bus" v="yes"/>
  <tag k="name" v="Presidio Boulevard &amp; Sumner Avenue"/>
  <tag k="network" v="Muni"/>
  <tag k="operator" v="San Francisco Municipal Railway"/>
  <tag k="public_transport" v="stop_position"/>
 </node>
 <node id="6918895972" visible="true" version="1" changeset="76250580" timestamp="2019-10-26T19:00:15Z" user="clay_c" uid="119881" lat="37.7989204" lon="-122.4522785">
  <tag k="bus" v="yes"/>
  <tag k="name" v="Presidio Boulevard &amp; Letterman Drive"/>
  <tag k="network" v="Muni"/>
  <tag k="operator" v="San Francisco Municipal Railway"/>
  <tag k="public_transport" v="stop_position"/>
 </node>
 <node id="6918895973" visible="true" version="1" changeset="76250580" timestamp="2019-10-26T19:00:15Z" user="clay_c" uid="119881" lat="37.7991035" lon="-122.4524967">
  <tag k="bus" v="yes"/>
  <tag k="name" v="Presidio Boulevard &amp; Letterman Drive"/>
  <tag k="network" v="Muni"/>
  <tag k="operator" v="San Francisco Municipal Railway"/>
  <tag k="public_transport" v="stop_position"/>
 </node>
 <node id="6918895977" visible="true" version="1" changeset="76250580" timestamp="2019-10-26T19:00:15Z" user="clay_c" uid="119881" lat="37.7992458" lon="-122.4517094">
  <tag k="bus" v="yes"/>
  <tag k="name" v="Tide Building"/>
  <tag k="network" v="Muni;PresidiGo"/>
  <tag k="operator" v="San Francisco Municipal Railway"/>
  <tag k="public_transport" v="stop_position"/>
 </node>
 <node id="6918895978" visible="true" version="2" changeset="76318304" timestamp="2019-10-28T23:05:16Z" user="clay_c" uid="119881" lat="37.7981209" lon="-122.4501469">
  <tag k="bus" v="yes"/>
  <tag k="name" v="Letterman Digital Arts Center"/>
  <tag k="network" v="Muni;PresidiGo"/>
  <tag k="operator" v="San Francisco Municipal Railway"/>
  <tag k="public_transport" v="stop_position"/>
 </node>
 <node id="7221410486" visible="true" version="4" changeset="146820104" timestamp="2024-01-29T12:38:19Z" user="spughetti" uid="16155068" lat="37.7995052" lon="-122.4496190">
  <tag k="historic" v="monument"/>
  <tag k="inscription" v="Father of cinema / Eadweard James Muybridge / 1830-1904 / San Francisco"/>
  <tag k="name" v="Eadweard James Muybridge"/>
  <tag k="subject" v="Eadweard Muybridge"/>
  <tag k="subject:wikidata" v="Q190568"/>
  <tag k="subject:wikipedia" v="en:Eadweard Muybridge"/>
  <tag k="wikimedia_commons" v="File:Letterman Digital Arts Center, Eadweard Muybridge statue.jpg"/>
 </node>
 <node id="7221681682" visible="true" version="2" changeset="129958077" timestamp="2022-12-11T10:40:48Z" user="spughetti" uid="16155068" lat="37.7988097" lon="-122.4502455"/>
 <node id="7221681683" visible="true" version="1" changeset="81148606" timestamp="2020-02-18T04:58:37Z" user="vbertola" uid="4347030" lat="37.7987593" lon="-122.4502385"/>
 <node id="7221681684" visible="true" version="2" changeset="129959586" timestamp="2022-12-11T11:34:20Z" user="spughetti" uid="16155068" lat="37.7987213" lon="-122.4501569"/>
 <node id="7221699146" visible="true" version="1" changeset="81148664" timestamp="2020-02-18T05:00:24Z" user="vbertola" uid="4347030" lat="37.7999133" lon="-122.4534007"/>
 <node id="7221699147" visible="true" version="1" changeset="81148664" timestamp="2020-02-18T05:00:24Z" user="vbertola" uid="4347030" lat="37.7997183" lon="-122.4533497"/>
 <node id="7221699148" visible="true" version="1" changeset="81148664" timestamp="2020-02-18T05:00:24Z" user="vbertola" uid="4347030" lat="37.7995381" lon="-122.4533578"/>
 <node id="7221699149" visible="true" version="1" changeset="81148664" timestamp="2020-02-18T05:00:24Z" user="vbertola" uid="4347030" lat="37.7993919" lon="-122.4534248"/>
 <node id="7221699150" visible="true" version="1" changeset="81148664" timestamp="2020-02-18T05:00:24Z" user="vbertola" uid="4347030" lat="37.7992287" lon="-122.4535026"/>
 <node id="7221699151" visible="true" version="1" changeset="81148664" timestamp="2020-02-18T05:00:24Z" user="vbertola" uid="4347030" lat="37.7991524" lon="-122.4532317"/>
 <node id="7221699152" visible="true" version="1" changeset="81148664" timestamp="2020-02-18T05:00:24Z" user="vbertola" uid="4347030" lat="37.7993347" lon="-122.4531217"/>
 <node id="7221699153" visible="true" version="1" changeset="81148664" timestamp="2020-02-18T05:00:24Z" user="vbertola" uid="4347030" lat="37.7995148" lon="-122.4530815"/>
 <node id="7221699154" visible="true" version="1" changeset="81148664" timestamp="2020-02-18T05:00:24Z" user="vbertola" uid="4347030" lat="37.7997416" lon="-122.4530761"/>
 <node id="7221699155" visible="true" version="1" changeset="81148664" timestamp="2020-02-18T05:00:24Z" user="vbertola" uid="4347030" lat="37.7999705" lon="-122.4531352"/>
 <node id="7221701085" visible="true" version="3" changeset="129955977" timestamp="2022-12-11T09:18:43Z" user="spughetti" uid="16155068" lat="37.7985361" lon="-122.4503507"/>
 <node id="7221701086" visible="true" version="1" changeset="81148606" timestamp="2020-02-18T04:58:37Z" user="vbertola" uid="4347030" lat="37.7985982" lon="-122.4503645"/>
 <node id="7221701087" visible="true" version="1" changeset="81148606" timestamp="2020-02-18T04:58:37Z" user="vbertola" uid="4347030" lat="37.7986448" lon="-122.4503887"/>
 <node id="7221701088" visible="true" version="4" changeset="132774001" timestamp="2023-02-20T05:52:16Z" user="wolfgang8741" uid="307520" lat="37.7992608" lon="-122.4505150">
  <tag k="name" v="Lucasfilm"/>
  <tag k="office" v="company"/>
  <tag k="website" v="https://www.lucasfilm.com/"/>
  <tag k="wikidata" v="Q242446"/>
  <tag k="wikimedia_commons" v="File:Letterman Digital Arts Center, Building B (side view).jpg"/>
  <tag k="wikipedia" v="en:Lucasfilm"/>
 </node>
 <node id="7221708809" visible="true" version="1" changeset="81148931" timestamp="2020-02-18T05:07:34Z" user="vbertola" uid="4347030" lat="37.7982974" lon="-122.4549808"/>
 <node id="7221708811" visible="true" version="2" changeset="116527395" timestamp="2022-01-24T07:15:56Z" user="willkmis" uid="11523236" lat="37.7976211" lon="-122.4542611"/>
 <node id="7221708812" visible="true" version="1" changeset="81148931" timestamp="2020-02-18T05:07:34Z" user="vbertola" uid="4347030" lat="37.7977319" lon="-122.4548479"/>
 <node id="7221708813" visible="true" version="1" changeset="81148931" timestamp="2020-02-18T05:07:34Z" user="vbertola" uid="4347030" lat="37.7975157" lon="-122.4550947"/>
 <node id="7221708814" visible="true" version="2" changeset="93578096" timestamp="2020-11-05T05:56:47Z" user="Ajsnotlost" uid="4454642" lat="37.7973064" lon="-122.4554211"/>
 <node id="7221708815" visible="true" version="1" changeset="81148931" timestamp="2020-02-18T05:07:34Z" user="vbertola" uid="4347030" lat="37.7970918" lon="-122.4559101"/>
 <node id="7221708816" visible="true" version="1" changeset="81148931" timestamp="2020-02-18T05:07:34Z" user="vbertola" uid="4347030" lat="37.7969561" lon="-122.4563231"/>
 <node id="7221708817" visible="true" version="1" changeset="81148931" timestamp="2020-02-18T05:07:34Z" user="vbertola" uid="4347030" lat="37.7967696" lon="-122.4563070"/>
 <node id="7221708818" visible="true" version="1" changeset="81148931" timestamp="2020-02-18T05:07:34Z" user="vbertola" uid="4347030" lat="37.7967315" lon="-122.4560549"/>
 <node id="7221708819" visible="true" version="2" changeset="93578096" timestamp="2020-11-05T05:56:47Z" user="Ajsnotlost" uid="4454642" lat="37.7967643" lon="-122.4557367"/>
 <node id="7221708820" visible="true" version="2" changeset="93578096" timestamp="2020-11-05T05:56:47Z" user="Ajsnotlost" uid="4454642" lat="37.7969615" lon="-122.4552447"/>
 <node id="7221708821" visible="true" version="2" changeset="93578096" timestamp="2020-11-05T05:56:47Z" user="Ajsnotlost" uid="4454642" lat="37.7973397" lon="-122.4544989"/>
 <node id="7221708822" visible="true" version="2" changeset="93578096" timestamp="2020-11-05T05:56:47Z" user="Ajsnotlost" uid="4454642" lat="37.7975888" lon="-122.4542789"/>
 <node id="7221708823" visible="true" version="2" changeset="93578096" timestamp="2020-11-05T05:56:47Z" user="Ajsnotlost" uid="4454642" lat="37.7979057" lon="-122.4540928"/>
 <node id="7221708824" visible="true" version="2" changeset="93578096" timestamp="2020-11-05T05:56:47Z" user="Ajsnotlost" uid="4454642" lat="37.7982691" lon="-122.4538803"/>
 <node id="7221708825" visible="true" version="2" changeset="93578096" timestamp="2020-11-05T05:56:47Z" user="Ajsnotlost" uid="4454642" lat="37.7982352" lon="-122.4545127"/>
 <node id="7221708826" visible="true" version="2" changeset="93578096" timestamp="2020-11-05T05:56:47Z" user="Ajsnotlost" uid="4454642" lat="37.7968321" lon="-122.4564543"/>
 <node id="7221708827" visible="true" version="1" changeset="81148931" timestamp="2020-02-18T05:07:34Z" user="vbertola" uid="4347030" lat="37.7984885" lon="-122.4539843"/>
 <node id="8083409999" visible="true" version="1" changeset="93578096" timestamp="2020-11-05T05:56:47Z" user="Ajsnotlost" uid="4454642" lat="37.7974264" lon="-122.4544146"/>
 <node id="8083410000" visible="true" version="1" changeset="93578096" timestamp="2020-11-05T05:56:47Z" user="Ajsnotlost" uid="4454642" lat="37.7974164" lon="-122.4544726"/>
 <node id="8083410001" visible="true" version="1" changeset="93578096" timestamp="2020-11-05T05:56:47Z" user="Ajsnotlost" uid="4454642" lat="37.7974243" lon="-122.4545085"/>
 <node id="8083410002" visible="true" version="1" changeset="93578096" timestamp="2020-11-05T05:56:47Z" user="Ajsnotlost" uid="4454642" lat="37.7974497" lon="-122.4545568"/>
 <node id="8083410003" visible="true" version="1" changeset="93578096" timestamp="2020-11-05T05:56:47Z" user="Ajsnotlost" uid="4454642" lat="37.7974709" lon="-122.4545836"/>
 <node id="8083410004" visible="true" version="1" changeset="93578096" timestamp="2020-11-05T05:56:47Z" user="Ajsnotlost" uid="4454642" lat="37.7975239" lon="-122.4545782"/>
 <node id="8083410005" visible="true" version="1" changeset="93578096" timestamp="2020-11-05T05:56:47Z" user="Ajsnotlost" uid="4454642" lat="37.7975641" lon="-122.4545595"/>
 <node id="8083410006" visible="true" version="1" changeset="93578096" timestamp="2020-11-05T05:56:47Z" user="Ajsnotlost" uid="4454642" lat="37.7976235" lon="-122.4545595"/>
 <node id="8083410007" visible="true" version="1" changeset="93578096" timestamp="2020-11-05T05:56:47Z" user="Ajsnotlost" uid="4454642" lat="37.7976489" lon="-122.4545756"/>
 <node id="8083410008" visible="true" version="1" changeset="93578096" timestamp="2020-11-05T05:56:47Z" user="Ajsnotlost" uid="4454642" lat="37.7976998" lon="-122.4545836"/>
 <node id="8083410009" visible="true" version="1" changeset="93578096" timestamp="2020-11-05T05:56:47Z" user="Ajsnotlost" uid="4454642" lat="37.7977485" lon="-122.4545675"/>
 <node id="8083410010" visible="true" version="1" changeset="93578096" timestamp="2020-11-05T05:56:47Z" user="Ajsnotlost" uid="4454642" lat="37.7977867" lon="-122.4545380"/>
 <node id="8083410011" visible="true" version="1" changeset="93578096" timestamp="2020-11-05T05:56:47Z" user="Ajsnotlost" uid="4454642" lat="37.7978036" lon="-122.4545246"/>
 <node id="8083410012" visible="true" version="1" changeset="93578096" timestamp="2020-11-05T05:56:47Z" user="Ajsnotlost" uid="4454642" lat="37.7970449" lon="-122.4549484"/>
 <node id="8083410013" visible="true" version="1" changeset="93578096" timestamp="2020-11-05T05:56:47Z" user="Ajsnotlost" uid="4454642" lat="37.7971445" lon="-122.4549135"/>
 <node id="8083410014" visible="true" version="1" changeset="93578096" timestamp="2020-11-05T05:56:47Z" user="Ajsnotlost" uid="4454642" lat="37.7971975" lon="-122.4548787"/>
 <node id="8083410015" visible="true" version="1" changeset="93578096" timestamp="2020-11-05T05:56:47Z" user="Ajsnotlost" uid="4454642" lat="37.7972399" lon="-122.4548411"/>
 <node id="8083410016" visible="true" version="1" changeset="93578096" timestamp="2020-11-05T05:56:47Z" user="Ajsnotlost" uid="4454642" lat="37.7972865" lon="-122.4547794"/>
 <node id="8083410217" visible="true" version="1" changeset="93578096" timestamp="2020-11-05T05:56:47Z" user="Ajsnotlost" uid="4454642" lat="37.7973564" lon="-122.4547177"/>
 <node id="8083410218" visible="true" version="1" changeset="93578096" timestamp="2020-11-05T05:56:47Z" user="Ajsnotlost" uid="4454642" lat="37.7974052" lon="-122.4547124"/>
 <node id="8083410219" visible="true" version="1" changeset="93578096" timestamp="2020-11-05T05:56:47Z" user="Ajsnotlost" uid="4454642" lat="37.7974412" lon="-122.4546936"/>
 <node id="8083410220" visible="true" version="1" changeset="93578096" timestamp="2020-11-05T05:56:47Z" user="Ajsnotlost" uid="4454642" lat="37.7974836" lon="-122.4546668"/>
 <node id="8083410221" visible="true" version="1" changeset="93578096" timestamp="2020-11-05T05:56:47Z" user="Ajsnotlost" uid="4454642" lat="37.7975154" lon="-122.4546480"/>
 <node id="8083410222" visible="true" version="1" changeset="93578096" timestamp="2020-11-05T05:56:47Z" user="Ajsnotlost" uid="4454642" lat="37.7975663" lon="-122.4546104"/>
 <node id="8083410223" visible="true" version="1" changeset="93578096" timestamp="2020-11-05T05:56:47Z" user="Ajsnotlost" uid="4454642" lat="37.7976108" lon="-122.4545943"/>
 <node id="8083410224" visible="true" version="1" changeset="93578096" timestamp="2020-11-05T05:56:47Z" user="Ajsnotlost" uid="4454642" lat="37.7969666" lon="-122.4553516"/>
 <node id="8083410225" visible="true" version="1" changeset="93578096" timestamp="2020-11-05T05:56:47Z" user="Ajsnotlost" uid="4454642" lat="37.7970121" lon="-122.4553622"/>
 <node id="8083410226" visible="true" version="1" changeset="93578096" timestamp="2020-11-05T05:56:47Z" user="Ajsnotlost" uid="4454642" lat="37.7970558" lon="-122.4553473"/>
 <node id="8083410227" visible="true" version="1" changeset="93578096" timestamp="2020-11-05T05:56:47Z" user="Ajsnotlost" uid="4454642" lat="37.7970844" lon="-122.4553005"/>
 <node id="8083410228" visible="true" version="1" changeset="93578096" timestamp="2020-11-05T05:56:47Z" user="Ajsnotlost" uid="4454642" lat="37.7971332" lon="-122.4552238"/>
 <node id="8083410229" visible="true" version="1" changeset="93578096" timestamp="2020-11-05T05:56:47Z" user="Ajsnotlost" uid="4454642" lat="37.7971904" lon="-122.4551493"/>
 <node id="8083410230" visible="true" version="1" changeset="93578096" timestamp="2020-11-05T05:56:47Z" user="Ajsnotlost" uid="4454642" lat="37.7972476" lon="-122.4550663"/>
 <node id="8083410231" visible="true" version="1" changeset="93578096" timestamp="2020-11-05T05:56:47Z" user="Ajsnotlost" uid="4454642" lat="37.7973031" lon="-122.4549939"/>
 <node id="8083410232" visible="true" version="1" changeset="93578096" timestamp="2020-11-05T05:56:47Z" user="Ajsnotlost" uid="4454642" lat="37.7973519" lon="-122.4549130"/>
 <node id="8083410233" visible="true" version="1" changeset="93578096" timestamp="2020-11-05T05:56:47Z" user="Ajsnotlost" uid="4454642" lat="37.7974057" lon="-122.4548321"/>
 <node id="8083410234" visible="true" version="1" changeset="93578096" timestamp="2020-11-05T05:56:47Z" user="Ajsnotlost" uid="4454642" lat="37.7974410" lon="-122.4547640"/>
 <node id="8083410235" visible="true" version="1" changeset="93578096" timestamp="2020-11-05T05:56:47Z" user="Ajsnotlost" uid="4454642" lat="37.7974780" lon="-122.4547065"/>
 <node id="8083410250" visible="true" version="1" changeset="93578096" timestamp="2020-11-05T05:56:47Z" user="Ajsnotlost" uid="4454642" lat="37.7978847" lon="-122.4544578"/>
 <node id="8083410251" visible="true" version="1" changeset="93578096" timestamp="2020-11-05T05:56:47Z" user="Ajsnotlost" uid="4454642" lat="37.7979313" lon="-122.4544324"/>
 <node id="8083410252" visible="true" version="1" changeset="93578096" timestamp="2020-11-05T05:56:47Z" user="Ajsnotlost" uid="4454642" lat="37.7979758" lon="-122.4544243"/>
 <node id="8083410253" visible="true" version="1" changeset="93578096" timestamp="2020-11-05T05:56:47Z" user="Ajsnotlost" uid="4454642" lat="37.7980055" lon="-122.4544377"/>
 <node id="8083410254" visible="true" version="1" changeset="93578096" timestamp="2020-11-05T05:56:47Z" user="Ajsnotlost" uid="4454642" lat="37.7980426" lon="-122.4544471"/>
 <node id="8083410255" visible="true" version="1" changeset="93578096" timestamp="2020-11-05T05:56:47Z" user="Ajsnotlost" uid="4454642" lat="37.7980669" lon="-122.4544297"/>
 <node id="8083410256" visible="true" version="1" changeset="93578096" timestamp="2020-11-05T05:56:47Z" user="Ajsnotlost" uid="4454642" lat="37.7981008" lon="-122.4543747"/>
 <node id="8083410257" visible="true" version="1" changeset="93578096" timestamp="2020-11-05T05:56:47Z" user="Ajsnotlost" uid="4454642" lat="37.7981453" lon="-122.4543211"/>
 <node id="8083410258" visible="true" version="1" changeset="93578096" timestamp="2020-11-05T05:56:47Z" user="Ajsnotlost" uid="4454642" lat="37.7981475" lon="-122.4542889"/>
 <node id="8083410259" visible="true" version="1" changeset="93578096" timestamp="2020-11-05T05:56:47Z" user="Ajsnotlost" uid="4454642" lat="37.7981623" lon="-122.4542486"/>
 <node id="8083410260" visible="true" version="1" changeset="93578096" timestamp="2020-11-05T05:56:47Z" user="Ajsnotlost" uid="4454642" lat="37.7981888" lon="-122.4541977"/>
 <node id="8083410261" visible="true" version="1" changeset="93578096" timestamp="2020-11-05T05:56:47Z" user="Ajsnotlost" uid="4454642" lat="37.7982110" lon="-122.4541735"/>
 <node id="8083410262" visible="true" version="1" changeset="93578096" timestamp="2020-11-05T05:56:47Z" user="Ajsnotlost" uid="4454642" lat="37.7982057" lon="-122.4541628"/>
 <node id="8083410263" visible="true" version="1" changeset="93578096" timestamp="2020-11-05T05:56:47Z" user="Ajsnotlost" uid="4454642" lat="37.7981888" lon="-122.4541548"/>
 <node id="8083410264" visible="true" version="1" changeset="93578096" timestamp="2020-11-05T05:56:47Z" user="Ajsnotlost" uid="4454642" lat="37.7981814" lon="-122.4541306"/>
 <node id="8083410265" visible="true" version="1" changeset="93578096" timestamp="2020-11-05T05:56:47Z" user="Ajsnotlost" uid="4454642" lat="37.7982153" lon="-122.4541092"/>
 <node id="8083410266" visible="true" version="1" changeset="93578096" timestamp="2020-11-05T05:56:47Z" user="Ajsnotlost" uid="4454642" lat="37.7982566" lon="-122.4541065"/>
 <node id="8083410267" visible="true" version="1" changeset="93578096" timestamp="2020-11-05T05:56:47Z" user="Ajsnotlost" uid="4454642" lat="37.7982863" lon="-122.4541145"/>
 <node id="8083410268" visible="true" version="1" changeset="93578096" timestamp="2020-11-05T05:56:47Z" user="Ajsnotlost" uid="4454642" lat="37.7983138" lon="-122.4541320"/>
 <node id="8083410269" visible="true" version="1" changeset="93578096" timestamp="2020-11-05T05:56:47Z" user="Ajsnotlost" uid="4454642" lat="37.7983244" lon="-122.4541668"/>
 <node id="8083410270" visible="true" version="1" changeset="93578096" timestamp="2020-11-05T05:56:47Z" user="Ajsnotlost" uid="4454642" lat="37.7983115" lon="-122.4542204"/>
 <node id="8083410271" visible="true" version="1" changeset="93578096" timestamp="2020-11-05T05:56:47Z" user="Ajsnotlost" uid="4454642" lat="37.7982979" lon="-122.4542701"/>
 <node id="8083410272" visible="true" version="1" changeset="93578096" timestamp="2020-11-05T05:56:47Z" user="Ajsnotlost" uid="4454642" lat="37.7982842" lon="-122.4543143"/>
 <node id="8083410273" visible="true" version="1" changeset="93578096" timestamp="2020-11-05T05:56:47Z" user="Ajsnotlost" uid="4454642" lat="37.7982831" lon="-122.4543586"/>
 <node id="8083410274" visible="true" version="1" changeset="93578096" timestamp="2020-11-05T05:56:47Z" user="Ajsnotlost" uid="4454642" lat="37.7982820" lon="-122.4544149"/>
 <node id="8083410275" visible="true" version="1" changeset="93578096" timestamp="2020-11-05T05:56:47Z" user="Ajsnotlost" uid="4454642" lat="37.7982852" lon="-122.4544431"/>
 <node id="8083410276" visible="true" version="1" changeset="93578096" timestamp="2020-11-05T05:56:47Z" user="Ajsnotlost" uid="4454642" lat="37.7982746" lon="-122.4544538"/>
 <node id="8083410277" visible="true" version="1" changeset="93578096" timestamp="2020-11-05T05:56:47Z" user="Ajsnotlost" uid="4454642" lat="37.7982534" lon="-122.4544605"/>
 <node id="8083410278" visible="true" version="1" changeset="93578096" timestamp="2020-11-05T05:56:47Z" user="Ajsnotlost" uid="4454642" lat="37.7982354" lon="-122.4544471"/>
 <node id="8083410279" visible="true" version="1" changeset="93578096" timestamp="2020-11-05T05:56:47Z" user="Ajsnotlost" uid="4454642" lat="37.7982301" lon="-122.4544136"/>
 <node id="8083410280" visible="true" version="1" changeset="93578096" timestamp="2020-11-05T05:56:47Z" user="Ajsnotlost" uid="4454642" lat="37.7982248" lon="-122.4543653"/>
 <node id="8083410281" visible="true" version="1" changeset="93578096" timestamp="2020-11-05T05:56:47Z" user="Ajsnotlost" uid="4454642" lat="37.7982174" lon="-122.4543264"/>
 <node id="8083410282" visible="true" version="1" changeset="93578096" timestamp="2020-11-05T05:56:47Z" user="Ajsnotlost" uid="4454642" lat="37.7981962" lon="-122.4543264"/>
 <node id="8083410283" visible="true" version="1" changeset="93578096" timestamp="2020-11-05T05:56:47Z" user="Ajsnotlost" uid="4454642" lat="37.7981782" lon="-122.4543318"/>
 <node id="8083410284" visible="true" version="1" changeset="93578096" timestamp="2020-11-05T05:56:47Z" user="Ajsnotlost" uid="4454642" lat="37.7981559" lon="-122.4543345"/>
 <node id="8083410285" visible="true" version="1" changeset="93578096" timestamp="2020-11-05T05:56:47Z" user="Ajsnotlost" uid="4454642" lat="37.7983899" lon="-122.4543196"/>
 <node id="8083410286" visible="true" version="1" changeset="93578096" timestamp="2020-11-05T05:56:47Z" user="Ajsnotlost" uid="4454642" lat="37.7984789" lon="-122.4539167"/>
 <node id="8083410287" visible="true" version="1" changeset="93578096" timestamp="2020-11-05T05:56:47Z" user="Ajsnotlost" uid="4454642" lat="37.7984428" lon="-122.4538680"/>
 <node id="8083410288" visible="true" version="1" changeset="93578096" timestamp="2020-11-05T05:56:47Z" user="Ajsnotlost" uid="4454642" lat="37.7983730" lon="-122.4538563"/>
 <node id="8083410289" visible="true" version="1" changeset="93578096" timestamp="2020-11-05T05:56:47Z" user="Ajsnotlost" uid="4454642" lat="37.7983200" lon="-122.4544457"/>
 <node id="8083410290" visible="true" version="1" changeset="93578096" timestamp="2020-11-05T05:56:47Z" user="Ajsnotlost" uid="4454642" lat="37.7977094" lon="-122.4542442"/>
 <node id="8083410291" visible="true" version="1" changeset="93578096" timestamp="2020-11-05T05:56:47Z" user="Ajsnotlost" uid="4454642" lat="37.7975829" lon="-122.4543667"/>
 <node id="8083410292" visible="true" version="1" changeset="93578096" timestamp="2020-11-05T05:56:47Z" user="Ajsnotlost" uid="4454642" lat="37.7975520" lon="-122.4544044"/>
 <node id="8083410293" visible="true" version="1" changeset="93578096" timestamp="2020-11-05T05:56:47Z" user="Ajsnotlost" uid="4454642" lat="37.7974916" lon="-122.4544212"/>
 <node id="8083410294" visible="true" version="1" changeset="93578096" timestamp="2020-11-05T05:56:47Z" user="Ajsnotlost" uid="4454642" lat="37.7973780" lon="-122.4544790"/>
 <node id="8083410295" visible="true" version="1" changeset="93578096" timestamp="2020-11-05T05:56:47Z" user="Ajsnotlost" uid="4454642" lat="37.7971660" lon="-122.4548799"/>
 <node id="8083410296" visible="true" version="1" changeset="93578096" timestamp="2020-11-05T05:56:47Z" user="Ajsnotlost" uid="4454642" lat="37.7969153" lon="-122.4553988"/>
 <node id="8083410297" visible="true" version="1" changeset="93578096" timestamp="2020-11-05T05:56:47Z" user="Ajsnotlost" uid="4454642" lat="37.7967363" lon="-122.4558913"/>
 <node id="8083410298" visible="true" version="1" changeset="93578096" timestamp="2020-11-05T05:56:47Z" user="Ajsnotlost" uid="4454642" lat="37.7967876" lon="-122.4563914"/>
 <node id="8083410299" visible="true" version="1" changeset="93578096" timestamp="2020-11-05T05:56:47Z" user="Ajsnotlost" uid="4454642" lat="37.7968864" lon="-122.4564482"/>
 <node id="8083426822" visible="true" version="1" changeset="93578717" timestamp="2020-11-05T06:07:05Z" user="Ajsnotlost" uid="4454642" lat="37.7996661" lon="-122.4539363"/>
 <node id="8083426823" visible="true" version="1" changeset="93578717" timestamp="2020-11-05T06:07:05Z" user="Ajsnotlost" uid="4454642" lat="37.7996258" lon="-122.4538880"/>
 <node id="8083426824" visible="true" version="1" changeset="93578717" timestamp="2020-11-05T06:07:05Z" user="Ajsnotlost" uid="4454642" lat="37.7995559" lon="-122.4538370"/>
 <node id="8083426825" visible="true" version="2" changeset="134725963" timestamp="2023-04-10T11:48:54Z" user="spughetti" uid="16155068" lat="37.7994541" lon="-122.4538107"/>
 <node id="8083426826" visible="true" version="2" changeset="134725963" timestamp="2023-04-10T11:48:54Z" user="spughetti" uid="16155068" lat="37.7994027" lon="-122.4538334"/>
 <node id="8083426827" visible="true" version="2" changeset="134725963" timestamp="2023-04-10T11:48:54Z" user="spughetti" uid="16155068" lat="37.7993537" lon="-122.4538707"/>
 <node id="8083426828" visible="true" version="2" changeset="134725963" timestamp="2023-04-10T11:48:54Z" user="spughetti" uid="16155068" lat="37.7993404" lon="-122.4538953"/>
 <node id="8083426830" visible="true" version="2" changeset="134725963" timestamp="2023-04-10T11:48:54Z" user="spughetti" uid="16155068" lat="37.7993013" lon="-122.4540149"/>
 <node id="8083426831" visible="true" version="2" changeset="134725963" timestamp="2023-04-10T11:48:54Z" user="spughetti" uid="16155068" lat="37.7992350" lon="-122.4541517"/>
 <node id="8083426832" visible="true" version="2" changeset="134725963" timestamp="2023-04-10T11:48:54Z" user="spughetti" uid="16155068" lat="37.7992225" lon="-122.4541752"/>
 <node id="8083426833" visible="true" version="2" changeset="134725963" timestamp="2023-04-10T11:48:54Z" user="spughetti" uid="16155068" lat="37.7991554" lon="-122.4542231"/>
 <node id="8083426834" visible="true" version="2" changeset="134725963" timestamp="2023-04-10T11:48:54Z" user="spughetti" uid="16155068" lat="37.7991290" lon="-122.4541890"/>
 <node id="8083426835" visible="true" version="2" changeset="134725963" timestamp="2023-04-10T11:48:54Z" user="spughetti" uid="16155068" lat="37.7991016" lon="-122.4541240"/>
 <node id="8083426836" visible="true" version="1" changeset="93578717" timestamp="2020-11-05T06:07:05Z" user="Ajsnotlost" uid="4454642" lat="37.7990933" lon="-122.4540503"/>
 <node id="8083426837" visible="true" version="2" changeset="134725963" timestamp="2023-04-10T11:48:54Z" user="spughetti" uid="16155068" lat="37.7991082" lon="-122.4539766"/>
 <node id="8083426839" visible="true" version="1" changeset="93578717" timestamp="2020-11-05T06:07:05Z" user="Ajsnotlost" uid="4454642" lat="37.7990984" lon="-122.4539077"/>
 <node id="8083426840" visible="true" version="1" changeset="93578717" timestamp="2020-11-05T06:07:05Z" user="Ajsnotlost" uid="4454642" lat="37.7990866" lon="-122.4539013"/>
 <node id="8083426841" visible="true" version="1" changeset="93578717" timestamp="2020-11-05T06:07:05Z" user="Ajsnotlost" uid="4454642" lat="37.7990656" lon="-122.4539013"/>
 <node id="8083426842" visible="true" version="1" changeset="93578717" timestamp="2020-11-05T06:07:05Z" user="Ajsnotlost" uid="4454642" lat="37.7990395" lon="-122.4539151"/>
 <node id="8083426843" visible="true" version="1" changeset="93578717" timestamp="2020-11-05T06:07:05Z" user="Ajsnotlost" uid="4454642" lat="37.7990033" lon="-122.4539598"/>
 <node id="8083426844" visible="true" version="1" changeset="93578717" timestamp="2020-11-05T06:07:05Z" user="Ajsnotlost" uid="4454642" lat="37.7989741" lon="-122.4540188"/>
 <node id="8083426845" visible="true" version="1" changeset="93578717" timestamp="2020-11-05T06:07:05Z" user="Ajsnotlost" uid="4454642" lat="37.7989508" lon="-122.4541288"/>
 <node id="8083426846" visible="true" version="1" changeset="93578717" timestamp="2020-11-05T06:07:05Z" user="Ajsnotlost" uid="4454642" lat="37.7989360" lon="-122.4542669"/>
 <node id="8083426847" visible="true" version="1" changeset="93578717" timestamp="2020-11-05T06:07:05Z" user="Ajsnotlost" uid="4454642" lat="37.7989317" lon="-122.4543460"/>
 <node id="8083426848" visible="true" version="1" changeset="93578717" timestamp="2020-11-05T06:07:05Z" user="Ajsnotlost" uid="4454642" lat="37.7989213" lon="-122.4543724"/>
 <node id="8083426849" visible="true" version="1" changeset="93578717" timestamp="2020-11-05T06:07:05Z" user="Ajsnotlost" uid="4454642" lat="37.7989012" lon="-122.4543966"/>
 <node id="8083426850" visible="true" version="1" changeset="93578717" timestamp="2020-11-05T06:07:05Z" user="Ajsnotlost" uid="4454642" lat="37.7988779" lon="-122.4544086"/>
 <node id="8083426851" visible="true" version="1" changeset="93578717" timestamp="2020-11-05T06:07:05Z" user="Ajsnotlost" uid="4454642" lat="37.7998914" lon="-122.4539362"/>
 <node id="8083426852" visible="true" version="1" changeset="93578717" timestamp="2020-11-05T06:07:05Z" user="Ajsnotlost" uid="4454642" lat="37.7999108" lon="-122.4539096"/>
 <node id="8083426853" visible="true" version="1" changeset="93578717" timestamp="2020-11-05T06:07:05Z" user="Ajsnotlost" uid="4454642" lat="37.7999419" lon="-122.4538585"/>
 <node id="8083426854" visible="true" version="1" changeset="93578717" timestamp="2020-11-05T06:07:05Z" user="Ajsnotlost" uid="4454642" lat="37.7999419" lon="-122.4538074"/>
 <node id="8083426855" visible="true" version="1" changeset="93578717" timestamp="2020-11-05T06:07:05Z" user="Ajsnotlost" uid="4454642" lat="37.7999142" lon="-122.4537819"/>
 <node id="8083426856" visible="true" version="1" changeset="93578717" timestamp="2020-11-05T06:07:05Z" user="Ajsnotlost" uid="4454642" lat="37.7998763" lon="-122.4537712"/>
 <node id="8083426857" visible="true" version="1" changeset="93578717" timestamp="2020-11-05T06:07:05Z" user="Ajsnotlost" uid="4454642" lat="37.7998368" lon="-122.4537978"/>
 <node id="8083426858" visible="true" version="1" changeset="93578717" timestamp="2020-11-05T06:07:05Z" user="Ajsnotlost" uid="4454642" lat="37.7998090" lon="-122.4538489"/>
 <node id="8083426859" visible="true" version="1" changeset="93578717" timestamp="2020-11-05T06:07:05Z" user="Ajsnotlost" uid="4454642" lat="37.7997956" lon="-122.4538819"/>
 <node id="8083426860" visible="true" version="1" changeset="93578717" timestamp="2020-11-05T06:07:05Z" user="Ajsnotlost" uid="4454642" lat="37.7997998" lon="-122.4539234"/>
 <node id="8083426861" visible="true" version="1" changeset="93578717" timestamp="2020-11-05T06:07:05Z" user="Ajsnotlost" uid="4454642" lat="37.7998225" lon="-122.4539650"/>
 <node id="8083426862" visible="true" version="1" changeset="93578717" timestamp="2020-11-05T06:07:05Z" user="Ajsnotlost" uid="4454642" lat="37.7998435" lon="-122.4539948"/>
 <node id="8083426863" visible="true" version="1" changeset="93578717" timestamp="2020-11-05T06:07:05Z" user="Ajsnotlost" uid="4454642" lat="37.7998671" lon="-122.4539937"/>
 <node id="8083426864" visible="true" version="1" changeset="93578717" timestamp="2020-11-05T06:07:05Z" user="Ajsnotlost" uid="4454642" lat="37.7998763" lon="-122.4539831"/>
 <node id="8083426865" visible="true" version="1" changeset="93578717" timestamp="2020-11-05T06:07:05Z" user="Ajsnotlost" uid="4454642" lat="37.7998814" lon="-122.4539671"/>
 <node id="8083525531" visible="true" version="1" changeset="93580906" timestamp="2020-11-05T06:40:56Z" user="Ajsnotlost" uid="4454642" lat="37.7943404" lon="-122.4535883"/>
 <node id="8083525532" visible="true" version="1" changeset="93580906" timestamp="2020-11-05T06:40:56Z" user="Ajsnotlost" uid="4454642" lat="37.7961424" lon="-122.4535421"/>
 <node id="8083525533" visible="true" version="1" changeset="93580906" timestamp="2020-11-05T06:40:56Z" user="Ajsnotlost" uid="4454642" lat="37.7962823" lon="-122.4535260"/>
 <node id="8083525534" visible="true" version="1" changeset="93580906" timestamp="2020-11-05T06:40:56Z" user="Ajsnotlost" uid="4454642" lat="37.7964413" lon="-122.4535448"/>
 <node id="8083525535" visible="true" version="1" changeset="93580906" timestamp="2020-11-05T06:40:56Z" user="Ajsnotlost" uid="4454642" lat="37.7966235" lon="-122.4536145"/>
 <node id="8083525536" visible="true" version="1" changeset="93580906" timestamp="2020-11-05T06:40:56Z" user="Ajsnotlost" uid="4454642" lat="37.7968397" lon="-122.4537352"/>
 <node id="8083525537" visible="true" version="1" changeset="93580906" timestamp="2020-11-05T06:40:56Z" user="Ajsnotlost" uid="4454642" lat="37.7969648" lon="-122.4538854"/>
 <node id="8083525538" visible="true" version="1" changeset="93580906" timestamp="2020-11-05T06:40:56Z" user="Ajsnotlost" uid="4454642" lat="37.7970800" lon="-122.4540224"/>
 <node id="8083525539" visible="true" version="1" changeset="93580906" timestamp="2020-11-05T06:40:56Z" user="Ajsnotlost" uid="4454642" lat="37.7971759" lon="-122.4540543"/>
 <node id="8083525540" visible="true" version="1" changeset="93580906" timestamp="2020-11-05T06:40:56Z" user="Ajsnotlost" uid="4454642" lat="37.7972264" lon="-122.4540500"/>
 <node id="8083525541" visible="true" version="1" changeset="93580906" timestamp="2020-11-05T06:40:56Z" user="Ajsnotlost" uid="4454642" lat="37.7972651" lon="-122.4540287"/>
 <node id="8083525542" visible="true" version="1" changeset="93580906" timestamp="2020-11-05T06:40:56Z" user="Ajsnotlost" uid="4454642" lat="37.7972869" lon="-122.4540224"/>
 <node id="8083525543" visible="true" version="1" changeset="93580906" timestamp="2020-11-05T06:40:56Z" user="Ajsnotlost" uid="4454642" lat="37.7973088" lon="-122.4540309"/>
 <node id="8083525544" visible="true" version="1" changeset="93580906" timestamp="2020-11-05T06:40:56Z" user="Ajsnotlost" uid="4454642" lat="37.7973290" lon="-122.4540607"/>
 <node id="8083525545" visible="true" version="1" changeset="93580906" timestamp="2020-11-05T06:40:56Z" user="Ajsnotlost" uid="4454642" lat="37.7961107" lon="-122.4535541"/>
 <node id="8083525546" visible="true" version="1" changeset="93580906" timestamp="2020-11-05T06:40:56Z" user="Ajsnotlost" uid="4454642" lat="37.7960779" lon="-122.4535809"/>
 <node id="8083525547" visible="true" version="1" changeset="93580906" timestamp="2020-11-05T06:40:56Z" user="Ajsnotlost" uid="4454642" lat="37.7960620" lon="-122.4535957"/>
 <node id="8083562231" visible="true" version="1" changeset="93581453" timestamp="2020-11-05T06:49:27Z" user="Ajsnotlost" uid="4454642" lat="37.8010380" lon="-122.4545489"/>
 <node id="8419775651" visible="true" version="1" changeset="99203073" timestamp="2021-02-13T05:48:14Z" user="karstenpatzwaldt" uid="2749442" lat="37.7987961" lon="-122.4534849"/>
 <node id="8419775652" visible="true" version="1" changeset="99203073" timestamp="2021-02-13T05:48:14Z" user="karstenpatzwaldt" uid="2749442" lat="37.7990439" lon="-122.4535592"/>
 <node id="8419775653" visible="true" version="1" changeset="99203073" timestamp="2021-02-13T05:48:14Z" user="karstenpatzwaldt" uid="2749442" lat="37.7992702" lon="-122.4535843"/>
 <node id="8419775654" visible="true" version="1" changeset="99203073" timestamp="2021-02-13T05:48:14Z" user="karstenpatzwaldt" uid="2749442" lat="37.7995687" lon="-122.4535952"/>
 <node id="8419775655" visible="true" version="1" changeset="99203073" timestamp="2021-02-13T05:48:14Z" user="karstenpatzwaldt" uid="2749442" lat="37.7997480" lon="-122.4535232"/>
 <node id="8419775656" visible="true" version="1" changeset="99203073" timestamp="2021-02-13T05:48:14Z" user="karstenpatzwaldt" uid="2749442" lat="37.7998162" lon="-122.4534939"/>
 <node id="8419775657" visible="true" version="1" changeset="99203073" timestamp="2021-02-13T05:48:14Z" user="karstenpatzwaldt" uid="2749442" lat="37.8000610" lon="-122.4534570"/>
 <node id="8419775658" visible="true" version="1" changeset="99203073" timestamp="2021-02-13T05:48:14Z" user="karstenpatzwaldt" uid="2749442" lat="37.8001298" lon="-122.4534336"/>
 <node id="8451935757" visible="true" version="2" changeset="168146249" timestamp="2025-06-26T15:46:34Z" user="VLD298" uid="22891821" lat="37.7983259" lon="-122.4563344">
  <tag k="crossing" v="marked"/>
  <tag k="crossing:markings" v="zebra"/>
  <tag k="highway" v="crossing"/>
 </node>
 <node id="8451935768" visible="true" version="1" changeset="99874405" timestamp="2021-02-24T05:55:20Z" user="jnmiller" uid="2733735" lat="37.7981218" lon="-122.4558645"/>
 <node id="8451935778" visible="true" version="1" changeset="99874405" timestamp="2021-02-24T05:55:20Z" user="jnmiller" uid="2733735" lat="37.7980909" lon="-122.4551350"/>
 <node id="8451935780" visible="true" version="3" changeset="179723577" timestamp="2026-03-11T21:41:59Z" user="jumbanho" uid="38487" lat="37.7981867" lon="-122.4552089">
  <tag k="crossing" v="marked"/>
  <tag k="crossing:island" v="yes"/>
  <tag k="highway" v="crossing"/>
  <tag k="tactile_paving" v="yes"/>
 </node>
 <node id="8451935782" visible="true" version="1" changeset="99874405" timestamp="2021-02-24T05:55:20Z" user="jnmiller" uid="2733735" lat="37.7918750" lon="-122.4478288"/>
 <node id="8451935797" visible="true" version="1" changeset="99874405" timestamp="2021-02-24T05:55:20Z" user="jnmiller" uid="2733735" lat="37.7975371" lon="-122.4541697"/>
 <node id="8451935798" visible="true" version="1" changeset="99874405" timestamp="2021-02-24T05:55:20Z" user="jnmiller" uid="2733735" lat="37.7976369" lon="-122.4540973"/>
 <node id="8451935799" visible="true" version="1" changeset="99874405" timestamp="2021-02-24T05:55:20Z" user="jnmiller" uid="2733735" lat="37.7977304" lon="-122.4540486"/>
 <node id="8451935800" visible="true" version="1" changeset="99874405" timestamp="2021-02-24T05:55:20Z" user="jnmiller" uid="2733735" lat="37.7980129" lon="-122.4538965"/>
 <node id="8451935801" visible="true" version="1" changeset="99874405" timestamp="2021-02-24T05:55:20Z" user="jnmiller" uid="2733735" lat="37.7983246" lon="-122.4537509"/>
 <node id="8451935802" visible="true" version="1" changeset="99874405" timestamp="2021-02-24T05:55:20Z" user="jnmiller" uid="2733735" lat="37.7986333" lon="-122.4536294"/>
 <node id="8451935803" visible="true" version="2" changeset="175089021" timestamp="2025-11-24T23:32:47Z" user="VLD170" uid="11417369" lat="37.7986598" lon="-122.4536434"/>
 <node id="8452365269" visible="true" version="1" changeset="99885622" timestamp="2021-02-24T08:17:02Z" user="bhalperin28" uid="3130496" lat="37.8000359" lon="-122.4529448"/>
 <node id="8452365270" visible="true" version="1" changeset="99885622" timestamp="2021-02-24T08:17:02Z" user="bhalperin28" uid="3130496" lat="37.7999724" lon="-122.4529185"/>
 <node id="8509078726" visible="true" version="1" changeset="100878125" timestamp="2021-03-12T05:18:50Z" user="jnmiller" uid="2733735" lat="37.8002799" lon="-122.4533322"/>
 <node id="8509078727" visible="true" version="1" changeset="100878125" timestamp="2021-03-12T05:18:50Z" user="jnmiller" uid="2733735" lat="37.8002458" lon="-122.4532669"/>
 <node id="8509078728" visible="true" version="1" changeset="100878125" timestamp="2021-03-12T05:18:50Z" user="jnmiller" uid="2733735" lat="37.8001941" lon="-122.4531895"/>
 <node id="8509078729" visible="true" version="1" changeset="100878125" timestamp="2021-03-12T05:18:50Z" user="jnmiller" uid="2733735" lat="37.8001410" lon="-122.4531283"/>
 <node id="8509078730" visible="true" version="1" changeset="100878125" timestamp="2021-03-12T05:18:50Z" user="jnmiller" uid="2733735" lat="37.8000987" lon="-122.4530926"/>
 <node id="8509078731" visible="true" version="1" changeset="100878125" timestamp="2021-03-12T05:18:50Z" user="jnmiller" uid="2733735" lat="37.8000637" lon="-122.4530671"/>
 <node id="8509078732" visible="true" version="1" changeset="100878125" timestamp="2021-03-12T05:18:50Z" user="jnmiller" uid="2733735" lat="37.8000194" lon="-122.4530416"/>
 <node id="8509078733" visible="true" version="1" changeset="100878125" timestamp="2021-03-12T05:18:50Z" user="jnmiller" uid="2733735" lat="37.7999099" lon="-122.4529897"/>
 <node id="8509078734" visible="true" version="2" changeset="168104972" timestamp="2025-06-25T17:11:27Z" user="VLD282" uid="21556038" lat="37.7998900" lon="-122.4529837"/>
 <node id="8509078735" visible="true" version="1" changeset="100878125" timestamp="2021-03-12T05:18:50Z" user="jnmiller" uid="2733735" lat="37.7997809" lon="-122.4529599"/>
 <node id="8509078736" visible="true" version="1" changeset="100878125" timestamp="2021-03-12T05:18:50Z" user="jnmiller" uid="2733735" lat="37.7996283" lon="-122.4529242"/>
 <node id="8509078737" visible="true" version="1" changeset="100878125" timestamp="2021-03-12T05:18:50Z" user="jnmiller" uid="2733735" lat="37.7995625" lon="-122.4529098"/>
 <node id="8509078738" visible="true" version="1" changeset="100878125" timestamp="2021-03-12T05:18:50Z" user="jnmiller" uid="2733735" lat="37.7994691" lon="-122.4528817"/>
 <node id="8509078739" visible="true" version="1" changeset="100878125" timestamp="2021-03-12T05:18:50Z" user="jnmiller" uid="2733735" lat="37.7993918" lon="-122.4528502"/>
 <node id="8509078740" visible="true" version="1" changeset="100878125" timestamp="2021-03-12T05:18:50Z" user="jnmiller" uid="2733735" lat="37.7993065" lon="-122.4528128"/>
 <node id="8509078741" visible="true" version="1" changeset="100878125" timestamp="2021-03-12T05:18:50Z" user="jnmiller" uid="2733735" lat="37.7992642" lon="-122.4527882"/>
 <node id="8509078742" visible="true" version="2" changeset="101533652" timestamp="2021-03-22T23:42:54Z" user="jnmiller" uid="2733735" lat="37.7992376" lon="-122.4527733">
  <tag k="barrier" v="kerb"/>
  <tag k="kerb" v="flush"/>
  <tag k="tactile_paving" v="yes"/>
  <tag k="wheelchair" v="yes"/>
 </node>
 <node id="8509078743" visible="true" version="1" changeset="100878125" timestamp="2021-03-12T05:18:50Z" user="jnmiller" uid="2733735" lat="37.7992225" lon="-122.4527746"/>
 <node id="8509078744" visible="true" version="2" changeset="101533652" timestamp="2021-03-22T23:42:54Z" user="jnmiller" uid="2733735" lat="37.7992041" lon="-122.4527716">
  <tag k="barrier" v="kerb"/>
  <tag k="kerb" v="flush"/>
  <tag k="tactile_paving" v="yes"/>
  <tag k="wheelchair" v="yes"/>
 </node>
 <node id="8509078779" visible="true" version="1" changeset="100878125" timestamp="2021-03-12T05:18:50Z" user="jnmiller" uid="2733735" lat="37.8004363" lon="-122.4539869"/>
 <node id="8509078780" visible="true" version="1" changeset="100878125" timestamp="2021-03-12T05:18:50Z" user="jnmiller" uid="2733735" lat="37.8003589" lon="-122.4540102"/>
 <node id="8509078781" visible="true" version="1" changeset="100878125" timestamp="2021-03-12T05:18:50Z" user="jnmiller" uid="2733735" lat="37.8003878" lon="-122.4540222"/>
 <node id="8509078783" visible="true" version="1" changeset="100878125" timestamp="2021-03-12T05:18:50Z" user="jnmiller" uid="2733735" lat="37.8003764" lon="-122.4540175"/>
 <node id="8509078784" visible="true" version="1" changeset="100878125" timestamp="2021-03-12T05:18:50Z" user="jnmiller" uid="2733735" lat="37.8003301" lon="-122.4548487"/>
 <node id="8509078785" visible="true" version="1" changeset="100878125" timestamp="2021-03-12T05:18:50Z" user="jnmiller" uid="2733735" lat="37.8002127" lon="-122.4549164"/>
 <node id="8551854616" visible="true" version="1" changeset="101533652" timestamp="2021-03-22T23:42:54Z" user="jnmiller" uid="2733735" lat="37.7982851" lon="-122.4507437"/>
 <node id="8551871017" visible="true" version="1" changeset="101533652" timestamp="2021-03-22T23:42:54Z" user="jnmiller" uid="2733735" lat="37.7993441" lon="-122.4526219">
  <tag k="barrier" v="kerb"/>
  <tag k="kerb" v="flush"/>
  <tag k="tactile_paving" v="no"/>
  <tag k="wheelchair" v="yes"/>
 </node>
 <node id="8551871018" visible="true" version="1" changeset="101533652" timestamp="2021-03-22T23:42:54Z" user="jnmiller" uid="2733735" lat="37.7991914" lon="-122.4524610">
  <tag k="barrier" v="kerb"/>
  <tag k="kerb" v="flush"/>
  <tag k="tactile_paving" v="yes"/>
  <tag k="wheelchair" v="yes"/>
 </node>
 <node id="8551871019" visible="true" version="1" changeset="101533652" timestamp="2021-03-22T23:42:54Z" user="jnmiller" uid="2733735" lat="37.7992152" lon="-122.4524593">
  <tag k="barrier" v="kerb"/>
  <tag k="kerb" v="flush"/>
  <tag k="tactile_paving" v="yes"/>
  <tag k="wheelchair" v="yes"/>
 </node>
 <node id="8551871020" visible="true" version="2" changeset="168104972" timestamp="2025-06-25T17:11:27Z" user="VLD282" uid="21556038" lat="37.7990934" lon="-122.4526348">
  <tag k="barrier" v="kerb"/>
  <tag k="kerb" v="flush"/>
  <tag k="tactile_paving" v="yes"/>
  <tag k="wheelchair" v="yes"/>
 </node>
 <node id="8551871021" visible="true" version="3" changeset="168451941" timestamp="2025-07-03T16:29:29Z" user="John Gilmore" uid="314930" lat="37.7991593" lon="-122.4527159">
  <tag k="crossing" v="uncontrolled"/>
  <tag k="crossing:island" v="no"/>
  <tag k="crossing:markings" v="zebra"/>
  <tag k="highway" v="crossing"/>
 </node>
 <node id="8551871022" visible="true" version="2" changeset="168104972" timestamp="2025-06-25T17:11:27Z" user="VLD282" uid="21556038" lat="37.7991994" lon="-122.4524495"/>
 <node id="8551871023" visible="true" version="1" changeset="101533652" timestamp="2021-03-22T23:42:54Z" user="jnmiller" uid="2733735" lat="37.7992120" lon="-122.4524495"/>
 <node id="8551871024" visible="true" version="1" changeset="101533652" timestamp="2021-03-22T23:42:54Z" user="jnmiller" uid="2733735" lat="37.7992302" lon="-122.4524455"/>
 <node id="8551871025" visible="true" version="1" changeset="101533652" timestamp="2021-03-22T23:42:54Z" user="jnmiller" uid="2733735" lat="37.7992483" lon="-122.4524276"/>
 <node id="8551871026" visible="true" version="1" changeset="101533652" timestamp="2021-03-22T23:42:54Z" user="jnmiller" uid="2733735" lat="37.7992670" lon="-122.4523868"/>
 <node id="8551871027" visible="true" version="1" changeset="101533652" timestamp="2021-03-22T23:42:54Z" user="jnmiller" uid="2733735" lat="37.7992896" lon="-122.4523274"/>
 <node id="8551871028" visible="true" version="1" changeset="101533652" timestamp="2021-03-22T23:42:54Z" user="jnmiller" uid="2733735" lat="37.7991739" lon="-122.4524473"/>
 <node id="8551871029" visible="true" version="1" changeset="101533652" timestamp="2021-03-22T23:42:54Z" user="jnmiller" uid="2733735" lat="37.7991587" lon="-122.4524356"/>
 <node id="8551871030" visible="true" version="1" changeset="101533652" timestamp="2021-03-22T23:42:54Z" user="jnmiller" uid="2733735" lat="37.7991294" lon="-122.4523962"/>
 <node id="8551871031" visible="true" version="1" changeset="101533652" timestamp="2021-03-22T23:42:54Z" user="jnmiller" uid="2733735" lat="37.7990833" lon="-122.4523372"/>
 <node id="8551871032" visible="true" version="1" changeset="101533652" timestamp="2021-03-22T23:42:54Z" user="jnmiller" uid="2733735" lat="37.7993063" lon="-122.4522727"/>
 <node id="8551871033" visible="true" version="1" changeset="101533652" timestamp="2021-03-22T23:42:54Z" user="jnmiller" uid="2733735" lat="37.7993168" lon="-122.4522029"/>
 <node id="8551871034" visible="true" version="1" changeset="101533652" timestamp="2021-03-22T23:42:54Z" user="jnmiller" uid="2733735" lat="37.7993209" lon="-122.4521393"/>
 <node id="8551871035" visible="true" version="1" changeset="101533652" timestamp="2021-03-22T23:42:54Z" user="jnmiller" uid="2733735" lat="37.7993209" lon="-122.4520829"/>
 <node id="8551871036" visible="true" version="1" changeset="101533652" timestamp="2021-03-22T23:42:54Z" user="jnmiller" uid="2733735" lat="37.7993128" lon="-122.4520050"/>
 <node id="8551871037" visible="true" version="1" changeset="101533652" timestamp="2021-03-22T23:42:54Z" user="jnmiller" uid="2733735" lat="37.7993014" lon="-122.4519537"/>
 <node id="8551871038" visible="true" version="1" changeset="101533652" timestamp="2021-03-22T23:42:54Z" user="jnmiller" uid="2733735" lat="37.7992852" lon="-122.4519034"/>
 <node id="8551871039" visible="true" version="1" changeset="101533652" timestamp="2021-03-22T23:42:54Z" user="jnmiller" uid="2733735" lat="37.7992690" lon="-122.4518611"/>
 <node id="8551871040" visible="true" version="1" changeset="101533652" timestamp="2021-03-22T23:42:54Z" user="jnmiller" uid="2733735" lat="37.7992493" lon="-122.4518199"/>
 <node id="8551871041" visible="true" version="1" changeset="101533652" timestamp="2021-03-22T23:42:54Z" user="jnmiller" uid="2733735" lat="37.7992150" lon="-122.4517634"/>
 <node id="8551871042" visible="true" version="1" changeset="101533652" timestamp="2021-03-22T23:42:54Z" user="jnmiller" uid="2733735" lat="37.7991836" lon="-122.4517155"/>
 <node id="8551871043" visible="true" version="1" changeset="101533652" timestamp="2021-03-22T23:42:54Z" user="jnmiller" uid="2733735" lat="37.7991547" lon="-122.4516821"/>
 <node id="8551871044" visible="true" version="1" changeset="101533652" timestamp="2021-03-22T23:42:54Z" user="jnmiller" uid="2733735" lat="37.7991353" lon="-122.4516647"/>
 <node id="8551871045" visible="true" version="1" changeset="101533652" timestamp="2021-03-22T23:42:54Z" user="jnmiller" uid="2733735" lat="37.7991072" lon="-122.4516401"/>
 <node id="8551871046" visible="true" version="1" changeset="101533652" timestamp="2021-03-22T23:42:54Z" user="jnmiller" uid="2733735" lat="37.7990640" lon="-122.4516107"/>
 <node id="8551871047" visible="true" version="1" changeset="101533652" timestamp="2021-03-22T23:42:54Z" user="jnmiller" uid="2733735" lat="37.7989531" lon="-122.4515495"/>
 <node id="8551871048" visible="true" version="1" changeset="101533652" timestamp="2021-03-22T23:42:54Z" user="jnmiller" uid="2733735" lat="37.7988978" lon="-122.4515232"/>
 <node id="8551871049" visible="true" version="1" changeset="101533652" timestamp="2021-03-22T23:42:54Z" user="jnmiller" uid="2733735" lat="37.7988820" lon="-122.4515149"/>
 <node id="8551871050" visible="true" version="1" changeset="101533652" timestamp="2021-03-22T23:42:54Z" user="jnmiller" uid="2733735" lat="37.7988358" lon="-122.4514891"/>
 <node id="8551871051" visible="true" version="1" changeset="101533652" timestamp="2021-03-22T23:42:54Z" user="jnmiller" uid="2733735" lat="37.7987591" lon="-122.4514415"/>
 <node id="8551871052" visible="true" version="2" changeset="168104972" timestamp="2025-06-25T17:11:27Z" user="VLD282" uid="21556038" lat="37.7987032" lon="-122.4514115"/>
 <node id="8551871053" visible="true" version="1" changeset="101533652" timestamp="2021-03-22T23:42:54Z" user="jnmiller" uid="2733735" lat="37.7986539" lon="-122.4513833"/>
 <node id="8551871054" visible="true" version="1" changeset="101533652" timestamp="2021-03-22T23:42:54Z" user="jnmiller" uid="2733735" lat="37.7986148" lon="-122.4513556"/>
 <node id="8551871055" visible="true" version="1" changeset="101533652" timestamp="2021-03-22T23:42:54Z" user="jnmiller" uid="2733735" lat="37.7985685" lon="-122.4513101"/>
 <node id="8551871056" visible="true" version="1" changeset="101533652" timestamp="2021-03-22T23:42:54Z" user="jnmiller" uid="2733735" lat="37.7985320" lon="-122.4512735"/>
 <node id="8551871057" visible="true" version="1" changeset="101533652" timestamp="2021-03-22T23:42:54Z" user="jnmiller" uid="2733735" lat="37.7985034" lon="-122.4512387"/>
 <node id="8551871058" visible="true" version="1" changeset="101533652" timestamp="2021-03-22T23:42:54Z" user="jnmiller" uid="2733735" lat="37.7984571" lon="-122.4511701"/>
 <node id="8551871059" visible="true" version="1" changeset="101533652" timestamp="2021-03-22T23:42:54Z" user="jnmiller" uid="2733735" lat="37.7984423" lon="-122.4511442"/>
 <node id="8551871060" visible="true" version="1" changeset="101533652" timestamp="2021-03-22T23:42:54Z" user="jnmiller" uid="2733735" lat="37.7984046" lon="-122.4510660"/>
 <node id="8551871061" visible="true" version="1" changeset="101533652" timestamp="2021-03-22T23:42:54Z" user="jnmiller" uid="2733735" lat="37.7983737" lon="-122.4509814"/>
 <node id="8551871062" visible="true" version="1" changeset="101533652" timestamp="2021-03-22T23:42:54Z" user="jnmiller" uid="2733735" lat="37.7983439" lon="-122.4509011"/>
 <node id="8551871063" visible="true" version="1" changeset="101533652" timestamp="2021-03-22T23:42:54Z" user="jnmiller" uid="2733735" lat="37.7983074" lon="-122.4508027"/>
 <node id="8551871064" visible="true" version="1" changeset="101533652" timestamp="2021-03-22T23:42:54Z" user="jnmiller" uid="2733735" lat="37.7982934" lon="-122.4507629"/>
 <node id="8551871065" visible="true" version="1" changeset="101533652" timestamp="2021-03-22T23:42:54Z" user="jnmiller" uid="2733735" lat="37.7982341" lon="-122.4506045"/>
 <node id="8551871066" visible="true" version="1" changeset="101533652" timestamp="2021-03-22T23:42:54Z" user="jnmiller" uid="2733735" lat="37.7982097" lon="-122.4505387"/>
 <node id="8551871067" visible="true" version="1" changeset="101533652" timestamp="2021-03-22T23:42:54Z" user="jnmiller" uid="2733735" lat="37.7981895" lon="-122.4505167"/>
 <node id="8551871068" visible="true" version="1" changeset="101533652" timestamp="2021-03-22T23:42:54Z" user="jnmiller" uid="2733735" lat="37.7981628" lon="-122.4504957"/>
 <node id="8551871069" visible="true" version="1" changeset="101533652" timestamp="2021-03-22T23:42:54Z" user="jnmiller" uid="2733735" lat="37.7981527" lon="-122.4504769"/>
 <node id="8551871070" visible="true" version="1" changeset="101533652" timestamp="2021-03-22T23:42:54Z" user="jnmiller" uid="2733735" lat="37.7981367" lon="-122.4504364"/>
 <node id="8551871071" visible="true" version="1" changeset="101533652" timestamp="2021-03-22T23:42:54Z" user="jnmiller" uid="2733735" lat="37.7980379" lon="-122.4501199"/>
 <node id="8551871072" visible="true" version="1" changeset="101533652" timestamp="2021-03-22T23:42:54Z" user="jnmiller" uid="2733735" lat="37.7980404" lon="-122.4500978"/>
 <node id="8551871073" visible="true" version="1" changeset="101533652" timestamp="2021-03-22T23:42:54Z" user="jnmiller" uid="2733735" lat="37.7980385" lon="-122.4500690"/>
 <node id="8551871074" visible="true" version="1" changeset="101533652" timestamp="2021-03-22T23:42:54Z" user="jnmiller" uid="2733735" lat="37.7980342" lon="-122.4501597"/>
 <node id="8551871075" visible="true" version="1" changeset="101533652" timestamp="2021-03-22T23:42:54Z" user="jnmiller" uid="2733735" lat="37.7980264" lon="-122.4500250"/>
 <node id="8551871076" visible="true" version="1" changeset="101533652" timestamp="2021-03-22T23:42:54Z" user="jnmiller" uid="2733735" lat="37.7977855" lon="-122.4493848"/>
 <node id="8551871077" visible="true" version="1" changeset="101533652" timestamp="2021-03-22T23:42:54Z" user="jnmiller" uid="2733735" lat="37.7977591" lon="-122.4493148"/>
 <node id="8551871078" visible="true" version="1" changeset="101533652" timestamp="2021-03-22T23:42:54Z" user="jnmiller" uid="2733735" lat="37.7977299" lon="-122.4492490"/>
 <node id="8551871079" visible="true" version="1" changeset="101533652" timestamp="2021-03-22T23:42:54Z" user="jnmiller" uid="2733735" lat="37.7976965" lon="-122.4491982"/>
 <node id="8551871080" visible="true" version="1" changeset="101533652" timestamp="2021-03-22T23:42:54Z" user="jnmiller" uid="2733735" lat="37.7976642" lon="-122.4491588"/>
 <node id="8551871081" visible="true" version="1" changeset="101533652" timestamp="2021-03-22T23:42:54Z" user="jnmiller" uid="2733735" lat="37.7976454" lon="-122.4491410"/>
 <node id="8551871082" visible="true" version="1" changeset="101533652" timestamp="2021-03-22T23:42:54Z" user="jnmiller" uid="2733735" lat="37.7976266" lon="-122.4491293"/>
 <node id="8551871083" visible="true" version="1" changeset="101533652" timestamp="2021-03-22T23:42:54Z" user="jnmiller" uid="2733735" lat="37.7976140" lon="-122.4491318"/>
 <node id="8551871086" visible="true" version="1" changeset="101533652" timestamp="2021-03-22T23:42:54Z" user="jnmiller" uid="2733735" lat="37.7975853" lon="-122.4491439"/>
 <node id="8551871087" visible="true" version="1" changeset="101533652" timestamp="2021-03-22T23:42:54Z" user="jnmiller" uid="2733735" lat="37.7975747" lon="-122.4491545"/>
 <node id="8551871088" visible="true" version="1" changeset="101533652" timestamp="2021-03-22T23:42:54Z" user="jnmiller" uid="2733735" lat="37.7975651" lon="-122.4491901"/>
 <node id="8551871089" visible="true" version="1" changeset="101533652" timestamp="2021-03-22T23:42:54Z" user="jnmiller" uid="2733735" lat="37.7975326" lon="-122.4493524"/>
 <node id="8551871090" visible="true" version="1" changeset="101533652" timestamp="2021-03-22T23:42:54Z" user="jnmiller" uid="2733735" lat="37.7975098" lon="-122.4495304"/>
 <node id="8551871091" visible="true" version="1" changeset="101533652" timestamp="2021-03-22T23:42:54Z" user="jnmiller" uid="2733735" lat="37.7974952" lon="-122.4496995"/>
 <node id="8551871092" visible="true" version="1" changeset="101533652" timestamp="2021-03-22T23:42:54Z" user="jnmiller" uid="2733735" lat="37.7974905" lon="-122.4498612"/>
 <node id="8551871093" visible="true" version="1" changeset="101533652" timestamp="2021-03-22T23:42:54Z" user="jnmiller" uid="2733735" lat="37.7974941" lon="-122.4499706"/>
 <node id="8551871094" visible="true" version="1" changeset="101533652" timestamp="2021-03-22T23:42:54Z" user="jnmiller" uid="2733735" lat="37.7975003" lon="-122.4500627"/>
 <node id="8551871095" visible="true" version="1" changeset="101533652" timestamp="2021-03-22T23:42:54Z" user="jnmiller" uid="2733735" lat="37.7975104" lon="-122.4501593"/>
 <node id="8551871096" visible="true" version="1" changeset="101533652" timestamp="2021-03-22T23:42:54Z" user="jnmiller" uid="2733735" lat="37.7975208" lon="-122.4502488"/>
 <node id="8551871097" visible="true" version="1" changeset="101533652" timestamp="2021-03-22T23:42:54Z" user="jnmiller" uid="2733735" lat="37.7975320" lon="-122.4503284"/>
 <node id="8551871098" visible="true" version="1" changeset="101533652" timestamp="2021-03-22T23:42:54Z" user="jnmiller" uid="2733735" lat="37.7975514" lon="-122.4504233"/>
 <node id="8551871099" visible="true" version="1" changeset="101533652" timestamp="2021-03-22T23:42:54Z" user="jnmiller" uid="2733735" lat="37.7975733" lon="-122.4505238"/>
 <node id="8551871100" visible="true" version="1" changeset="101533652" timestamp="2021-03-22T23:42:54Z" user="jnmiller" uid="2733735" lat="37.7976303" lon="-122.4507150"/>
 <node id="8551871101" visible="true" version="1" changeset="101533652" timestamp="2021-03-22T23:42:54Z" user="jnmiller" uid="2733735" lat="37.7976755" lon="-122.4508503"/>
 <node id="8551871102" visible="true" version="1" changeset="101533652" timestamp="2021-03-22T23:42:54Z" user="jnmiller" uid="2733735" lat="37.7977106" lon="-122.4509580"/>
 <node id="8551871103" visible="true" version="1" changeset="101533652" timestamp="2021-03-22T23:42:54Z" user="jnmiller" uid="2733735" lat="37.7977195" lon="-122.4509964"/>
 <node id="8551871104" visible="true" version="1" changeset="101533652" timestamp="2021-03-22T23:42:54Z" user="jnmiller" uid="2733735" lat="37.7977361" lon="-122.4511001"/>
 <node id="8551871105" visible="true" version="1" changeset="101533652" timestamp="2021-03-22T23:42:54Z" user="jnmiller" uid="2733735" lat="37.7977420" lon="-122.4511470"/>
 <node id="8551871106" visible="true" version="1" changeset="101533652" timestamp="2021-03-22T23:42:54Z" user="jnmiller" uid="2733735" lat="37.7977962" lon="-122.4512455"/>
 <node id="8551871107" visible="true" version="1" changeset="101533652" timestamp="2021-03-22T23:42:54Z" user="jnmiller" uid="2733735" lat="37.7978981" lon="-122.4513076"/>
 <node id="8551871108" visible="true" version="1" changeset="101533652" timestamp="2021-03-22T23:42:54Z" user="jnmiller" uid="2733735" lat="37.7979479" lon="-122.4513098"/>
 <node id="8551871109" visible="true" version="1" changeset="101533652" timestamp="2021-03-22T23:42:54Z" user="jnmiller" uid="2733735" lat="37.7979753" lon="-122.4512739"/>
 <node id="8551871110" visible="true" version="1" changeset="101533652" timestamp="2021-03-22T23:42:54Z" user="jnmiller" uid="2733735" lat="37.7979449" lon="-122.4512423"/>
 <node id="8551871111" visible="true" version="1" changeset="101533652" timestamp="2021-03-22T23:42:54Z" user="jnmiller" uid="2733735" lat="37.7979055" lon="-122.4511891"/>
 <node id="8551871112" visible="true" version="1" changeset="101533652" timestamp="2021-03-22T23:42:54Z" user="jnmiller" uid="2733735" lat="37.7981661" lon="-122.4508746"/>
 <node id="8551871113" visible="true" version="1" changeset="101533652" timestamp="2021-03-22T23:42:54Z" user="jnmiller" uid="2733735" lat="37.7982318" lon="-122.4507872"/>
 <node id="8551871114" visible="true" version="1" changeset="101533652" timestamp="2021-03-22T23:42:54Z" user="jnmiller" uid="2733735" lat="37.7982922" lon="-122.4507374"/>
 <node id="8551871115" visible="true" version="1" changeset="101533652" timestamp="2021-03-22T23:42:54Z" user="jnmiller" uid="2733735" lat="37.7983669" lon="-122.4506411"/>
 <node id="8551871116" visible="true" version="1" changeset="101533652" timestamp="2021-03-22T23:42:54Z" user="jnmiller" uid="2733735" lat="37.7983094" lon="-122.4504940"/>
 <node id="8551871117" visible="true" version="1" changeset="101533652" timestamp="2021-03-22T23:42:54Z" user="jnmiller" uid="2733735" lat="37.7982472" lon="-122.4510448"/>
 <node id="8551871118" visible="true" version="1" changeset="101533652" timestamp="2021-03-22T23:42:54Z" user="jnmiller" uid="2733735" lat="37.7982140" lon="-122.4509975"/>
 <node id="8551871119" visible="true" version="1" changeset="101533652" timestamp="2021-03-22T23:42:54Z" user="jnmiller" uid="2733735" lat="37.7993718" lon="-122.4518538"/>
 <node id="8551871120" visible="true" version="1" changeset="101533652" timestamp="2021-03-22T23:42:54Z" user="jnmiller" uid="2733735" lat="37.7993294" lon="-122.4518782">
  <tag k="crossing" v="marked"/>
  <tag k="highway" v="crossing"/>
 </node>
 <node id="8551871121" visible="true" version="1" changeset="101533652" timestamp="2021-03-22T23:42:54Z" user="jnmiller" uid="2733735" lat="37.7993031" lon="-122.4516770"/>
 <node id="8551871122" visible="true" version="1" changeset="101533652" timestamp="2021-03-22T23:42:54Z" user="jnmiller" uid="2733735" lat="37.7992789" lon="-122.4516615"/>
 <node id="8551871123" visible="true" version="1" changeset="101533652" timestamp="2021-03-22T23:42:54Z" user="jnmiller" uid="2733735" lat="37.7992484" lon="-122.4516251"/>
 <node id="8551871124" visible="true" version="1" changeset="101533652" timestamp="2021-03-22T23:42:54Z" user="jnmiller" uid="2733735" lat="37.7992222" lon="-122.4515904"/>
 <node id="8551871125" visible="true" version="1" changeset="101533652" timestamp="2021-03-22T23:42:54Z" user="jnmiller" uid="2733735" lat="37.7991991" lon="-122.4515666"/>
 <node id="8551871126" visible="true" version="1" changeset="101533652" timestamp="2021-03-22T23:42:54Z" user="jnmiller" uid="2733735" lat="37.7991657" lon="-122.4515389"/>
 <node id="8551871127" visible="true" version="1" changeset="101533652" timestamp="2021-03-22T23:42:54Z" user="jnmiller" uid="2733735" lat="37.7991244" lon="-122.4515100"/>
 <node id="8551871128" visible="true" version="1" changeset="101533652" timestamp="2021-03-22T23:42:54Z" user="jnmiller" uid="2733735" lat="37.7990768" lon="-122.4514830"/>
 <node id="8551871129" visible="true" version="1" changeset="101533652" timestamp="2021-03-22T23:42:54Z" user="jnmiller" uid="2733735" lat="37.7990164" lon="-122.4514487"/>
 <node id="8551871130" visible="true" version="1" changeset="101533652" timestamp="2021-03-22T23:42:54Z" user="jnmiller" uid="2733735" lat="37.7988480" lon="-122.4513564"/>
 <node id="8551871131" visible="true" version="1" changeset="101533652" timestamp="2021-03-22T23:42:54Z" user="jnmiller" uid="2733735" lat="37.7987637" lon="-122.4513084"/>
 <node id="8551871132" visible="true" version="1" changeset="101533652" timestamp="2021-03-22T23:42:54Z" user="jnmiller" uid="2733735" lat="37.7987155" lon="-122.4512767"/>
 <node id="8551871133" visible="true" version="1" changeset="101533652" timestamp="2021-03-22T23:42:54Z" user="jnmiller" uid="2733735" lat="37.7986867" lon="-122.4512569"/>
 <node id="8551871134" visible="true" version="1" changeset="101533652" timestamp="2021-03-22T23:42:54Z" user="jnmiller" uid="2733735" lat="37.7986517" lon="-122.4512241"/>
 <node id="8551871135" visible="true" version="1" changeset="101533652" timestamp="2021-03-22T23:42:54Z" user="jnmiller" uid="2733735" lat="37.7986238" lon="-122.4511941"/>
 <node id="8551871136" visible="true" version="1" changeset="101533652" timestamp="2021-03-22T23:42:54Z" user="jnmiller" uid="2733735" lat="37.7985918" lon="-122.4511563"/>
 <node id="8551871137" visible="true" version="1" changeset="101533652" timestamp="2021-03-22T23:42:54Z" user="jnmiller" uid="2733735" lat="37.7985494" lon="-122.4510953"/>
 <node id="8551871138" visible="true" version="1" changeset="101533652" timestamp="2021-03-22T23:42:54Z" user="jnmiller" uid="2733735" lat="37.7985249" lon="-122.4510531"/>
 <node id="8551871139" visible="true" version="1" changeset="101533652" timestamp="2021-03-22T23:42:54Z" user="jnmiller" uid="2733735" lat="37.7985041" lon="-122.4510113"/>
 <node id="8551871140" visible="true" version="1" changeset="101533652" timestamp="2021-03-22T23:42:54Z" user="jnmiller" uid="2733735" lat="37.7984830" lon="-122.4509637"/>
 <node id="8551871141" visible="true" version="1" changeset="101533652" timestamp="2021-03-22T23:42:54Z" user="jnmiller" uid="2733735" lat="37.7984576" lon="-122.4509013"/>
 <node id="8551871142" visible="true" version="1" changeset="101533652" timestamp="2021-03-22T23:42:54Z" user="jnmiller" uid="2733735" lat="37.7984385" lon="-122.4508544"/>
 <node id="8551871143" visible="true" version="1" changeset="101533652" timestamp="2021-03-22T23:42:54Z" user="jnmiller" uid="2733735" lat="37.7983986" lon="-122.4507462"/>
 <node id="8551871144" visible="true" version="1" changeset="101533652" timestamp="2021-03-22T23:42:54Z" user="jnmiller" uid="2733735" lat="37.7983787" lon="-122.4506947"/>
 <node id="8551871145" visible="true" version="1" changeset="101533652" timestamp="2021-03-22T23:42:54Z" user="jnmiller" uid="2733735" lat="37.7983750" lon="-122.4506597"/>
 <node id="8551871146" visible="true" version="1" changeset="101533652" timestamp="2021-03-22T23:42:54Z" user="jnmiller" uid="2733735" lat="37.7983756" lon="-122.4506420"/>
 <node id="8551871147" visible="true" version="1" changeset="101533652" timestamp="2021-03-22T23:42:54Z" user="jnmiller" uid="2733735" lat="37.7983778" lon="-122.4506207"/>
 <node id="8551871148" visible="true" version="1" changeset="101533652" timestamp="2021-03-22T23:42:54Z" user="jnmiller" uid="2733735" lat="37.7983870" lon="-122.4505941"/>
 <node id="8551871149" visible="true" version="2" changeset="129955977" timestamp="2022-12-11T09:18:43Z" user="spughetti" uid="16155068" lat="37.7985146" lon="-122.4503768"/>
 <node id="8551871150" visible="true" version="2" changeset="129955977" timestamp="2022-12-11T09:18:43Z" user="spughetti" uid="16155068" lat="37.7986410" lon="-122.4502571"/>
 <node id="8807938697" visible="true" version="1" changeset="105901070" timestamp="2021-06-06T00:45:13Z" user="daniel_solow" uid="1954307" lat="37.7986226" lon="-122.4515549">
  <tag k="amenity" v="bicycle_parking"/>
  <tag k="bicycle_parking" v="stands"/>
  <tag k="capacity" v="4"/>
  <tag k="covered" v="no"/>
 </node>
 <node id="9380859209" visible="true" version="1" changeset="115592544" timestamp="2021-12-31T04:56:28Z" user="Mingwei" uid="14152086" lat="37.7995297" lon="-122.4528079"/>
 <node id="9380859210" visible="true" version="1" changeset="115592544" timestamp="2021-12-31T04:56:28Z" user="Mingwei" uid="14152086" lat="37.7994608" lon="-122.4527836"/>
 <node id="9380859211" visible="true" version="1" changeset="115592544" timestamp="2021-12-31T04:56:28Z" user="Mingwei" uid="14152086" lat="37.7994015" lon="-122.4527569"/>
 <node id="9443918124" visible="true" version="1" changeset="116527395" timestamp="2022-01-24T07:15:56Z" user="willkmis" uid="11523236" lat="37.7923436" lon="-122.4520624"/>
 <node id="9443918154" visible="true" version="1" changeset="116527395" timestamp="2022-01-24T07:15:56Z" user="willkmis" uid="11523236" lat="37.7974525" lon="-122.4540740"/>
 <node id="9451285110" visible="true" version="2" changeset="128085367" timestamp="2022-10-26T13:34:18Z" user="spughetti" uid="16155068" lat="37.7913815" lon="-122.4522913"/>
 <node id="9451285111" visible="true" version="1" changeset="116640347" timestamp="2022-01-26T21:38:16Z" user="willkmis" uid="11523236" lat="37.7916805" lon="-122.4518685"/>
 <node id="9451285112" visible="true" version="1" changeset="116640347" timestamp="2022-01-26T21:38:16Z" user="willkmis" uid="11523236" lat="37.7918119" lon="-122.4514930"/>
 <node id="9451285113" visible="true" version="1" changeset="116640347" timestamp="2022-01-26T21:38:16Z" user="willkmis" uid="11523236" lat="37.7920578" lon="-122.4508761"/>
 <node id="9451285114" visible="true" version="1" changeset="116640347" timestamp="2022-01-26T21:38:16Z" user="willkmis" uid="11523236" lat="37.7918373" lon="-122.4507473"/>
 <node id="9451285115" visible="true" version="1" changeset="116640347" timestamp="2022-01-26T21:38:16Z" user="willkmis" uid="11523236" lat="37.7914558" lon="-122.4506615"/>
 <node id="9451285116" visible="true" version="1" changeset="116640347" timestamp="2022-01-26T21:38:16Z" user="willkmis" uid="11523236" lat="37.7917186" lon="-122.4492453"/>
 <node id="9451285117" visible="true" version="1" changeset="116640347" timestamp="2022-01-26T21:38:16Z" user="willkmis" uid="11523236" lat="37.7918077" lon="-122.4488537"/>
 <node id="9451285118" visible="true" version="1" changeset="116640347" timestamp="2022-01-26T21:38:16Z" user="willkmis" uid="11523236" lat="37.7917716" lon="-122.4487249"/>
 <node id="9451285119" visible="true" version="1" changeset="116640347" timestamp="2022-01-26T21:38:16Z" user="willkmis" uid="11523236" lat="37.7921637" lon="-122.4465523"/>
 <node id="9451285120" visible="true" version="1" changeset="116640347" timestamp="2022-01-26T21:38:16Z" user="willkmis" uid="11523236" lat="37.7942240" lon="-122.4468393"/>
 <node id="9451285121" visible="true" version="1" changeset="116640347" timestamp="2022-01-26T21:38:16Z" user="willkmis" uid="11523236" lat="37.7942303" lon="-122.4471478"/>
 <node id="9451285122" visible="true" version="1" changeset="116640347" timestamp="2022-01-26T21:38:16Z" user="willkmis" uid="11523236" lat="37.7950379" lon="-122.4471907"/>
 <node id="9451285123" visible="true" version="1" changeset="116640347" timestamp="2022-01-26T21:38:16Z" user="willkmis" uid="11523236" lat="37.7953770" lon="-122.4475099"/>
 <node id="9451285124" visible="true" version="1" changeset="116640347" timestamp="2022-01-26T21:38:16Z" user="willkmis" uid="11523236" lat="37.7953494" lon="-122.4477352"/>
 <node id="9451285125" visible="true" version="1" changeset="116640347" timestamp="2022-01-26T21:38:16Z" user="willkmis" uid="11523236" lat="37.7949425" lon="-122.4479015"/>
 <node id="9451285126" visible="true" version="1" changeset="116640347" timestamp="2022-01-26T21:38:16Z" user="willkmis" uid="11523236" lat="37.7948916" lon="-122.4481482"/>
 <node id="9451285127" visible="true" version="1" changeset="116640347" timestamp="2022-01-26T21:38:16Z" user="willkmis" uid="11523236" lat="37.7954088" lon="-122.4493445"/>
 <node id="9451285128" visible="true" version="1" changeset="116640347" timestamp="2022-01-26T21:38:16Z" user="willkmis" uid="11523236" lat="37.7956546" lon="-122.4504013"/>
 <node id="9451285129" visible="true" version="1" changeset="116640347" timestamp="2022-01-26T21:38:16Z" user="willkmis" uid="11523236" lat="37.7957648" lon="-122.4509968"/>
 <node id="9451285130" visible="true" version="1" changeset="116640347" timestamp="2022-01-26T21:38:16Z" user="willkmis" uid="11523236" lat="37.7959259" lon="-122.4510987"/>
 <node id="9451285131" visible="true" version="1" changeset="116640347" timestamp="2022-01-26T21:38:16Z" user="willkmis" uid="11523236" lat="37.7961972" lon="-122.4510665"/>
 <node id="9451285132" visible="true" version="1" changeset="116640347" timestamp="2022-01-26T21:38:16Z" user="willkmis" uid="11523236" lat="37.7964007" lon="-122.4514795"/>
 <node id="9451285133" visible="true" version="1" changeset="116640347" timestamp="2022-01-26T21:38:16Z" user="willkmis" uid="11523236" lat="37.7964855" lon="-122.4517424"/>
 <node id="9451285134" visible="true" version="1" changeset="116640347" timestamp="2022-01-26T21:38:16Z" user="willkmis" uid="11523236" lat="37.7964685" lon="-122.4520750"/>
 <node id="9451285135" visible="true" version="1" changeset="116640347" timestamp="2022-01-26T21:38:16Z" user="willkmis" uid="11523236" lat="37.7968119" lon="-122.4521877"/>
 <node id="9451285136" visible="true" version="1" changeset="116640347" timestamp="2022-01-26T21:38:16Z" user="willkmis" uid="11523236" lat="37.7969390" lon="-122.4523218"/>
 <node id="9451285137" visible="true" version="1" changeset="116640347" timestamp="2022-01-26T21:38:16Z" user="willkmis" uid="11523236" lat="37.7973036" lon="-122.4524398"/>
 <node id="9451285138" visible="true" version="1" changeset="116640347" timestamp="2022-01-26T21:38:16Z" user="willkmis" uid="11523236" lat="37.7983378" lon="-122.4528850"/>
 <node id="9451285139" visible="true" version="1" changeset="116640347" timestamp="2022-01-26T21:38:16Z" user="willkmis" uid="11523236" lat="37.7984226" lon="-122.4530513"/>
 <node id="9451285140" visible="true" version="1" changeset="116640347" timestamp="2022-01-26T21:38:16Z" user="willkmis" uid="11523236" lat="37.7986558" lon="-122.4533276"/>
 <node id="9451285141" visible="true" version="1" changeset="116640347" timestamp="2022-01-26T21:38:16Z" user="willkmis" uid="11523236" lat="37.7986600" lon="-122.4534993"/>
 <node id="9451285142" visible="true" version="1" changeset="116640347" timestamp="2022-01-26T21:38:16Z" user="willkmis" uid="11523236" lat="37.7977783" lon="-122.4538855"/>
 <node id="9451285143" visible="true" version="1" changeset="116640347" timestamp="2022-01-26T21:38:16Z" user="willkmis" uid="11523236" lat="37.7976808" lon="-122.4536602"/>
 <node id="9451285144" visible="true" version="1" changeset="116640347" timestamp="2022-01-26T21:38:16Z" user="willkmis" uid="11523236" lat="37.7981641" lon="-122.4534054"/>
 <node id="9451285145" visible="true" version="1" changeset="116640347" timestamp="2022-01-26T21:38:16Z" user="willkmis" uid="11523236" lat="37.7978673" lon="-122.4532042"/>
 <node id="9451285146" visible="true" version="1" changeset="116640347" timestamp="2022-01-26T21:38:16Z" user="willkmis" uid="11523236" lat="37.7975558" lon="-122.4530862"/>
 <node id="9451285147" visible="true" version="1" changeset="116640347" timestamp="2022-01-26T21:38:16Z" user="willkmis" uid="11523236" lat="37.7971764" lon="-122.4529333"/>
 <node id="9451285148" visible="true" version="1" changeset="116640347" timestamp="2022-01-26T21:38:16Z" user="willkmis" uid="11523236" lat="37.7969899" lon="-122.4529950"/>
 <node id="9451285149" visible="true" version="1" changeset="116640347" timestamp="2022-01-26T21:38:16Z" user="willkmis" uid="11523236" lat="37.7970619" lon="-122.4533035"/>
 <node id="9451285150" visible="true" version="1" changeset="116640347" timestamp="2022-01-26T21:38:16Z" user="willkmis" uid="11523236" lat="37.7971806" lon="-122.4536843"/>
 <node id="9451285151" visible="true" version="1" changeset="116640347" timestamp="2022-01-26T21:38:16Z" user="willkmis" uid="11523236" lat="37.7972145" lon="-122.4538506"/>
 <node id="9451285152" visible="true" version="1" changeset="116640347" timestamp="2022-01-26T21:38:16Z" user="willkmis" uid="11523236" lat="37.7974159" lon="-122.4541001"/>
 <node id="9451285153" visible="true" version="1" changeset="116640347" timestamp="2022-01-26T21:38:16Z" user="willkmis" uid="11523236" lat="37.7970747" lon="-122.4545078"/>
 <node id="9451285154" visible="true" version="1" changeset="116640347" timestamp="2022-01-26T21:38:16Z" user="willkmis" uid="11523236" lat="37.7968161" lon="-122.4546875"/>
 <node id="9451285155" visible="true" version="1" changeset="116640347" timestamp="2022-01-26T21:38:16Z" user="willkmis" uid="11523236" lat="37.7965851" lon="-122.4543120"/>
 <node id="9451285156" visible="true" version="1" changeset="116640347" timestamp="2022-01-26T21:38:16Z" user="willkmis" uid="11523236" lat="37.7966020" lon="-122.4539686"/>
 <node id="9451285157" visible="true" version="1" changeset="116640347" timestamp="2022-01-26T21:38:16Z" user="willkmis" uid="11523236" lat="37.7961061" lon="-122.4538077"/>
 <node id="9451285158" visible="true" version="1" changeset="116640347" timestamp="2022-01-26T21:38:16Z" user="willkmis" uid="11523236" lat="37.7959789" lon="-122.4535663"/>
 <node id="9451285159" visible="true" version="1" changeset="116640347" timestamp="2022-01-26T21:38:16Z" user="willkmis" uid="11523236" lat="37.7965724" lon="-122.4532954"/>
 <node id="9451285160" visible="true" version="1" changeset="116640347" timestamp="2022-01-26T21:38:16Z" user="willkmis" uid="11523236" lat="37.7964982" lon="-122.4530755"/>
 <node id="9451285161" visible="true" version="1" changeset="116640347" timestamp="2022-01-26T21:38:16Z" user="willkmis" uid="11523236" lat="37.7958687" lon="-122.4531828"/>
 <node id="9451285162" visible="true" version="1" changeset="116640347" timestamp="2022-01-26T21:38:16Z" user="willkmis" uid="11523236" lat="37.7957500" lon="-122.4528743"/>
 <node id="9451285163" visible="true" version="1" changeset="116640347" timestamp="2022-01-26T21:38:16Z" user="willkmis" uid="11523236" lat="37.7961124" lon="-122.4527563"/>
 <node id="9451285164" visible="true" version="1" changeset="116640347" timestamp="2022-01-26T21:38:16Z" user="willkmis" uid="11523236" lat="37.7959810" lon="-122.4524586"/>
 <node id="9451285165" visible="true" version="1" changeset="116640347" timestamp="2022-01-26T21:38:16Z" user="willkmis" uid="11523236" lat="37.7956758" lon="-122.4524022"/>
 <node id="9451285166" visible="true" version="1" changeset="116640347" timestamp="2022-01-26T21:38:16Z" user="willkmis" uid="11523236" lat="37.7951078" lon="-122.4516458"/>
 <node id="9451285167" visible="true" version="1" changeset="116640347" timestamp="2022-01-26T21:38:16Z" user="willkmis" uid="11523236" lat="37.7950188" lon="-122.4513186"/>
 <node id="9451285168" visible="true" version="1" changeset="116640347" timestamp="2022-01-26T21:38:16Z" user="willkmis" uid="11523236" lat="37.7938022" lon="-122.4499507"/>
 <node id="9451285169" visible="true" version="1" changeset="116640347" timestamp="2022-01-26T21:38:16Z" user="willkmis" uid="11523236" lat="37.7935987" lon="-122.4499239"/>
 <node id="9451285170" visible="true" version="1" changeset="116640347" timestamp="2022-01-26T21:38:16Z" user="willkmis" uid="11523236" lat="37.7933528" lon="-122.4499882"/>
 <node id="9451285171" visible="true" version="1" changeset="116640347" timestamp="2022-01-26T21:38:16Z" user="willkmis" uid="11523236" lat="37.7932066" lon="-122.4501411"/>
 <node id="9451285172" visible="true" version="1" changeset="116640347" timestamp="2022-01-26T21:38:16Z" user="willkmis" uid="11523236" lat="37.7930518" lon="-122.4501921"/>
 <node id="9451285173" visible="true" version="1" changeset="116640347" timestamp="2022-01-26T21:38:16Z" user="willkmis" uid="11523236" lat="37.7930031" lon="-122.4502323"/>
 <node id="9451285174" visible="true" version="1" changeset="116640347" timestamp="2022-01-26T21:38:16Z" user="willkmis" uid="11523236" lat="37.7929649" lon="-122.4503208"/>
 <node id="9451285175" visible="true" version="1" changeset="116640347" timestamp="2022-01-26T21:38:16Z" user="willkmis" uid="11523236" lat="37.7929395" lon="-122.4504228"/>
 <node id="9451285176" visible="true" version="1" changeset="116640347" timestamp="2022-01-26T21:38:16Z" user="willkmis" uid="11523236" lat="37.7928166" lon="-122.4504845"/>
 <node id="9451285177" visible="true" version="1" changeset="116640347" timestamp="2022-01-26T21:38:16Z" user="willkmis" uid="11523236" lat="37.7928971" lon="-122.4508868"/>
 <node id="9451285178" visible="true" version="1" changeset="116640347" timestamp="2022-01-26T21:38:16Z" user="willkmis" uid="11523236" lat="37.7928653" lon="-122.4513964"/>
 <node id="9451285179" visible="true" version="1" changeset="116640347" timestamp="2022-01-26T21:38:16Z" user="willkmis" uid="11523236" lat="37.7928505" lon="-122.4519248"/>
 <node id="9451285180" visible="true" version="1" changeset="116640347" timestamp="2022-01-26T21:38:16Z" user="willkmis" uid="11523236" lat="37.7927085" lon="-122.4519302"/>
 <node id="9451285181" visible="true" version="1" changeset="116640347" timestamp="2022-01-26T21:38:16Z" user="willkmis" uid="11523236" lat="37.7927042" lon="-122.4520174"/>
 <node id="9451285182" visible="true" version="1" changeset="116640347" timestamp="2022-01-26T21:38:16Z" user="willkmis" uid="11523236" lat="37.7923431" lon="-122.4522172"/>
 <node id="9451285183" visible="true" version="1" changeset="116640347" timestamp="2022-01-26T21:38:16Z" user="willkmis" uid="11523236" lat="37.7921765" lon="-122.4522172"/>
 <node id="9451285184" visible="true" version="1" changeset="116640347" timestamp="2022-01-26T21:38:16Z" user="willkmis" uid="11523236" lat="37.7921065" lon="-122.4528582"/>
 <node id="9451285185" visible="true" version="1" changeset="116640347" timestamp="2022-01-26T21:38:16Z" user="willkmis" uid="11523236" lat="37.7920684" lon="-122.4529896"/>
 <node id="9451285186" visible="true" version="1" changeset="116640347" timestamp="2022-01-26T21:38:16Z" user="willkmis" uid="11523236" lat="37.7919242" lon="-122.4530781"/>
 <node id="9451285187" visible="true" version="1" changeset="116640347" timestamp="2022-01-26T21:38:16Z" user="willkmis" uid="11523236" lat="37.7918691" lon="-122.4534081"/>
 <node id="9451285188" visible="true" version="1" changeset="116640347" timestamp="2022-01-26T21:38:16Z" user="willkmis" uid="11523236" lat="37.7918946" lon="-122.4537567"/>
 <node id="9451285189" visible="true" version="1" changeset="116640347" timestamp="2022-01-26T21:38:16Z" user="willkmis" uid="11523236" lat="37.7918055" lon="-122.4541591"/>
 <node id="9451285190" visible="true" version="1" changeset="116640347" timestamp="2022-01-26T21:38:16Z" user="willkmis" uid="11523236" lat="37.7916699" lon="-122.4541644"/>
 <node id="9451285191" visible="true" version="1" changeset="116640347" timestamp="2022-01-26T21:38:16Z" user="willkmis" uid="11523236" lat="37.7914325" lon="-122.4538292"/>
 <node id="9451285192" visible="true" version="1" changeset="116640347" timestamp="2022-01-26T21:38:16Z" user="willkmis" uid="11523236" lat="37.7914785" lon="-122.4535940"/>
 <node id="9451285195" visible="true" version="1" changeset="116640347" timestamp="2022-01-26T21:38:16Z" user="willkmis" uid="11523236" lat="37.7920287" lon="-122.4509489"/>
 <node id="9451285197" visible="true" version="1" changeset="116640347" timestamp="2022-01-26T21:38:16Z" user="willkmis" uid="11523236" lat="37.7976088" lon="-122.4539727"/>
 <node id="9451285198" visible="true" version="1" changeset="116640347" timestamp="2022-01-26T21:38:16Z" user="willkmis" uid="11523236" lat="37.7975791" lon="-122.4539593"/>
 <node id="9451285199" visible="true" version="1" changeset="116640347" timestamp="2022-01-26T21:38:16Z" user="willkmis" uid="11523236" lat="37.7975643" lon="-122.4539110"/>
 <node id="9451285200" visible="true" version="1" changeset="116640347" timestamp="2022-01-26T21:38:16Z" user="willkmis" uid="11523236" lat="37.7975643" lon="-122.4538681"/>
 <node id="9451285201" visible="true" version="1" changeset="116640347" timestamp="2022-01-26T21:38:16Z" user="willkmis" uid="11523236" lat="37.7975876" lon="-122.4537822"/>
 <node id="9451285202" visible="true" version="1" changeset="116640347" timestamp="2022-01-26T21:38:16Z" user="willkmis" uid="11523236" lat="37.7976406" lon="-122.4536883"/>
 <node id="9451285203" visible="true" version="1" changeset="116640347" timestamp="2022-01-26T21:38:16Z" user="willkmis" uid="11523236" lat="37.7980917" lon="-122.4533564"/>
 <node id="9451285204" visible="true" version="1" changeset="116640347" timestamp="2022-01-26T21:38:16Z" user="willkmis" uid="11523236" lat="37.7976978" lon="-122.4535274"/>
 <node id="9451285205" visible="true" version="1" changeset="116640347" timestamp="2022-01-26T21:38:16Z" user="willkmis" uid="11523236" lat="37.7975113" lon="-122.4536803"/>
 <node id="9451285206" visible="true" version="1" changeset="116640347" timestamp="2022-01-26T21:38:16Z" user="willkmis" uid="11523236" lat="37.7974752" lon="-122.4538225"/>
 <node id="9451285207" visible="true" version="1" changeset="116640347" timestamp="2022-01-26T21:38:16Z" user="willkmis" uid="11523236" lat="37.7974901" lon="-122.4539727"/>
 <node id="9451285208" visible="true" version="1" changeset="116640347" timestamp="2022-01-26T21:38:16Z" user="willkmis" uid="11523236" lat="37.7975049" lon="-122.4540156"/>
 <node id="9451285209" visible="true" version="1" changeset="116640347" timestamp="2022-01-26T21:38:16Z" user="willkmis" uid="11523236" lat="37.7974646" lon="-122.4540531"/>
 <node id="9451285210" visible="true" version="1" changeset="116640347" timestamp="2022-01-26T21:38:16Z" user="willkmis" uid="11523236" lat="37.7971952" lon="-122.4537556"/>
 <node id="9451285211" visible="true" version="1" changeset="116640347" timestamp="2022-01-26T21:38:16Z" user="willkmis" uid="11523236" lat="37.7983230" lon="-122.4545735"/>
 <node id="9451285212" visible="true" version="1" changeset="116640347" timestamp="2022-01-26T21:38:16Z" user="willkmis" uid="11523236" lat="37.7981725" lon="-122.4550241"/>
 <node id="9451285213" visible="true" version="1" changeset="116640347" timestamp="2022-01-26T21:38:16Z" user="willkmis" uid="11523236" lat="37.7980475" lon="-122.4553594"/>
 <node id="9451285214" visible="true" version="1" changeset="116640347" timestamp="2022-01-26T21:38:16Z" user="willkmis" uid="11523236" lat="37.7979903" lon="-122.4556222"/>
 <node id="9451285215" visible="true" version="1" changeset="116640347" timestamp="2022-01-26T21:38:16Z" user="willkmis" uid="11523236" lat="37.7980030" lon="-122.4558341"/>
 <node id="9451285216" visible="true" version="1" changeset="116640347" timestamp="2022-01-26T21:38:16Z" user="willkmis" uid="11523236" lat="37.7976469" lon="-122.4561453"/>
 <node id="9451285217" visible="true" version="1" changeset="116640347" timestamp="2022-01-26T21:38:16Z" user="willkmis" uid="11523236" lat="37.7976236" lon="-122.4563920"/>
 <node id="9451285218" visible="true" version="1" changeset="116640347" timestamp="2022-01-26T21:38:16Z" user="willkmis" uid="11523236" lat="37.7975155" lon="-122.4565422"/>
 <node id="9451285219" visible="true" version="1" changeset="116640347" timestamp="2022-01-26T21:38:16Z" user="willkmis" uid="11523236" lat="37.7976512" lon="-122.4568775"/>
 <node id="9451285220" visible="true" version="1" changeset="116640347" timestamp="2022-01-26T21:38:16Z" user="willkmis" uid="11523236" lat="37.7971149" lon="-122.4572637"/>
 <node id="9451285221" visible="true" version="1" changeset="116640347" timestamp="2022-01-26T21:38:16Z" user="willkmis" uid="11523236" lat="37.7970302" lon="-122.4573871"/>
 <node id="9451285222" visible="true" version="1" changeset="116640347" timestamp="2022-01-26T21:38:16Z" user="willkmis" uid="11523236" lat="37.7967949" lon="-122.4566951"/>
 <node id="9853038132" visible="true" version="2" changeset="129957819" timestamp="2022-12-11T10:31:08Z" user="spughetti" uid="16155068" lat="37.8013079" lon="-122.4500290"/>
 <node id="9853038133" visible="true" version="3" changeset="129957819" timestamp="2022-12-11T10:31:08Z" user="spughetti" uid="16155068" lat="37.8004589" lon="-122.4478335"/>
 <node id="9853038134" visible="true" version="3" changeset="129957819" timestamp="2022-12-11T10:31:08Z" user="spughetti" uid="16155068" lat="37.7985372" lon="-122.4475286"/>
 <node id="9853038135" visible="true" version="3" changeset="166273443" timestamp="2025-05-14T19:23:19Z" user="TheNightRider" uid="1968961" lat="37.7979357" lon="-122.4494970"/>
 <node id="9853038136" visible="true" version="2" changeset="166273443" timestamp="2025-05-14T19:23:19Z" user="TheNightRider" uid="1968961" lat="37.7986297" lon="-122.4511870"/>
 <node id="9853038137" visible="true" version="2" changeset="129957819" timestamp="2022-12-11T10:31:08Z" user="spughetti" uid="16155068" lat="37.7990235" lon="-122.4514354"/>
 <node id="9936120648" visible="true" version="8" changeset="170132698" timestamp="2025-08-08T02:03:18Z" user="ZeLonewolf" uid="219297" lat="37.7996708" lon="-122.4525940">
  <tag k="amenity" v="bicycle_rental"/>
  <tag k="bicycle_rental" v="docking_station"/>
  <tag k="brand" v="Bay Wheels"/>
  <tag k="brand:wikidata" v="Q16971391"/>
  <tag k="capacity" v="23"/>
  <tag k="check_date" v="2024-04-20"/>
  <tag k="fee" v="yes"/>
  <tag k="name" v="Bay Wheels"/>
  <tag k="network" v="Bay Wheels"/>
  <tag k="network:wikidata" v="Q16971391"/>
  <tag k="network:wikipedia" v="en:Bay Wheels"/>
  <tag k="operator" v="Lyft"/>
  <tag k="operator:type" v="private"/>
  <tag k="operator:website" v="https://motivateco.com/"/>
  <tag k="operator:wikidata" v="Q17077936"/>
  <tag k="operator:wikipedia" v="en:Motivate (company)"/>
 </node>
 <node id="10252769579" visible="true" version="2" changeset="129957658" timestamp="2022-12-11T10:25:21Z" user="spughetti" uid="16155068" lat="37.8002652" lon="-122.4487763"/>
 <node id="10252769583" visible="true" version="2" changeset="129957658" timestamp="2022-12-11T10:25:21Z" user="spughetti" uid="16155068" lat="37.8002941" lon="-122.4488012"/>
 <node id="10252769589" visible="true" version="1" changeset="129955449" timestamp="2022-12-11T08:51:26Z" user="spughetti" uid="16155068" lat="37.8002292" lon="-122.4488444"/>
 <node id="10252769590" visible="true" version="1" changeset="129955449" timestamp="2022-12-11T08:51:26Z" user="spughetti" uid="16155068" lat="37.8002158" lon="-122.4488772"/>
 <node id="10252769591" visible="true" version="1" changeset="129955449" timestamp="2022-12-11T08:51:26Z" user="spughetti" uid="16155068" lat="37.8001999" lon="-122.4489345"/>
 <node id="10252769592" visible="true" version="1" changeset="129955449" timestamp="2022-12-11T08:51:26Z" user="spughetti" uid="16155068" lat="37.8002149" lon="-122.4489797"/>
 <node id="10252769593" visible="true" version="1" changeset="129955449" timestamp="2022-12-11T08:51:26Z" user="spughetti" uid="16155068" lat="37.8002406" lon="-122.4490337"/>
 <node id="10252769594" visible="true" version="1" changeset="129955449" timestamp="2022-12-11T08:51:26Z" user="spughetti" uid="16155068" lat="37.8002360" lon="-122.4491010"/>
 <node id="10252769595" visible="true" version="1" changeset="129955449" timestamp="2022-12-11T08:51:26Z" user="spughetti" uid="16155068" lat="37.8002021" lon="-122.4491514"/>
 <node id="10252769596" visible="true" version="1" changeset="129955449" timestamp="2022-12-11T08:51:26Z" user="spughetti" uid="16155068" lat="37.8001560" lon="-122.4491645"/>
 <node id="10252769597" visible="true" version="1" changeset="129955449" timestamp="2022-12-11T08:51:26Z" user="spughetti" uid="16155068" lat="37.8001420" lon="-122.4491714"/>
 <node id="10252769598" visible="true" version="1" changeset="129955449" timestamp="2022-12-11T08:51:26Z" user="spughetti" uid="16155068" lat="37.8001178" lon="-122.4492115"/>
 <node id="10252769599" visible="true" version="1" changeset="129955449" timestamp="2022-12-11T08:51:26Z" user="spughetti" uid="16155068" lat="37.8001119" lon="-122.4492264"/>
 <node id="10252769600" visible="true" version="1" changeset="129955449" timestamp="2022-12-11T08:51:26Z" user="spughetti" uid="16155068" lat="37.8000468" lon="-122.4493208"/>
 <node id="10252769601" visible="true" version="1" changeset="129955449" timestamp="2022-12-11T08:51:26Z" user="spughetti" uid="16155068" lat="37.7999367" lon="-122.4493582"/>
 <node id="10252769602" visible="true" version="1" changeset="129955449" timestamp="2022-12-11T08:51:26Z" user="spughetti" uid="16155068" lat="37.7998594" lon="-122.4493016"/>
 <node id="10252769603" visible="true" version="1" changeset="129955449" timestamp="2022-12-11T08:51:26Z" user="spughetti" uid="16155068" lat="37.7998330" lon="-122.4492630"/>
 <node id="10252769604" visible="true" version="1" changeset="129955449" timestamp="2022-12-11T08:51:26Z" user="spughetti" uid="16155068" lat="37.7997636" lon="-122.4492406"/>
 <node id="10252769605" visible="true" version="1" changeset="129955449" timestamp="2022-12-11T08:51:26Z" user="spughetti" uid="16155068" lat="37.7996986" lon="-122.4492731"/>
 <node id="10252769606" visible="true" version="1" changeset="129955449" timestamp="2022-12-11T08:51:26Z" user="spughetti" uid="16155068" lat="37.7996452" lon="-122.4493581"/>
 <node id="10252769607" visible="true" version="1" changeset="129955449" timestamp="2022-12-11T08:51:26Z" user="spughetti" uid="16155068" lat="37.7996056" lon="-122.4495440"/>
 <node id="10252769608" visible="true" version="1" changeset="129955449" timestamp="2022-12-11T08:51:26Z" user="spughetti" uid="16155068" lat="37.7995622" lon="-122.4495778"/>
 <node id="10252826827" visible="true" version="1" changeset="129955846" timestamp="2022-12-11T09:12:55Z" user="spughetti" uid="16155068" lat="37.8001404" lon="-122.4494321"/>
 <node id="10252826828" visible="true" version="1" changeset="129955846" timestamp="2022-12-11T09:12:55Z" user="spughetti" uid="16155068" lat="37.8002142" lon="-122.4493824"/>
 <node id="10252826829" visible="true" version="1" changeset="129955846" timestamp="2022-12-11T09:12:55Z" user="spughetti" uid="16155068" lat="37.8000619" lon="-122.4494626"/>
 <node id="10252826830" visible="true" version="1" changeset="129955846" timestamp="2022-12-11T09:12:55Z" user="spughetti" uid="16155068" lat="37.7999869" lon="-122.4494686"/>
 <node id="10252826831" visible="true" version="1" changeset="129955846" timestamp="2022-12-11T09:12:55Z" user="spughetti" uid="16155068" lat="37.7998975" lon="-122.4494527"/>
 <node id="10252826832" visible="true" version="1" changeset="129955846" timestamp="2022-12-11T09:12:55Z" user="spughetti" uid="16155068" lat="37.7997921" lon="-122.4493991"/>
 <node id="10252826836" visible="true" version="1" changeset="129955846" timestamp="2022-12-11T09:12:55Z" user="spughetti" uid="16155068" lat="37.8003789" lon="-122.4491435"/>
 <node id="10252826837" visible="true" version="1" changeset="129955846" timestamp="2022-12-11T09:12:55Z" user="spughetti" uid="16155068" lat="37.8003232" lon="-122.4492674"/>
 <node id="10252826879" visible="true" version="1" changeset="129955846" timestamp="2022-12-11T09:12:55Z" user="spughetti" uid="16155068" lat="37.7997883" lon="-122.4479259"/>
 <node id="10252826880" visible="true" version="1" changeset="129955846" timestamp="2022-12-11T09:12:55Z" user="spughetti" uid="16155068" lat="37.7999585" lon="-122.4478946"/>
 <node id="10252826881" visible="true" version="1" changeset="129955846" timestamp="2022-12-11T09:12:55Z" user="spughetti" uid="16155068" lat="37.7998995" lon="-122.4478962"/>
 <node id="10252826882" visible="true" version="1" changeset="129955846" timestamp="2022-12-11T09:12:55Z" user="spughetti" uid="16155068" lat="37.7995121" lon="-122.4493801"/>
 <node id="10252826883" visible="true" version="1" changeset="129955846" timestamp="2022-12-11T09:12:55Z" user="spughetti" uid="16155068" lat="37.7995306" lon="-122.4493387"/>
 <node id="10252826884" visible="true" version="1" changeset="129955846" timestamp="2022-12-11T09:12:55Z" user="spughetti" uid="16155068" lat="37.7994897" lon="-122.4494154"/>
 <node id="10252826885" visible="true" version="1" changeset="129955846" timestamp="2022-12-11T09:12:55Z" user="spughetti" uid="16155068" lat="37.7995533" lon="-122.4491748"/>
 <node id="10252826886" visible="true" version="1" changeset="129955846" timestamp="2022-12-11T09:12:55Z" user="spughetti" uid="16155068" lat="37.7995499" lon="-122.4492368"/>
 <node id="10252826887" visible="true" version="1" changeset="129955846" timestamp="2022-12-11T09:12:55Z" user="spughetti" uid="16155068" lat="37.7995544" lon="-122.4490673"/>
 <node id="10252826888" visible="true" version="1" changeset="129955846" timestamp="2022-12-11T09:12:55Z" user="spughetti" uid="16155068" lat="37.7995615" lon="-122.4490267"/>
 <node id="10252826889" visible="true" version="1" changeset="129955846" timestamp="2022-12-11T09:12:55Z" user="spughetti" uid="16155068" lat="37.7995360" lon="-122.4488881"/>
 <node id="10252826890" visible="true" version="1" changeset="129955846" timestamp="2022-12-11T09:12:55Z" user="spughetti" uid="16155068" lat="37.7995996" lon="-122.4490669"/>
 <node id="10252826891" visible="true" version="1" changeset="129955846" timestamp="2022-12-11T09:12:55Z" user="spughetti" uid="16155068" lat="37.7996242" lon="-122.4491604"/>
 <node id="10252826892" visible="true" version="1" changeset="129955846" timestamp="2022-12-11T09:12:55Z" user="spughetti" uid="16155068" lat="37.7996373" lon="-122.4492007"/>
 <node id="10252826893" visible="true" version="1" changeset="129955846" timestamp="2022-12-11T09:12:55Z" user="spughetti" uid="16155068" lat="37.7996118" lon="-122.4491187"/>
 <node id="10252826894" visible="true" version="1" changeset="129955846" timestamp="2022-12-11T09:12:55Z" user="spughetti" uid="16155068" lat="37.7997687" lon="-122.4493840"/>
 <node id="10252826895" visible="true" version="1" changeset="129955846" timestamp="2022-12-11T09:12:55Z" user="spughetti" uid="16155068" lat="37.7998162" lon="-122.4494134"/>
 <node id="10252826896" visible="true" version="1" changeset="129955846" timestamp="2022-12-11T09:12:55Z" user="spughetti" uid="16155068" lat="37.7998691" lon="-122.4494423"/>
 <node id="10252826897" visible="true" version="1" changeset="129955846" timestamp="2022-12-11T09:12:55Z" user="spughetti" uid="16155068" lat="37.7999263" lon="-122.4494612"/>
 <node id="10252826898" visible="true" version="1" changeset="129955846" timestamp="2022-12-11T09:12:55Z" user="spughetti" uid="16155068" lat="37.8000407" lon="-122.4494658"/>
 <node id="10252826899" visible="true" version="1" changeset="129955846" timestamp="2022-12-11T09:12:55Z" user="spughetti" uid="16155068" lat="37.8000818" lon="-122.4494575"/>
 <node id="10252826900" visible="true" version="1" changeset="129955846" timestamp="2022-12-11T09:12:55Z" user="spughetti" uid="16155068" lat="37.8001208" lon="-122.4494425"/>
 <node id="10252826901" visible="true" version="1" changeset="129955846" timestamp="2022-12-11T09:12:55Z" user="spughetti" uid="16155068" lat="37.8001597" lon="-122.4494214"/>
 <node id="10252826902" visible="true" version="1" changeset="129955846" timestamp="2022-12-11T09:12:55Z" user="spughetti" uid="16155068" lat="37.8001969" lon="-122.4493961"/>
 <node id="10252826903" visible="true" version="1" changeset="129955846" timestamp="2022-12-11T09:12:55Z" user="spughetti" uid="16155068" lat="37.7997219" lon="-122.4493393"/>
 <node id="10252826904" visible="true" version="1" changeset="129955846" timestamp="2022-12-11T09:12:55Z" user="spughetti" uid="16155068" lat="37.7994840" lon="-122.4485251"/>
 <node id="10252826905" visible="true" version="1" changeset="129955846" timestamp="2022-12-11T09:12:55Z" user="spughetti" uid="16155068" lat="37.7994873" lon="-122.4485962"/>
 <node id="10252826906" visible="true" version="1" changeset="129955846" timestamp="2022-12-11T09:12:55Z" user="spughetti" uid="16155068" lat="37.7993349" lon="-122.4482075"/>
 <node id="10252826907" visible="true" version="1" changeset="129955846" timestamp="2022-12-11T09:12:55Z" user="spughetti" uid="16155068" lat="37.7993636" lon="-122.4478827"/>
 <node id="10252835909" visible="true" version="1" changeset="129955449" timestamp="2022-12-11T08:51:26Z" user="spughetti" uid="16155068" lat="37.7996364" lon="-122.4494941"/>
 <node id="10252835910" visible="true" version="1" changeset="129955449" timestamp="2022-12-11T08:51:26Z" user="spughetti" uid="16155068" lat="37.7996299" lon="-122.4495090"/>
 <node id="10252835911" visible="true" version="1" changeset="129955449" timestamp="2022-12-11T08:51:26Z" user="spughetti" uid="16155068" lat="37.7996183" lon="-122.4495287"/>
 <node id="10252835912" visible="true" version="1" changeset="129955449" timestamp="2022-12-11T08:51:26Z" user="spughetti" uid="16155068" lat="37.7996400" lon="-122.4494745"/>
 <node id="10252835913" visible="true" version="1" changeset="129955449" timestamp="2022-12-11T08:51:26Z" user="spughetti" uid="16155068" lat="37.7996394" lon="-122.4494540"/>
 <node id="10252835914" visible="true" version="1" changeset="129955449" timestamp="2022-12-11T08:51:26Z" user="spughetti" uid="16155068" lat="37.7996358" lon="-122.4494343"/>
 <node id="10252835915" visible="true" version="1" changeset="129955449" timestamp="2022-12-11T08:51:26Z" user="spughetti" uid="16155068" lat="37.7996383" lon="-122.4493901"/>
 <node id="10252835916" visible="true" version="1" changeset="129955449" timestamp="2022-12-11T08:51:26Z" user="spughetti" uid="16155068" lat="37.7996563" lon="-122.4493133"/>
 <node id="10252835917" visible="true" version="1" changeset="129955449" timestamp="2022-12-11T08:51:26Z" user="spughetti" uid="16155068" lat="37.7996512" lon="-122.4493270"/>
 <node id="10252835918" visible="true" version="1" changeset="129955449" timestamp="2022-12-11T08:51:26Z" user="spughetti" uid="16155068" lat="37.7996720" lon="-122.4492939"/>
 <node id="10252835919" visible="true" version="1" changeset="129955449" timestamp="2022-12-11T08:51:26Z" user="spughetti" uid="16155068" lat="37.7996360" lon="-122.4494122"/>
 <node id="10252835920" visible="true" version="1" changeset="129955449" timestamp="2022-12-11T08:51:26Z" user="spughetti" uid="16155068" lat="37.7997169" lon="-122.4492617"/>
 <node id="10252835921" visible="true" version="1" changeset="129955449" timestamp="2022-12-11T08:51:26Z" user="spughetti" uid="16155068" lat="37.7998068" lon="-122.4492395"/>
 <node id="10252835922" visible="true" version="1" changeset="129955449" timestamp="2022-12-11T08:51:26Z" user="spughetti" uid="16155068" lat="37.7997834" lon="-122.4492352"/>
 <node id="10252835923" visible="true" version="1" changeset="129955449" timestamp="2022-12-11T08:51:26Z" user="spughetti" uid="16155068" lat="37.7998182" lon="-122.4492467"/>
 <node id="10252835924" visible="true" version="1" changeset="129955449" timestamp="2022-12-11T08:51:26Z" user="spughetti" uid="16155068" lat="37.7997732" lon="-122.4492371"/>
 <node id="10252835925" visible="true" version="1" changeset="129955449" timestamp="2022-12-11T08:51:26Z" user="spughetti" uid="16155068" lat="37.7997940" lon="-122.4492352"/>
 <node id="10252835926" visible="true" version="1" changeset="129955449" timestamp="2022-12-11T08:51:26Z" user="spughetti" uid="16155068" lat="37.7998253" lon="-122.4492539"/>
 <node id="10252835927" visible="true" version="1" changeset="129955449" timestamp="2022-12-11T08:51:26Z" user="spughetti" uid="16155068" lat="37.7998003" lon="-122.4492369"/>
 <node id="10252835928" visible="true" version="1" changeset="129955449" timestamp="2022-12-11T08:51:26Z" user="spughetti" uid="16155068" lat="37.7997889" lon="-122.4492346"/>
 <node id="10252835929" visible="true" version="1" changeset="129955449" timestamp="2022-12-11T08:51:26Z" user="spughetti" uid="16155068" lat="37.7998122" lon="-122.4492429"/>
 <node id="10252835930" visible="true" version="1" changeset="129955449" timestamp="2022-12-11T08:51:26Z" user="spughetti" uid="16155068" lat="37.7998787" lon="-122.4493196"/>
 <node id="10252835931" visible="true" version="1" changeset="129955449" timestamp="2022-12-11T08:51:26Z" user="spughetti" uid="16155068" lat="37.7998687" lon="-122.4493119"/>
 <node id="10252835932" visible="true" version="1" changeset="129955449" timestamp="2022-12-11T08:51:26Z" user="spughetti" uid="16155068" lat="37.7999821" lon="-122.4493595"/>
 <node id="10252835933" visible="true" version="1" changeset="129955449" timestamp="2022-12-11T08:51:26Z" user="spughetti" uid="16155068" lat="37.7999594" lon="-122.4493644"/>
 <node id="10252835934" visible="true" version="1" changeset="129955449" timestamp="2022-12-11T08:51:26Z" user="spughetti" uid="16155068" lat="37.7999480" lon="-122.4493628"/>
 <node id="10252835935" visible="true" version="1" changeset="129955449" timestamp="2022-12-11T08:51:26Z" user="spughetti" uid="16155068" lat="37.7999709" lon="-122.4493630"/>
 <node id="10252835936" visible="true" version="1" changeset="129955449" timestamp="2022-12-11T08:51:26Z" user="spughetti" uid="16155068" lat="37.8000585" lon="-122.4493069"/>
 <node id="10252835937" visible="true" version="1" changeset="129955449" timestamp="2022-12-11T08:51:26Z" user="spughetti" uid="16155068" lat="37.8000534" lon="-122.4493147"/>
 <node id="10252835938" visible="true" version="1" changeset="129955449" timestamp="2022-12-11T08:51:26Z" user="spughetti" uid="16155068" lat="37.8001267" lon="-122.4491848"/>
 <node id="10252835939" visible="true" version="1" changeset="129955449" timestamp="2022-12-11T08:51:26Z" user="spughetti" uid="16155068" lat="37.8001335" lon="-122.4491768"/>
 <node id="10252835940" visible="true" version="1" changeset="129955449" timestamp="2022-12-11T08:51:26Z" user="spughetti" uid="16155068" lat="37.8001211" lon="-122.4491970"/>
 <node id="10252835941" visible="true" version="1" changeset="129955449" timestamp="2022-12-11T08:51:26Z" user="spughetti" uid="16155068" lat="37.8002089" lon="-122.4491479"/>
 <node id="10252835942" visible="true" version="1" changeset="129955449" timestamp="2022-12-11T08:51:26Z" user="spughetti" uid="16155068" lat="37.8002419" lon="-122.4490670"/>
 <node id="10252835943" visible="true" version="1" changeset="129955449" timestamp="2022-12-11T08:51:26Z" user="spughetti" uid="16155068" lat="37.8002257" lon="-122.4491288"/>
 <node id="10252835944" visible="true" version="1" changeset="129955449" timestamp="2022-12-11T08:51:26Z" user="spughetti" uid="16155068" lat="37.8002178" lon="-122.4491400"/>
 <node id="10252835945" visible="true" version="1" changeset="129955449" timestamp="2022-12-11T08:51:26Z" user="spughetti" uid="16155068" lat="37.8002316" lon="-122.4491156"/>
 <node id="10252835946" visible="true" version="1" changeset="129955449" timestamp="2022-12-11T08:51:26Z" user="spughetti" uid="16155068" lat="37.8002393" lon="-122.4490840"/>
 <node id="10252835947" visible="true" version="1" changeset="129955449" timestamp="2022-12-11T08:51:26Z" user="spughetti" uid="16155068" lat="37.8002427" lon="-122.4490496"/>
 <node id="10252835948" visible="true" version="1" changeset="129955449" timestamp="2022-12-11T08:51:26Z" user="spughetti" uid="16155068" lat="37.8002356" lon="-122.4490196"/>
 <node id="10252835949" visible="true" version="1" changeset="129955449" timestamp="2022-12-11T08:51:26Z" user="spughetti" uid="16155068" lat="37.8002018" lon="-122.4489475"/>
 <node id="10252835950" visible="true" version="1" changeset="129955449" timestamp="2022-12-11T08:51:26Z" user="spughetti" uid="16155068" lat="37.8002015" lon="-122.4489223"/>
 <node id="10252835951" visible="true" version="1" changeset="129955449" timestamp="2022-12-11T08:51:26Z" user="spughetti" uid="16155068" lat="37.7996867" lon="-122.4493211"/>
 <node id="10252835952" visible="true" version="1" changeset="129955449" timestamp="2022-12-11T08:51:26Z" user="spughetti" uid="16155068" lat="37.7997105" lon="-122.4492974"/>
 <node id="10252835953" visible="true" version="1" changeset="129955449" timestamp="2022-12-11T08:51:26Z" user="spughetti" uid="16155068" lat="37.7996658" lon="-122.4492253"/>
 <node id="10252835954" visible="true" version="1" changeset="129955449" timestamp="2022-12-11T08:51:26Z" user="spughetti" uid="16155068" lat="37.7996419" lon="-122.4492490"/>
 <node id="10252855709" visible="true" version="1" changeset="129955846" timestamp="2022-12-11T09:12:55Z" user="spughetti" uid="16155068" lat="37.7995296" lon="-122.4482201"/>
 <node id="10252855710" visible="true" version="1" changeset="129955846" timestamp="2022-12-11T09:12:55Z" user="spughetti" uid="16155068" lat="37.7996049" lon="-122.4480752"/>
 <node id="10252855711" visible="true" version="1" changeset="129955846" timestamp="2022-12-11T09:12:55Z" user="spughetti" uid="16155068" lat="37.7996325" lon="-122.4480387"/>
 <node id="10252855712" visible="true" version="1" changeset="129955846" timestamp="2022-12-11T09:12:55Z" user="spughetti" uid="16155068" lat="37.7995801" lon="-122.4481139"/>
 <node id="10252855713" visible="true" version="1" changeset="129955846" timestamp="2022-12-11T09:12:55Z" user="spughetti" uid="16155068" lat="37.7995422" lon="-122.4481863"/>
 <node id="10252855714" visible="true" version="1" changeset="129955846" timestamp="2022-12-11T09:12:55Z" user="spughetti" uid="16155068" lat="37.7995188" lon="-122.4482544"/>
 <node id="10252855715" visible="true" version="1" changeset="129955846" timestamp="2022-12-11T09:12:55Z" user="spughetti" uid="16155068" lat="37.7993551" lon="-122.4477808"/>
 <node id="10252855716" visible="true" version="1" changeset="129955846" timestamp="2022-12-11T09:12:55Z" user="spughetti" uid="16155068" lat="37.7993575" lon="-122.4477197"/>
 <node id="10252855769" visible="true" version="1" changeset="129955846" timestamp="2022-12-11T09:12:55Z" user="spughetti" uid="16155068" lat="37.7997194" lon="-122.4503365"/>
 <node id="10252855770" visible="true" version="2" changeset="166678394" timestamp="2025-05-24T00:35:53Z" user="mapadu" uid="9755853" lat="37.7996958" lon="-122.4502722"/>
 <node id="10252861382" visible="true" version="1" changeset="129955977" timestamp="2022-12-11T09:18:43Z" user="spughetti" uid="16155068" lat="37.7992886" lon="-122.4486778"/>
 <node id="10252861385" visible="true" version="1" changeset="129955977" timestamp="2022-12-11T09:18:43Z" user="spughetti" uid="16155068" lat="37.7993576" lon="-122.4496935"/>
 <node id="10252861386" visible="true" version="1" changeset="129955977" timestamp="2022-12-11T09:18:43Z" user="spughetti" uid="16155068" lat="37.7992048" lon="-122.4498642"/>
 <node id="10252861387" visible="true" version="1" changeset="129955977" timestamp="2022-12-11T09:18:43Z" user="spughetti" uid="16155068" lat="37.7989238" lon="-122.4499246"/>
 <node id="10252861388" visible="true" version="1" changeset="129955977" timestamp="2022-12-11T09:18:43Z" user="spughetti" uid="16155068" lat="37.7987995" lon="-122.4499620"/>
 <node id="10252861389" visible="true" version="1" changeset="129955977" timestamp="2022-12-11T09:18:43Z" user="spughetti" uid="16155068" lat="37.7986143" lon="-122.4503026"/>
 <node id="10252861390" visible="true" version="1" changeset="129955977" timestamp="2022-12-11T09:18:43Z" user="spughetti" uid="16155068" lat="37.7986290" lon="-122.4502812"/>
 <node id="10252861391" visible="true" version="1" changeset="129955977" timestamp="2022-12-11T09:18:43Z" user="spughetti" uid="16155068" lat="37.7986545" lon="-122.4501164"/>
 <node id="10252861392" visible="true" version="1" changeset="129955977" timestamp="2022-12-11T09:18:43Z" user="spughetti" uid="16155068" lat="37.7984231" lon="-122.4492960"/>
 <node id="10252861393" visible="true" version="1" changeset="129955977" timestamp="2022-12-11T09:18:43Z" user="spughetti" uid="16155068" lat="37.7984062" lon="-122.4491145"/>
 <node id="10252861394" visible="true" version="1" changeset="129955977" timestamp="2022-12-11T09:18:43Z" user="spughetti" uid="16155068" lat="37.7984083" lon="-122.4489146"/>
 <node id="10252947657" visible="true" version="1" changeset="129957658" timestamp="2022-12-11T10:25:21Z" user="spughetti" uid="16155068" lat="37.7996606" lon="-122.4492163"/>
 <node id="10252947658" visible="true" version="1" changeset="129957658" timestamp="2022-12-11T10:25:21Z" user="spughetti" uid="16155068" lat="37.7996877" lon="-122.4492106"/>
 <node id="10252947659" visible="true" version="1" changeset="129957658" timestamp="2022-12-11T10:25:21Z" user="spughetti" uid="16155068" lat="37.7997507" lon="-122.4492055"/>
 <node id="10252947660" visible="true" version="1" changeset="129957658" timestamp="2022-12-11T10:25:21Z" user="spughetti" uid="16155068" lat="37.7998331" lon="-122.4492383"/>
 <node id="10252947661" visible="true" version="1" changeset="129957658" timestamp="2022-12-11T10:25:21Z" user="spughetti" uid="16155068" lat="37.7999124" lon="-122.4493225"/>
 <node id="10252947662" visible="true" version="1" changeset="129957658" timestamp="2022-12-11T10:25:21Z" user="spughetti" uid="16155068" lat="37.8000141" lon="-122.4492817"/>
 <node id="10252947663" visible="true" version="1" changeset="129957658" timestamp="2022-12-11T10:25:21Z" user="spughetti" uid="16155068" lat="37.8001256" lon="-122.4491302"/>
 <node id="10252947664" visible="true" version="1" changeset="129957658" timestamp="2022-12-11T10:25:21Z" user="spughetti" uid="16155068" lat="37.8002027" lon="-122.4489905"/>
 <node id="10252947665" visible="true" version="1" changeset="129957658" timestamp="2022-12-11T10:25:21Z" user="spughetti" uid="16155068" lat="37.8002268" lon="-122.4487440"/>
 <node id="10252947666" visible="true" version="1" changeset="129957658" timestamp="2022-12-11T10:25:21Z" user="spughetti" uid="16155068" lat="37.8001566" lon="-122.4486065"/>
 <node id="10252947667" visible="true" version="1" changeset="129957658" timestamp="2022-12-11T10:25:21Z" user="spughetti" uid="16155068" lat="37.8001511" lon="-122.4485367"/>
 <node id="10252947668" visible="true" version="1" changeset="129957658" timestamp="2022-12-11T10:25:21Z" user="spughetti" uid="16155068" lat="37.8000389" lon="-122.4483330"/>
 <node id="10252947669" visible="true" version="2" changeset="129959790" timestamp="2022-12-11T11:42:58Z" user="spughetti" uid="16155068" lat="37.7999831" lon="-122.4482896"/>
 <node id="10252947670" visible="true" version="1" changeset="129957658" timestamp="2022-12-11T10:25:21Z" user="spughetti" uid="16155068" lat="37.7999415" lon="-122.4483386"/>
 <node id="10252947671" visible="true" version="1" changeset="129957658" timestamp="2022-12-11T10:25:21Z" user="spughetti" uid="16155068" lat="37.7999097" lon="-122.4486203"/>
 <node id="10252947672" visible="true" version="1" changeset="129957658" timestamp="2022-12-11T10:25:21Z" user="spughetti" uid="16155068" lat="37.7996479" lon="-122.4488683"/>
 <node id="10252947673" visible="true" version="1" changeset="129957658" timestamp="2022-12-11T10:25:21Z" user="spughetti" uid="16155068" lat="37.7996158" lon="-122.4489987"/>
 <node id="10252947674" visible="true" version="1" changeset="129957658" timestamp="2022-12-11T10:25:21Z" user="spughetti" uid="16155068" lat="37.7996304" lon="-122.4491270"/>
 <node id="10252947675" visible="true" version="1" changeset="129957658" timestamp="2022-12-11T10:25:21Z" user="spughetti" uid="16155068" lat="37.7996459" lon="-122.4491794"/>
 <node id="10252947676" visible="true" version="1" changeset="129957658" timestamp="2022-12-11T10:25:21Z" user="spughetti" uid="16155068" lat="37.7996374" lon="-122.4491533"/>
 <node id="10252947677" visible="true" version="1" changeset="129957658" timestamp="2022-12-11T10:25:21Z" user="spughetti" uid="16155068" lat="37.7996208" lon="-122.4490841"/>
 <node id="10252947678" visible="true" version="1" changeset="129957658" timestamp="2022-12-11T10:25:21Z" user="spughetti" uid="16155068" lat="37.7996167" lon="-122.4490412"/>
 <node id="10252947679" visible="true" version="1" changeset="129957658" timestamp="2022-12-11T10:25:21Z" user="spughetti" uid="16155068" lat="37.7996255" lon="-122.4489300"/>
 <node id="10252947680" visible="true" version="1" changeset="129957658" timestamp="2022-12-11T10:25:21Z" user="spughetti" uid="16155068" lat="37.7996186" lon="-122.4489632"/>
 <node id="10252947681" visible="true" version="1" changeset="129957658" timestamp="2022-12-11T10:25:21Z" user="spughetti" uid="16155068" lat="37.7996354" lon="-122.4488986"/>
 <node id="10252947682" visible="true" version="1" changeset="129957658" timestamp="2022-12-11T10:25:21Z" user="spughetti" uid="16155068" lat="37.7998029" lon="-122.4487410"/>
 <node id="10252947683" visible="true" version="1" changeset="129957658" timestamp="2022-12-11T10:25:21Z" user="spughetti" uid="16155068" lat="37.7997172" lon="-122.4487939"/>
 <node id="10252947684" visible="true" version="1" changeset="129957658" timestamp="2022-12-11T10:25:21Z" user="spughetti" uid="16155068" lat="37.7996784" lon="-122.4488253"/>
 <node id="10252947685" visible="true" version="1" changeset="129957658" timestamp="2022-12-11T10:25:21Z" user="spughetti" uid="16155068" lat="37.7996625" lon="-122.4488459"/>
 <node id="10252947686" visible="true" version="1" changeset="129957658" timestamp="2022-12-11T10:25:21Z" user="spughetti" uid="16155068" lat="37.7996977" lon="-122.4488091"/>
 <node id="10252947687" visible="true" version="1" changeset="129957658" timestamp="2022-12-11T10:25:21Z" user="spughetti" uid="16155068" lat="37.7998627" lon="-122.4486897"/>
 <node id="10252947688" visible="true" version="1" changeset="129957658" timestamp="2022-12-11T10:25:21Z" user="spughetti" uid="16155068" lat="37.7998337" lon="-122.4487175"/>
 <node id="10252947689" visible="true" version="1" changeset="129957658" timestamp="2022-12-11T10:25:21Z" user="spughetti" uid="16155068" lat="37.7998886" lon="-122.4486573"/>
 <node id="10252947690" visible="true" version="1" changeset="129957658" timestamp="2022-12-11T10:25:21Z" user="spughetti" uid="16155068" lat="37.7999483" lon="-122.4484870"/>
 <node id="10252947691" visible="true" version="1" changeset="129957658" timestamp="2022-12-11T10:25:21Z" user="spughetti" uid="16155068" lat="37.7999341" lon="-122.4485572"/>
 <node id="10252947692" visible="true" version="1" changeset="129957658" timestamp="2022-12-11T10:25:21Z" user="spughetti" uid="16155068" lat="37.7999227" lon="-122.4485890"/>
 <node id="10252947693" visible="true" version="1" changeset="129957658" timestamp="2022-12-11T10:25:21Z" user="spughetti" uid="16155068" lat="37.7999420" lon="-122.4485220"/>
 <node id="10252947694" visible="true" version="1" changeset="129957658" timestamp="2022-12-11T10:25:21Z" user="spughetti" uid="16155068" lat="37.7999506" lon="-122.4484130"/>
 <node id="10252947695" visible="true" version="1" changeset="129957658" timestamp="2022-12-11T10:25:21Z" user="spughetti" uid="16155068" lat="37.7999479" lon="-122.4483754"/>
 <node id="10252947696" visible="true" version="1" changeset="129957658" timestamp="2022-12-11T10:25:21Z" user="spughetti" uid="16155068" lat="37.7999506" lon="-122.4484510"/>
 <node id="10252947697" visible="true" version="1" changeset="129957658" timestamp="2022-12-11T10:25:21Z" user="spughetti" uid="16155068" lat="37.7999524" lon="-122.4483028"/>
 <node id="10252947698" visible="true" version="1" changeset="129957658" timestamp="2022-12-11T10:25:21Z" user="spughetti" uid="16155068" lat="37.7999441" lon="-122.4483188"/>
 <node id="10252947699" visible="true" version="1" changeset="129957658" timestamp="2022-12-11T10:25:21Z" user="spughetti" uid="16155068" lat="37.7999669" lon="-122.4482924"/>
 <node id="10252947700" visible="true" version="1" changeset="129957658" timestamp="2022-12-11T10:25:21Z" user="spughetti" uid="16155068" lat="37.8000154" lon="-122.4483068"/>
 <node id="10252947701" visible="true" version="1" changeset="129957658" timestamp="2022-12-11T10:25:21Z" user="spughetti" uid="16155068" lat="37.7999996" lon="-122.4482958"/>
 <node id="10252947702" visible="true" version="1" changeset="129957658" timestamp="2022-12-11T10:25:21Z" user="spughetti" uid="16155068" lat="37.7999420" lon="-122.4483287"/>
 <node id="10252947703" visible="true" version="1" changeset="129957658" timestamp="2022-12-11T10:25:21Z" user="spughetti" uid="16155068" lat="37.7999475" lon="-122.4483102"/>
 <node id="10252947704" visible="true" version="1" changeset="129957658" timestamp="2022-12-11T10:25:21Z" user="spughetti" uid="16155068" lat="37.7999594" lon="-122.4482968"/>
 <node id="10252947705" visible="true" version="1" changeset="129957658" timestamp="2022-12-11T10:25:21Z" user="spughetti" uid="16155068" lat="37.7999749" lon="-122.4482901"/>
 <node id="10252947706" visible="true" version="2" changeset="129959790" timestamp="2022-12-11T11:42:58Z" user="spughetti" uid="16155068" lat="37.7999921" lon="-122.4482912"/>
 <node id="10252947707" visible="true" version="1" changeset="129957658" timestamp="2022-12-11T10:25:21Z" user="spughetti" uid="16155068" lat="37.8000081" lon="-122.4483009"/>
 <node id="10252947708" visible="true" version="1" changeset="129957658" timestamp="2022-12-11T10:25:21Z" user="spughetti" uid="16155068" lat="37.8000276" lon="-122.4483191"/>
 <node id="10252947709" visible="true" version="1" changeset="129957658" timestamp="2022-12-11T10:25:21Z" user="spughetti" uid="16155068" lat="37.8001417" lon="-122.4485104"/>
 <node id="10252947710" visible="true" version="1" changeset="129957658" timestamp="2022-12-11T10:25:21Z" user="spughetti" uid="16155068" lat="37.8001481" lon="-122.4485222"/>
 <node id="10252947711" visible="true" version="1" changeset="129957658" timestamp="2022-12-11T10:25:21Z" user="spughetti" uid="16155068" lat="37.8001451" lon="-122.4485160"/>
 <node id="10252947712" visible="true" version="1" changeset="129957658" timestamp="2022-12-11T10:25:21Z" user="spughetti" uid="16155068" lat="37.8001504" lon="-122.4485296"/>
 <node id="10252947713" visible="true" version="1" changeset="129957658" timestamp="2022-12-11T10:25:21Z" user="spughetti" uid="16155068" lat="37.8001537" lon="-122.4485897"/>
 <node id="10252947714" visible="true" version="1" changeset="129957658" timestamp="2022-12-11T10:25:21Z" user="spughetti" uid="16155068" lat="37.8001663" lon="-122.4486403"/>
 <node id="10252947715" visible="true" version="1" changeset="129957658" timestamp="2022-12-11T10:25:21Z" user="spughetti" uid="16155068" lat="37.8001603" lon="-122.4486213"/>
 <node id="10252947716" visible="true" version="2" changeset="129959727" timestamp="2022-12-11T11:40:10Z" user="spughetti" uid="16155068" lat="37.8001926" lon="-122.4487132"/>
 <node id="10252947717" visible="true" version="2" changeset="129959727" timestamp="2022-12-11T11:40:10Z" user="spughetti" uid="16155068" lat="37.8001675" lon="-122.4486670"/>
 <node id="10252947718" visible="true" version="1" changeset="129957658" timestamp="2022-12-11T10:25:21Z" user="spughetti" uid="16155068" lat="37.8002085" lon="-122.4487229"/>
 <node id="10252947719" visible="true" version="1" changeset="129957658" timestamp="2022-12-11T10:25:21Z" user="spughetti" uid="16155068" lat="37.8001998" lon="-122.4487110"/>
 <node id="10252947720" visible="true" version="1" changeset="129957658" timestamp="2022-12-11T10:25:21Z" user="spughetti" uid="16155068" lat="37.8002176" lon="-122.4487339"/>
 <node id="10252947721" visible="true" version="1" changeset="129957658" timestamp="2022-12-11T10:25:21Z" user="spughetti" uid="16155068" lat="37.8001769" lon="-122.4488654"/>
 <node id="10252947722" visible="true" version="1" changeset="129957658" timestamp="2022-12-11T10:25:21Z" user="spughetti" uid="16155068" lat="37.8001962" lon="-122.4487936"/>
 <node id="10252947723" visible="true" version="1" changeset="129957658" timestamp="2022-12-11T10:25:21Z" user="spughetti" uid="16155068" lat="37.8001873" lon="-122.4488330"/>
 <node id="10252947724" visible="true" version="1" changeset="129957658" timestamp="2022-12-11T10:25:21Z" user="spughetti" uid="16155068" lat="37.8001933" lon="-122.4488173"/>
 <node id="10252947725" visible="true" version="1" changeset="129957658" timestamp="2022-12-11T10:25:21Z" user="spughetti" uid="16155068" lat="37.8001948" lon="-122.4488092"/>
 <node id="10252947726" visible="true" version="1" changeset="129957658" timestamp="2022-12-11T10:25:21Z" user="spughetti" uid="16155068" lat="37.8001919" lon="-122.4488230"/>
 <node id="10252947727" visible="true" version="1" changeset="129957658" timestamp="2022-12-11T10:25:21Z" user="spughetti" uid="16155068" lat="37.8001889" lon="-122.4488290"/>
 <node id="10252947728" visible="true" version="1" changeset="129957658" timestamp="2022-12-11T10:25:21Z" user="spughetti" uid="16155068" lat="37.8001839" lon="-122.4488515"/>
 <node id="10252947729" visible="true" version="1" changeset="129957658" timestamp="2022-12-11T10:25:21Z" user="spughetti" uid="16155068" lat="37.8001858" lon="-122.4488455"/>
 <node id="10252947730" visible="true" version="1" changeset="129957658" timestamp="2022-12-11T10:25:21Z" user="spughetti" uid="16155068" lat="37.8001863" lon="-122.4488386"/>
 <node id="10252947731" visible="true" version="1" changeset="129957658" timestamp="2022-12-11T10:25:21Z" user="spughetti" uid="16155068" lat="37.8001817" lon="-122.4488567"/>
 <node id="10252947732" visible="true" version="1" changeset="129957658" timestamp="2022-12-11T10:25:21Z" user="spughetti" uid="16155068" lat="37.8001784" lon="-122.4488611"/>
 <node id="10252947733" visible="true" version="1" changeset="129957658" timestamp="2022-12-11T10:25:21Z" user="spughetti" uid="16155068" lat="37.8002031" lon="-122.4487780"/>
 <node id="10252947734" visible="true" version="1" changeset="129957658" timestamp="2022-12-11T10:25:21Z" user="spughetti" uid="16155068" lat="37.8001984" lon="-122.4487875"/>
 <node id="10252947735" visible="true" version="1" changeset="129957658" timestamp="2022-12-11T10:25:21Z" user="spughetti" uid="16155068" lat="37.8001952" lon="-122.4488007"/>
 <node id="10252947736" visible="true" version="1" changeset="129957658" timestamp="2022-12-11T10:25:21Z" user="spughetti" uid="16155068" lat="37.8001701" lon="-122.4489225"/>
 <node id="10252947737" visible="true" version="1" changeset="129957658" timestamp="2022-12-11T10:25:21Z" user="spughetti" uid="16155068" lat="37.8001656" lon="-122.4489000"/>
 <node id="10252947738" visible="true" version="1" changeset="129957658" timestamp="2022-12-11T10:25:21Z" user="spughetti" uid="16155068" lat="37.8001744" lon="-122.4488844"/>
 <node id="10252947739" visible="true" version="1" changeset="129957658" timestamp="2022-12-11T10:25:21Z" user="spughetti" uid="16155068" lat="37.8001764" lon="-122.4488767"/>
 <node id="10252947740" visible="true" version="1" changeset="129957658" timestamp="2022-12-11T10:25:21Z" user="spughetti" uid="16155068" lat="37.8001769" lon="-122.4488709"/>
 <node id="10252947741" visible="true" version="1" changeset="129957658" timestamp="2022-12-11T10:25:21Z" user="spughetti" uid="16155068" lat="37.8001718" lon="-122.4488903"/>
 <node id="10252947742" visible="true" version="1" changeset="129957658" timestamp="2022-12-11T10:25:21Z" user="spughetti" uid="16155068" lat="37.8001691" lon="-122.4488941"/>
 <node id="10252947743" visible="true" version="1" changeset="129957658" timestamp="2022-12-11T10:25:21Z" user="spughetti" uid="16155068" lat="37.8001667" lon="-122.4488970"/>
 <node id="10252947744" visible="true" version="1" changeset="129957658" timestamp="2022-12-11T10:25:21Z" user="spughetti" uid="16155068" lat="37.8001665" lon="-122.4489048"/>
 <node id="10252947745" visible="true" version="1" changeset="129957658" timestamp="2022-12-11T10:25:21Z" user="spughetti" uid="16155068" lat="37.8001696" lon="-122.4489138"/>
 <node id="10252947746" visible="true" version="1" changeset="129957658" timestamp="2022-12-11T10:25:21Z" user="spughetti" uid="16155068" lat="37.8001687" lon="-122.4489095"/>
 <node id="10252947747" visible="true" version="1" changeset="129957658" timestamp="2022-12-11T10:25:21Z" user="spughetti" uid="16155068" lat="37.8001695" lon="-122.4489183"/>
 <node id="10252947748" visible="true" version="1" changeset="129957658" timestamp="2022-12-11T10:25:21Z" user="spughetti" uid="16155068" lat="37.8002046" lon="-122.4489803"/>
 <node id="10252947749" visible="true" version="1" changeset="129957658" timestamp="2022-12-11T10:25:21Z" user="spughetti" uid="16155068" lat="37.8001811" lon="-122.4489583"/>
 <node id="10252947750" visible="true" version="1" changeset="129957658" timestamp="2022-12-11T10:25:21Z" user="spughetti" uid="16155068" lat="37.8001734" lon="-122.4489465"/>
 <node id="10252947751" visible="true" version="1" changeset="129957658" timestamp="2022-12-11T10:25:21Z" user="spughetti" uid="16155068" lat="37.8001720" lon="-122.4489288"/>
 <node id="10252947752" visible="true" version="2" changeset="166282123" timestamp="2025-05-15T01:50:20Z" user="TheNightRider" uid="1968961" lat="37.8001782" lon="-122.4489383"/>
 <node id="10252947753" visible="true" version="1" changeset="129957658" timestamp="2022-12-11T10:25:21Z" user="spughetti" uid="16155068" lat="37.8001777" lon="-122.4489358"/>
 <node id="10252947755" visible="true" version="1" changeset="129957658" timestamp="2022-12-11T10:25:21Z" user="spughetti" uid="16155068" lat="37.8001746" lon="-122.4489326"/>
 <node id="10252947756" visible="true" version="1" changeset="129957658" timestamp="2022-12-11T10:25:21Z" user="spughetti" uid="16155068" lat="37.8001757" lon="-122.4489412"/>
 <node id="10252947757" visible="true" version="1" changeset="129957658" timestamp="2022-12-11T10:25:21Z" user="spughetti" uid="16155068" lat="37.8001742" lon="-122.4489438"/>
 <node id="10252947758" visible="true" version="1" changeset="129957658" timestamp="2022-12-11T10:25:21Z" user="spughetti" uid="16155068" lat="37.8001767" lon="-122.4489530"/>
 <node id="10252947759" visible="true" version="1" changeset="129957658" timestamp="2022-12-11T10:25:21Z" user="spughetti" uid="16155068" lat="37.8001880" lon="-122.4489648"/>
 <node id="10252947760" visible="true" version="1" changeset="129957658" timestamp="2022-12-11T10:25:21Z" user="spughetti" uid="16155068" lat="37.8001988" lon="-122.4489715"/>
 <node id="10252947761" visible="true" version="2" changeset="166282123" timestamp="2025-05-15T01:50:20Z" user="TheNightRider" uid="1968961" lat="37.8002039" lon="-122.4489757"/>
 <node id="10252947762" visible="true" version="1" changeset="129957658" timestamp="2022-12-11T10:25:21Z" user="spughetti" uid="16155068" lat="37.8002019" lon="-122.4489730"/>
 <node id="10252947764" visible="true" version="1" changeset="129957658" timestamp="2022-12-11T10:25:21Z" user="spughetti" uid="16155068" lat="37.8001574" lon="-122.4491218"/>
 <node id="10252947765" visible="true" version="1" changeset="129957658" timestamp="2022-12-11T10:25:21Z" user="spughetti" uid="16155068" lat="37.8001992" lon="-122.4490316"/>
 <node id="10252947766" visible="true" version="1" changeset="129957658" timestamp="2022-12-11T10:25:21Z" user="spughetti" uid="16155068" lat="37.8002037" lon="-122.4491287"/>
 <node id="10252947767" visible="true" version="1" changeset="129957658" timestamp="2022-12-11T10:25:21Z" user="spughetti" uid="16155068" lat="37.8001852" lon="-122.4491351"/>
 <node id="10252947768" visible="true" version="1" changeset="129957658" timestamp="2022-12-11T10:25:21Z" user="spughetti" uid="16155068" lat="37.8001679" lon="-122.4491340"/>
 <node id="10252947769" visible="true" version="1" changeset="129957658" timestamp="2022-12-11T10:25:21Z" user="spughetti" uid="16155068" lat="37.8001628" lon="-122.4491298"/>
 <node id="10252947770" visible="true" version="1" changeset="129957658" timestamp="2022-12-11T10:25:21Z" user="spughetti" uid="16155068" lat="37.8001602" lon="-122.4491250"/>
 <node id="10252947771" visible="true" version="1" changeset="129957658" timestamp="2022-12-11T10:25:21Z" user="spughetti" uid="16155068" lat="37.8001770" lon="-122.4491357"/>
 <node id="10252947772" visible="true" version="1" changeset="129957658" timestamp="2022-12-11T10:25:21Z" user="spughetti" uid="16155068" lat="37.8001952" lon="-122.4491332"/>
 <node id="10252947773" visible="true" version="1" changeset="129957658" timestamp="2022-12-11T10:25:21Z" user="spughetti" uid="16155068" lat="37.8002130" lon="-122.4490832"/>
 <node id="10252947774" visible="true" version="1" changeset="129957658" timestamp="2022-12-11T10:25:21Z" user="spughetti" uid="16155068" lat="37.8002137" lon="-122.4491101"/>
 <node id="10252947775" visible="true" version="1" changeset="129957658" timestamp="2022-12-11T10:25:21Z" user="spughetti" uid="16155068" lat="37.8002099" lon="-122.4491206"/>
 <node id="10252947776" visible="true" version="1" changeset="129957658" timestamp="2022-12-11T10:25:21Z" user="spughetti" uid="16155068" lat="37.8002148" lon="-122.4490964"/>
 <node id="10252947777" visible="true" version="1" changeset="129957658" timestamp="2022-12-11T10:25:21Z" user="spughetti" uid="16155068" lat="37.8002042" lon="-122.4490594"/>
 <node id="10252947778" visible="true" version="1" changeset="129957658" timestamp="2022-12-11T10:25:21Z" user="spughetti" uid="16155068" lat="37.8002008" lon="-122.4490456"/>
 <node id="10252947779" visible="true" version="1" changeset="129957658" timestamp="2022-12-11T10:25:21Z" user="spughetti" uid="16155068" lat="37.8002084" lon="-122.4490714"/>
 <node id="10252947780" visible="true" version="1" changeset="129957658" timestamp="2022-12-11T10:25:21Z" user="spughetti" uid="16155068" lat="37.8002004" lon="-122.4490109"/>
 <node id="10252947781" visible="true" version="1" changeset="129957658" timestamp="2022-12-11T10:25:21Z" user="spughetti" uid="16155068" lat="37.8001512" lon="-122.4491210"/>
 <node id="10252947782" visible="true" version="1" changeset="129957658" timestamp="2022-12-11T10:25:21Z" user="spughetti" uid="16155068" lat="37.8001452" lon="-122.4491235"/>
 <node id="10252947783" visible="true" version="1" changeset="129957658" timestamp="2022-12-11T10:25:21Z" user="spughetti" uid="16155068" lat="37.8001409" lon="-122.4491264"/>
 <node id="10252947784" visible="true" version="1" changeset="129957658" timestamp="2022-12-11T10:25:21Z" user="spughetti" uid="16155068" lat="37.8001350" lon="-122.4491280"/>
 <node id="10252947785" visible="true" version="1" changeset="129957658" timestamp="2022-12-11T10:25:21Z" user="spughetti" uid="16155068" lat="37.8001306" lon="-122.4491281"/>
 <node id="10252947786" visible="true" version="1" changeset="129957658" timestamp="2022-12-11T10:25:21Z" user="spughetti" uid="16155068" lat="37.8000587" lon="-122.4492436"/>
 <node id="10252947787" visible="true" version="1" changeset="129957658" timestamp="2022-12-11T10:25:21Z" user="spughetti" uid="16155068" lat="37.8001210" lon="-122.4491336"/>
 <node id="10252947788" visible="true" version="1" changeset="129957658" timestamp="2022-12-11T10:25:21Z" user="spughetti" uid="16155068" lat="37.8001106" lon="-122.4491617"/>
 <node id="10252947789" visible="true" version="1" changeset="129957658" timestamp="2022-12-11T10:25:21Z" user="spughetti" uid="16155068" lat="37.8001125" lon="-122.4491518"/>
 <node id="10252947790" visible="true" version="1" changeset="129957658" timestamp="2022-12-11T10:25:21Z" user="spughetti" uid="16155068" lat="37.8001164" lon="-122.4491425"/>
 <node id="10252947791" visible="true" version="1" changeset="129957658" timestamp="2022-12-11T10:25:21Z" user="spughetti" uid="16155068" lat="37.8001075" lon="-122.4491745"/>
 <node id="10252947792" visible="true" version="1" changeset="129957658" timestamp="2022-12-11T10:25:21Z" user="spughetti" uid="16155068" lat="37.8000627" lon="-122.4492368"/>
 <node id="10252947793" visible="true" version="1" changeset="129957658" timestamp="2022-12-11T10:25:21Z" user="spughetti" uid="16155068" lat="37.8000855" lon="-122.4492078"/>
 <node id="10252947794" visible="true" version="1" changeset="129957658" timestamp="2022-12-11T10:25:21Z" user="spughetti" uid="16155068" lat="37.8000439" lon="-122.4492752"/>
 <node id="10252947795" visible="true" version="2" changeset="166282123" timestamp="2025-05-15T01:50:20Z" user="TheNightRider" uid="1968961" lat="37.8000539" lon="-122.4492723"/>
 <node id="10252947796" visible="true" version="1" changeset="129957658" timestamp="2022-12-11T10:25:21Z" user="spughetti" uid="16155068" lat="37.8000553" lon="-122.4492558"/>
 <node id="10252947797" visible="true" version="1" changeset="129957658" timestamp="2022-12-11T10:25:21Z" user="spughetti" uid="16155068" lat="37.8000558" lon="-122.4492655"/>
 <node id="10252947799" visible="true" version="1" changeset="129957658" timestamp="2022-12-11T10:25:21Z" user="spughetti" uid="16155068" lat="37.8000463" lon="-122.4492732"/>
 <node id="10252947800" visible="true" version="1" changeset="129957658" timestamp="2022-12-11T10:25:21Z" user="spughetti" uid="16155068" lat="37.8000500" lon="-122.4492725"/>
 <node id="10252947801" visible="true" version="1" changeset="129957658" timestamp="2022-12-11T10:25:21Z" user="spughetti" uid="16155068" lat="37.8000556" lon="-122.4492693"/>
 <node id="10252947802" visible="true" version="1" changeset="129957658" timestamp="2022-12-11T10:25:21Z" user="spughetti" uid="16155068" lat="37.8000219" lon="-122.4492795"/>
 <node id="10252947803" visible="true" version="1" changeset="129957658" timestamp="2022-12-11T10:25:21Z" user="spughetti" uid="16155068" lat="37.8000180" lon="-122.4492799"/>
 <node id="10252947804" visible="true" version="1" changeset="129957658" timestamp="2022-12-11T10:25:21Z" user="spughetti" uid="16155068" lat="37.8000357" lon="-122.4492835"/>
 <node id="10252947805" visible="true" version="1" changeset="129957658" timestamp="2022-12-11T10:25:21Z" user="spughetti" uid="16155068" lat="37.8000410" lon="-122.4492812"/>
 <node id="10252947806" visible="true" version="1" changeset="129957658" timestamp="2022-12-11T10:25:21Z" user="spughetti" uid="16155068" lat="37.8000426" lon="-122.4492784"/>
 <node id="10252947807" visible="true" version="1" changeset="129957658" timestamp="2022-12-11T10:25:21Z" user="spughetti" uid="16155068" lat="37.8000386" lon="-122.4492828"/>
 <node id="10252947808" visible="true" version="1" changeset="129957658" timestamp="2022-12-11T10:25:21Z" user="spughetti" uid="16155068" lat="37.8000273" lon="-122.4492807"/>
 <node id="10252947809" visible="true" version="1" changeset="129957658" timestamp="2022-12-11T10:25:21Z" user="spughetti" uid="16155068" lat="37.8000316" lon="-122.4492827"/>
 <node id="10252947810" visible="true" version="1" changeset="129957658" timestamp="2022-12-11T10:25:21Z" user="spughetti" uid="16155068" lat="37.8000563" lon="-122.4492498"/>
 <node id="10252947811" visible="true" version="1" changeset="129957658" timestamp="2022-12-11T10:25:21Z" user="spughetti" uid="16155068" lat="37.7999723" lon="-122.4493202"/>
 <node id="10252947812" visible="true" version="1" changeset="129957658" timestamp="2022-12-11T10:25:21Z" user="spughetti" uid="16155068" lat="37.7999955" lon="-122.4493043"/>
 <node id="10252947813" visible="true" version="1" changeset="129957658" timestamp="2022-12-11T10:25:21Z" user="spughetti" uid="16155068" lat="37.8000096" lon="-122.4492857"/>
 <node id="10252947814" visible="true" version="1" changeset="129957658" timestamp="2022-12-11T10:25:21Z" user="spughetti" uid="16155068" lat="37.8000016" lon="-122.4492966"/>
 <node id="10252947815" visible="true" version="1" changeset="129957658" timestamp="2022-12-11T10:25:21Z" user="spughetti" uid="16155068" lat="37.7999840" lon="-122.4493136"/>
 <node id="10252947816" visible="true" version="1" changeset="129957658" timestamp="2022-12-11T10:25:21Z" user="spughetti" uid="16155068" lat="37.7999900" lon="-122.4493092"/>
 <node id="10252947817" visible="true" version="1" changeset="129957658" timestamp="2022-12-11T10:25:21Z" user="spughetti" uid="16155068" lat="37.7999780" lon="-122.4493167"/>
 <node id="10252947818" visible="true" version="1" changeset="129957658" timestamp="2022-12-11T10:25:21Z" user="spughetti" uid="16155068" lat="37.7999546" lon="-122.4493403"/>
 <node id="10252947819" visible="true" version="1" changeset="129957658" timestamp="2022-12-11T10:25:21Z" user="spughetti" uid="16155068" lat="37.7999696" lon="-122.4493243"/>
 <node id="10252947820" visible="true" version="1" changeset="129957658" timestamp="2022-12-11T10:25:21Z" user="spughetti" uid="16155068" lat="37.7999656" lon="-122.4493407"/>
 <node id="10252947821" visible="true" version="1" changeset="129957658" timestamp="2022-12-11T10:25:21Z" user="spughetti" uid="16155068" lat="37.7999678" lon="-122.4493301"/>
 <node id="10252947822" visible="true" version="1" changeset="129957658" timestamp="2022-12-11T10:25:21Z" user="spughetti" uid="16155068" lat="37.7999616" lon="-122.4493410"/>
 <node id="10252947823" visible="true" version="1" changeset="129957658" timestamp="2022-12-11T10:25:21Z" user="spughetti" uid="16155068" lat="37.7999677" lon="-122.4493361"/>
 <node id="10252947824" visible="true" version="1" changeset="129957658" timestamp="2022-12-11T10:25:21Z" user="spughetti" uid="16155068" lat="37.7999673" lon="-122.4493392"/>
 <node id="10252947825" visible="true" version="1" changeset="129957658" timestamp="2022-12-11T10:25:21Z" user="spughetti" uid="16155068" lat="37.7999467" lon="-122.4493392"/>
 <node id="10252947826" visible="true" version="1" changeset="129957658" timestamp="2022-12-11T10:25:21Z" user="spughetti" uid="16155068" lat="37.7999209" lon="-122.4493315"/>
 <node id="10252947827" visible="true" version="1" changeset="129957658" timestamp="2022-12-11T10:25:21Z" user="spughetti" uid="16155068" lat="37.7999166" lon="-122.4493276"/>
 <node id="10252947828" visible="true" version="1" changeset="129957658" timestamp="2022-12-11T10:25:21Z" user="spughetti" uid="16155068" lat="37.7998861" lon="-122.4493039"/>
 <node id="10252947829" visible="true" version="1" changeset="129957658" timestamp="2022-12-11T10:25:21Z" user="spughetti" uid="16155068" lat="37.7999063" lon="-122.4493185"/>
 <node id="10252947830" visible="true" version="1" changeset="129957658" timestamp="2022-12-11T10:25:21Z" user="spughetti" uid="16155068" lat="37.7998516" lon="-122.4492641"/>
 <node id="10252947831" visible="true" version="1" changeset="129957658" timestamp="2022-12-11T10:25:21Z" user="spughetti" uid="16155068" lat="37.7998687" lon="-122.4492851"/>
 <node id="10252947832" visible="true" version="1" changeset="129957658" timestamp="2022-12-11T10:25:21Z" user="spughetti" uid="16155068" lat="37.7998212" lon="-122.4492162"/>
 <node id="10252947833" visible="true" version="1" changeset="129957658" timestamp="2022-12-11T10:25:21Z" user="spughetti" uid="16155068" lat="37.7998274" lon="-122.4492314"/>
 <node id="10252947834" visible="true" version="1" changeset="129957658" timestamp="2022-12-11T10:25:21Z" user="spughetti" uid="16155068" lat="37.7998238" lon="-122.4492248"/>
 <node id="10252947835" visible="true" version="1" changeset="129957658" timestamp="2022-12-11T10:25:21Z" user="spughetti" uid="16155068" lat="37.7998222" lon="-122.4492198"/>
 <node id="10252947836" visible="true" version="1" changeset="129957658" timestamp="2022-12-11T10:25:21Z" user="spughetti" uid="16155068" lat="37.7998137" lon="-122.4492160"/>
 <node id="10252947837" visible="true" version="1" changeset="129957658" timestamp="2022-12-11T10:25:21Z" user="spughetti" uid="16155068" lat="37.7998168" lon="-122.4492148"/>
 <node id="10252947838" visible="true" version="1" changeset="129957658" timestamp="2022-12-11T10:25:21Z" user="spughetti" uid="16155068" lat="37.7998193" lon="-122.4492150"/>
 <node id="10252947839" visible="true" version="1" changeset="129957658" timestamp="2022-12-11T10:25:21Z" user="spughetti" uid="16155068" lat="37.7997913" lon="-122.4492104"/>
 <node id="10252947840" visible="true" version="1" changeset="129957658" timestamp="2022-12-11T10:25:21Z" user="spughetti" uid="16155068" lat="37.7997626" lon="-122.4492061"/>
 <node id="10252947841" visible="true" version="1" changeset="129957658" timestamp="2022-12-11T10:25:21Z" user="spughetti" uid="16155068" lat="37.7998063" lon="-122.4492156"/>
 <node id="10252947842" visible="true" version="1" changeset="129957658" timestamp="2022-12-11T10:25:21Z" user="spughetti" uid="16155068" lat="37.7997987" lon="-122.4492136"/>
 <node id="10252947843" visible="true" version="1" changeset="129957658" timestamp="2022-12-11T10:25:21Z" user="spughetti" uid="16155068" lat="37.7997232" lon="-122.4492165"/>
 <node id="10252947844" visible="true" version="1" changeset="129957658" timestamp="2022-12-11T10:25:21Z" user="spughetti" uid="16155068" lat="37.7997438" lon="-122.4492078"/>
 <node id="10252947845" visible="true" version="1" changeset="129957658" timestamp="2022-12-11T10:25:21Z" user="spughetti" uid="16155068" lat="37.7997377" lon="-122.4492116"/>
 <node id="10252947846" visible="true" version="1" changeset="129957658" timestamp="2022-12-11T10:25:21Z" user="spughetti" uid="16155068" lat="37.7997307" lon="-122.4492147"/>
 <node id="10252947847" visible="true" version="1" changeset="129957658" timestamp="2022-12-11T10:25:21Z" user="spughetti" uid="16155068" lat="37.7997066" lon="-122.4492119"/>
 <node id="10252947848" visible="true" version="1" changeset="129957658" timestamp="2022-12-11T10:25:21Z" user="spughetti" uid="16155068" lat="37.7997157" lon="-122.4492152"/>
 <node id="10252947849" visible="true" version="1" changeset="129957658" timestamp="2022-12-11T10:25:21Z" user="spughetti" uid="16155068" lat="37.7996979" lon="-122.4492107"/>
 <node id="10252947850" visible="true" version="1" changeset="129957658" timestamp="2022-12-11T10:25:21Z" user="spughetti" uid="16155068" lat="37.7996794" lon="-122.4492113"/>
 <node id="10252947851" visible="true" version="1" changeset="129957658" timestamp="2022-12-11T10:25:21Z" user="spughetti" uid="16155068" lat="37.7994588" lon="-122.4495534"/>
 <node id="10252947852" visible="true" version="1" changeset="129957658" timestamp="2022-12-11T10:25:21Z" user="spughetti" uid="16155068" lat="37.7994393" lon="-122.4495030"/>
 <node id="10252947853" visible="true" version="1" changeset="129957658" timestamp="2022-12-11T10:25:21Z" user="spughetti" uid="16155068" lat="37.7995252" lon="-122.4493847"/>
 <node id="10252947854" visible="true" version="1" changeset="129957658" timestamp="2022-12-11T10:25:21Z" user="spughetti" uid="16155068" lat="37.7995639" lon="-122.4490867"/>
 <node id="10252947855" visible="true" version="1" changeset="129957658" timestamp="2022-12-11T10:25:21Z" user="spughetti" uid="16155068" lat="37.7995757" lon="-122.4490703"/>
 <node id="10252947856" visible="true" version="1" changeset="129957658" timestamp="2022-12-11T10:25:21Z" user="spughetti" uid="16155068" lat="37.7995917" lon="-122.4490859"/>
 <node id="10252947857" visible="true" version="1" changeset="129957658" timestamp="2022-12-11T10:25:21Z" user="spughetti" uid="16155068" lat="37.7996601" lon="-122.4492783"/>
 <node id="10252947858" visible="true" version="1" changeset="129957658" timestamp="2022-12-11T10:25:21Z" user="spughetti" uid="16155068" lat="37.7996208" lon="-122.4494045"/>
 <node id="10252947859" visible="true" version="1" changeset="129957658" timestamp="2022-12-11T10:25:21Z" user="spughetti" uid="16155068" lat="37.7996286" lon="-122.4494836"/>
 <node id="10252947860" visible="true" version="1" changeset="129957658" timestamp="2022-12-11T10:25:21Z" user="spughetti" uid="16155068" lat="37.7995514" lon="-122.4495712"/>
 <node id="10252947861" visible="true" version="1" changeset="129957658" timestamp="2022-12-11T10:25:21Z" user="spughetti" uid="16155068" lat="37.7995082" lon="-122.4495400"/>
 <node id="10252947862" visible="true" version="1" changeset="129957658" timestamp="2022-12-11T10:25:21Z" user="spughetti" uid="16155068" lat="37.7994817" lon="-122.4495423"/>
 <node id="10252947863" visible="true" version="1" changeset="129957658" timestamp="2022-12-11T10:25:21Z" user="spughetti" uid="16155068" lat="37.7994699" lon="-122.4495458"/>
 <node id="10252947864" visible="true" version="1" changeset="129957658" timestamp="2022-12-11T10:25:21Z" user="spughetti" uid="16155068" lat="37.7994950" lon="-122.4495400"/>
 <node id="10252947865" visible="true" version="1" changeset="129957658" timestamp="2022-12-11T10:25:21Z" user="spughetti" uid="16155068" lat="37.7995320" lon="-122.4495512"/>
 <node id="10252947866" visible="true" version="1" changeset="129957658" timestamp="2022-12-11T10:25:21Z" user="spughetti" uid="16155068" lat="37.7995204" lon="-122.4495447"/>
 <node id="10252947867" visible="true" version="1" changeset="129957658" timestamp="2022-12-11T10:25:21Z" user="spughetti" uid="16155068" lat="37.7995427" lon="-122.4495604"/>
 <node id="10252947868" visible="true" version="1" changeset="129957658" timestamp="2022-12-11T10:25:21Z" user="spughetti" uid="16155068" lat="37.7995016" lon="-122.4495397"/>
 <node id="10252947869" visible="true" version="1" changeset="129957658" timestamp="2022-12-11T10:25:21Z" user="spughetti" uid="16155068" lat="37.7994883" lon="-122.4495409"/>
 <node id="10252947870" visible="true" version="1" changeset="129957658" timestamp="2022-12-11T10:25:21Z" user="spughetti" uid="16155068" lat="37.7994758" lon="-122.4495438"/>
 <node id="10252947871" visible="true" version="1" changeset="129957658" timestamp="2022-12-11T10:25:21Z" user="spughetti" uid="16155068" lat="37.7995144" lon="-122.4495421"/>
 <node id="10252947872" visible="true" version="1" changeset="129957658" timestamp="2022-12-11T10:25:21Z" user="spughetti" uid="16155068" lat="37.7995264" lon="-122.4495477"/>
 <node id="10252947873" visible="true" version="1" changeset="129957658" timestamp="2022-12-11T10:25:21Z" user="spughetti" uid="16155068" lat="37.7995375" lon="-122.4495555"/>
 <node id="10252947874" visible="true" version="1" changeset="129957658" timestamp="2022-12-11T10:25:21Z" user="spughetti" uid="16155068" lat="37.7995472" lon="-122.4495657"/>
 <node id="10252947875" visible="true" version="1" changeset="129957658" timestamp="2022-12-11T10:25:21Z" user="spughetti" uid="16155068" lat="37.7995797" lon="-122.4495407"/>
 <node id="10252947876" visible="true" version="1" changeset="129957658" timestamp="2022-12-11T10:25:21Z" user="spughetti" uid="16155068" lat="37.7995693" lon="-122.4495511"/>
 <node id="10252947877" visible="true" version="1" changeset="129957658" timestamp="2022-12-11T10:25:21Z" user="spughetti" uid="16155068" lat="37.7995768" lon="-122.4495466"/>
 <node id="10252947878" visible="true" version="1" changeset="129957658" timestamp="2022-12-11T10:25:21Z" user="spughetti" uid="16155068" lat="37.7995728" lon="-122.4495511"/>
 <node id="10252947879" visible="true" version="1" changeset="129957658" timestamp="2022-12-11T10:25:21Z" user="spughetti" uid="16155068" lat="37.7995753" lon="-122.4495494"/>
 <node id="10252947880" visible="true" version="1" changeset="129957658" timestamp="2022-12-11T10:25:21Z" user="spughetti" uid="16155068" lat="37.7995575" lon="-122.4495637"/>
 <node id="10252947881" visible="true" version="1" changeset="129957658" timestamp="2022-12-11T10:25:21Z" user="spughetti" uid="16155068" lat="37.7995603" lon="-122.4495570"/>
 <node id="10252947882" visible="true" version="1" changeset="129957658" timestamp="2022-12-11T10:25:21Z" user="spughetti" uid="16155068" lat="37.7995646" lon="-122.4495522"/>
 <node id="10252947883" visible="true" version="1" changeset="129957658" timestamp="2022-12-11T10:25:21Z" user="spughetti" uid="16155068" lat="37.7995865" lon="-122.4495338"/>
 <node id="10252947884" visible="true" version="1" changeset="129957658" timestamp="2022-12-11T10:25:21Z" user="spughetti" uid="16155068" lat="37.7995959" lon="-122.4495122"/>
 <node id="10252947885" visible="true" version="1" changeset="129957658" timestamp="2022-12-11T10:25:21Z" user="spughetti" uid="16155068" lat="37.7995935" lon="-122.4495193"/>
 <node id="10252947886" visible="true" version="1" changeset="129957658" timestamp="2022-12-11T10:25:21Z" user="spughetti" uid="16155068" lat="37.7995928" lon="-122.4495260"/>
 <node id="10252947887" visible="true" version="1" changeset="129957658" timestamp="2022-12-11T10:25:21Z" user="spughetti" uid="16155068" lat="37.7995903" lon="-122.4495316"/>
 <node id="10252947888" visible="true" version="1" changeset="129957658" timestamp="2022-12-11T10:25:21Z" user="spughetti" uid="16155068" lat="37.7995921" lon="-122.4495294"/>
 <node id="10252947889" visible="true" version="1" changeset="129957658" timestamp="2022-12-11T10:25:21Z" user="spughetti" uid="16155068" lat="37.7996098" lon="-122.4494925"/>
 <node id="10252947890" visible="true" version="1" changeset="129957658" timestamp="2022-12-11T10:25:21Z" user="spughetti" uid="16155068" lat="37.7996047" lon="-122.4494985"/>
 <node id="10252947891" visible="true" version="1" changeset="129957658" timestamp="2022-12-11T10:25:21Z" user="spughetti" uid="16155068" lat="37.7996046" lon="-122.4494939"/>
 <node id="10252947892" visible="true" version="1" changeset="129957658" timestamp="2022-12-11T10:25:21Z" user="spughetti" uid="16155068" lat="37.7995996" lon="-122.4495045"/>
 <node id="10252947893" visible="true" version="1" changeset="129957658" timestamp="2022-12-11T10:25:21Z" user="spughetti" uid="16155068" lat="37.7996073" lon="-122.4494912"/>
 <node id="10252947894" visible="true" version="1" changeset="129957658" timestamp="2022-12-11T10:25:21Z" user="spughetti" uid="16155068" lat="37.7996052" lon="-122.4494915"/>
 <node id="10252947895" visible="true" version="1" changeset="129957658" timestamp="2022-12-11T10:25:21Z" user="spughetti" uid="16155068" lat="37.7996189" lon="-122.4494988"/>
 <node id="10252947896" visible="true" version="1" changeset="129957658" timestamp="2022-12-11T10:25:21Z" user="spughetti" uid="16155068" lat="37.7996115" lon="-122.4494952"/>
 <node id="10252947897" visible="true" version="1" changeset="129957658" timestamp="2022-12-11T10:25:21Z" user="spughetti" uid="16155068" lat="37.7996151" lon="-122.4494982"/>
 <node id="10252947898" visible="true" version="1" changeset="129957658" timestamp="2022-12-11T10:25:21Z" user="spughetti" uid="16155068" lat="37.7996249" lon="-122.4494925"/>
 <node id="10252947899" visible="true" version="1" changeset="129957658" timestamp="2022-12-11T10:25:21Z" user="spughetti" uid="16155068" lat="37.7996276" lon="-122.4494883"/>
 <node id="10252947900" visible="true" version="1" changeset="129957658" timestamp="2022-12-11T10:25:21Z" user="spughetti" uid="16155068" lat="37.7996225" lon="-122.4494920"/>
 <node id="10252947901" visible="true" version="1" changeset="129957658" timestamp="2022-12-11T10:25:21Z" user="spughetti" uid="16155068" lat="37.7996196" lon="-122.4494952"/>
 <node id="10252947902" visible="true" version="1" changeset="129957658" timestamp="2022-12-11T10:25:21Z" user="spughetti" uid="16155068" lat="37.7996206" lon="-122.4494930"/>
 <node id="10252947903" visible="true" version="1" changeset="129957658" timestamp="2022-12-11T10:25:21Z" user="spughetti" uid="16155068" lat="37.7996268" lon="-122.4494914"/>
 <node id="10252947904" visible="true" version="1" changeset="129957658" timestamp="2022-12-11T10:25:21Z" user="spughetti" uid="16155068" lat="37.7996273" lon="-122.4494424"/>
 <node id="10252947905" visible="true" version="1" changeset="129957658" timestamp="2022-12-11T10:25:21Z" user="spughetti" uid="16155068" lat="37.7996253" lon="-122.4494225"/>
 <node id="10252947906" visible="true" version="1" changeset="129957658" timestamp="2022-12-11T10:25:21Z" user="spughetti" uid="16155068" lat="37.7996260" lon="-122.4494328"/>
 <node id="10252947907" visible="true" version="1" changeset="129957658" timestamp="2022-12-11T10:25:21Z" user="spughetti" uid="16155068" lat="37.7996232" lon="-122.4494133"/>
 <node id="10252947908" visible="true" version="1" changeset="129957658" timestamp="2022-12-11T10:25:21Z" user="spughetti" uid="16155068" lat="37.7996278" lon="-122.4494660"/>
 <node id="10252947909" visible="true" version="1" changeset="129957658" timestamp="2022-12-11T10:25:21Z" user="spughetti" uid="16155068" lat="37.7996281" lon="-122.4494485"/>
 <node id="10252947910" visible="true" version="1" changeset="129957658" timestamp="2022-12-11T10:25:21Z" user="spughetti" uid="16155068" lat="37.7996295" lon="-122.4494618"/>
 <node id="10252947911" visible="true" version="1" changeset="129957658" timestamp="2022-12-11T10:25:21Z" user="spughetti" uid="16155068" lat="37.7996296" lon="-122.4494529"/>
 <node id="10252947912" visible="true" version="1" changeset="129957658" timestamp="2022-12-11T10:25:21Z" user="spughetti" uid="16155068" lat="37.7996304" lon="-122.4494575"/>
 <node id="10252947913" visible="true" version="1" changeset="129957658" timestamp="2022-12-11T10:25:21Z" user="spughetti" uid="16155068" lat="37.7996286" lon="-122.4494765"/>
 <node id="10252947914" visible="true" version="1" changeset="129957658" timestamp="2022-12-11T10:25:21Z" user="spughetti" uid="16155068" lat="37.7996273" lon="-122.4494707"/>
 <node id="10252947915" visible="true" version="1" changeset="129957658" timestamp="2022-12-11T10:25:21Z" user="spughetti" uid="16155068" lat="37.7996279" lon="-122.4493789"/>
 <node id="10252947916" visible="true" version="1" changeset="129957658" timestamp="2022-12-11T10:25:21Z" user="spughetti" uid="16155068" lat="37.7996237" lon="-122.4493866"/>
 <node id="10252947917" visible="true" version="1" changeset="129957658" timestamp="2022-12-11T10:25:21Z" user="spughetti" uid="16155068" lat="37.7996195" lon="-122.4493975"/>
 <node id="10252947918" visible="true" version="1" changeset="129957658" timestamp="2022-12-11T10:25:21Z" user="spughetti" uid="16155068" lat="37.7996196" lon="-122.4493914"/>
 <node id="10252947919" visible="true" version="1" changeset="129957658" timestamp="2022-12-11T10:25:21Z" user="spughetti" uid="16155068" lat="37.7996213" lon="-122.4493886"/>
 <node id="10252947920" visible="true" version="2" changeset="166282123" timestamp="2025-05-15T01:50:20Z" user="TheNightRider" uid="1968961" lat="37.7996274" lon="-122.4493832"/>
 <node id="10252947921" visible="true" version="1" changeset="129957658" timestamp="2022-12-11T10:25:21Z" user="spughetti" uid="16155068" lat="37.7996259" lon="-122.4493854"/>
 <node id="10252947923" visible="true" version="1" changeset="129957658" timestamp="2022-12-11T10:25:21Z" user="spughetti" uid="16155068" lat="37.7996302" lon="-122.4493538"/>
 <node id="10252947924" visible="true" version="1" changeset="129957658" timestamp="2022-12-11T10:25:21Z" user="spughetti" uid="16155068" lat="37.7996168" lon="-122.4491798"/>
 <node id="10252947925" visible="true" version="1" changeset="129957658" timestamp="2022-12-11T10:25:21Z" user="spughetti" uid="16155068" lat="37.7996032" lon="-122.4491334"/>
 <node id="10252947926" visible="true" version="1" changeset="129957658" timestamp="2022-12-11T10:25:21Z" user="spughetti" uid="16155068" lat="37.7995670" lon="-122.4490742"/>
 <node id="10252947927" visible="true" version="1" changeset="129957658" timestamp="2022-12-11T10:25:21Z" user="spughetti" uid="16155068" lat="37.7995649" lon="-122.4490799"/>
 <node id="10252947928" visible="true" version="1" changeset="129957658" timestamp="2022-12-11T10:25:21Z" user="spughetti" uid="16155068" lat="37.7995712" lon="-122.4490712"/>
 <node id="10252947929" visible="true" version="1" changeset="129957658" timestamp="2022-12-11T10:25:21Z" user="spughetti" uid="16155068" lat="37.7995853" lon="-122.4490748"/>
 <node id="10252947930" visible="true" version="1" changeset="129957658" timestamp="2022-12-11T10:25:21Z" user="spughetti" uid="16155068" lat="37.7995810" lon="-122.4490712"/>
 <node id="10252947931" visible="true" version="1" changeset="129957658" timestamp="2022-12-11T10:25:21Z" user="spughetti" uid="16155068" lat="37.7995892" lon="-122.4490795"/>
 <node id="10252947932" visible="true" version="1" changeset="129957658" timestamp="2022-12-11T10:25:21Z" user="spughetti" uid="16155068" lat="37.7995567" lon="-122.4492889"/>
 <node id="10252947933" visible="true" version="1" changeset="129957658" timestamp="2022-12-11T10:25:21Z" user="spughetti" uid="16155068" lat="37.7995663" lon="-122.4491896"/>
 <node id="10252947934" visible="true" version="1" changeset="129957658" timestamp="2022-12-11T10:25:21Z" user="spughetti" uid="16155068" lat="37.7995634" lon="-122.4492393"/>
 <node id="10252947935" visible="true" version="1" changeset="129957658" timestamp="2022-12-11T10:25:21Z" user="spughetti" uid="16155068" lat="37.7995668" lon="-122.4491641"/>
 <node id="10252947936" visible="true" version="1" changeset="129957658" timestamp="2022-12-11T10:25:21Z" user="spughetti" uid="16155068" lat="37.7995450" lon="-122.4493399"/>
 <node id="10252947937" visible="true" version="1" changeset="129957658" timestamp="2022-12-11T10:25:21Z" user="spughetti" uid="16155068" lat="37.7995362" lon="-122.4493625"/>
 <node id="10252947938" visible="true" version="1" changeset="129957658" timestamp="2022-12-11T10:25:21Z" user="spughetti" uid="16155068" lat="37.7995517" lon="-122.4493144"/>
 <node id="10252947939" visible="true" version="1" changeset="129957658" timestamp="2022-12-11T10:25:21Z" user="spughetti" uid="16155068" lat="37.7994848" lon="-122.4494457"/>
 <node id="10252947940" visible="true" version="1" changeset="129957658" timestamp="2022-12-11T10:25:21Z" user="spughetti" uid="16155068" lat="37.7995060" lon="-122.4494151"/>
 <node id="10252947941" visible="true" version="1" changeset="129957658" timestamp="2022-12-11T10:25:21Z" user="spughetti" uid="16155068" lat="37.7995604" lon="-122.4492643"/>
 <node id="10252947942" visible="true" version="1" changeset="129957658" timestamp="2022-12-11T10:25:21Z" user="spughetti" uid="16155068" lat="37.7994160" lon="-122.4494385"/>
 <node id="10252947943" visible="true" version="1" changeset="129957658" timestamp="2022-12-11T10:25:21Z" user="spughetti" uid="16155068" lat="37.7994323" lon="-122.4494428"/>
 <node id="10252947944" visible="true" version="1" changeset="129957658" timestamp="2022-12-11T10:25:21Z" user="spughetti" uid="16155068" lat="37.7995258" lon="-122.4493095"/>
 <node id="10252947945" visible="true" version="1" changeset="129957658" timestamp="2022-12-11T10:25:21Z" user="spughetti" uid="16155068" lat="37.7995351" lon="-122.4490634"/>
 <node id="10252947946" visible="true" version="1" changeset="129957658" timestamp="2022-12-11T10:25:21Z" user="spughetti" uid="16155068" lat="37.7994811" lon="-122.4486772"/>
 <node id="10252947947" visible="true" version="1" changeset="129957658" timestamp="2022-12-11T10:25:21Z" user="spughetti" uid="16155068" lat="37.7994636" lon="-122.4485008"/>
 <node id="10252947948" visible="true" version="1" changeset="129957658" timestamp="2022-12-11T10:25:21Z" user="spughetti" uid="16155068" lat="37.7993930" lon="-122.4482998"/>
 <node id="10252947949" visible="true" version="1" changeset="129957658" timestamp="2022-12-11T10:25:21Z" user="spughetti" uid="16155068" lat="37.7993530" lon="-122.4482716"/>
 <node id="10252947950" visible="true" version="1" changeset="129957658" timestamp="2022-12-11T10:25:21Z" user="spughetti" uid="16155068" lat="37.7993088" lon="-122.4488659"/>
 <node id="10252947951" visible="true" version="1" changeset="129957658" timestamp="2022-12-11T10:25:21Z" user="spughetti" uid="16155068" lat="37.7993394" lon="-122.4491579"/>
 <node id="10252947952" visible="true" version="1" changeset="129957658" timestamp="2022-12-11T10:25:21Z" user="spughetti" uid="16155068" lat="37.7993723" lon="-122.4493018"/>
 <node id="10252947953" visible="true" version="1" changeset="129957658" timestamp="2022-12-11T10:25:21Z" user="spughetti" uid="16155068" lat="37.7993928" lon="-122.4493710"/>
 <node id="10252947954" visible="true" version="1" changeset="129957658" timestamp="2022-12-11T10:25:21Z" user="spughetti" uid="16155068" lat="37.7993544" lon="-122.4492302"/>
 <node id="10252947955" visible="true" version="1" changeset="129957658" timestamp="2022-12-11T10:25:21Z" user="spughetti" uid="16155068" lat="37.7994043" lon="-122.4494053"/>
 <node id="10252947956" visible="true" version="1" changeset="129957658" timestamp="2022-12-11T10:25:21Z" user="spughetti" uid="16155068" lat="37.7993815" lon="-122.4493346"/>
 <node id="10252947957" visible="true" version="1" changeset="129957658" timestamp="2022-12-11T10:25:21Z" user="spughetti" uid="16155068" lat="37.7993631" lon="-122.4492659"/>
 <node id="10252947958" visible="true" version="1" changeset="129957658" timestamp="2022-12-11T10:25:21Z" user="spughetti" uid="16155068" lat="37.7993466" lon="-122.4491941"/>
 <node id="10252947959" visible="true" version="1" changeset="129957658" timestamp="2022-12-11T10:25:21Z" user="spughetti" uid="16155068" lat="37.7993185" lon="-122.4490162"/>
 <node id="10252947960" visible="true" version="1" changeset="129957658" timestamp="2022-12-11T10:25:21Z" user="spughetti" uid="16155068" lat="37.7993277" lon="-122.4490867"/>
 <node id="10252947961" visible="true" version="1" changeset="129957658" timestamp="2022-12-11T10:25:21Z" user="spughetti" uid="16155068" lat="37.7993331" lon="-122.4491229"/>
 <node id="10252947962" visible="true" version="1" changeset="129957658" timestamp="2022-12-11T10:25:21Z" user="spughetti" uid="16155068" lat="37.7993228" lon="-122.4490511"/>
 <node id="10252947963" visible="true" version="1" changeset="129957658" timestamp="2022-12-11T10:25:21Z" user="spughetti" uid="16155068" lat="37.7993121" lon="-122.4489397"/>
 <node id="10252947964" visible="true" version="1" changeset="129957658" timestamp="2022-12-11T10:25:21Z" user="spughetti" uid="16155068" lat="37.7993154" lon="-122.4489813"/>
 <node id="10252947965" visible="true" version="1" changeset="129957658" timestamp="2022-12-11T10:25:21Z" user="spughetti" uid="16155068" lat="37.7993128" lon="-122.4486970"/>
 <node id="10252947966" visible="true" version="1" changeset="129957658" timestamp="2022-12-11T10:25:21Z" user="spughetti" uid="16155068" lat="37.7993873" lon="-122.4487843"/>
 <node id="10252947967" visible="true" version="1" changeset="129957658" timestamp="2022-12-11T10:25:21Z" user="spughetti" uid="16155068" lat="37.7993601" lon="-122.4488496"/>
 <node id="10252947968" visible="true" version="1" changeset="129957658" timestamp="2022-12-11T10:25:21Z" user="spughetti" uid="16155068" lat="37.7993356" lon="-122.4488645"/>
 <node id="10252947969" visible="true" version="1" changeset="129957658" timestamp="2022-12-11T10:25:21Z" user="spughetti" uid="16155068" lat="37.7993234" lon="-122.4488661"/>
 <node id="10252947970" visible="true" version="1" changeset="129957658" timestamp="2022-12-11T10:25:21Z" user="spughetti" uid="16155068" lat="37.7993485" lon="-122.4488582"/>
 <node id="10252947971" visible="true" version="1" changeset="129957658" timestamp="2022-12-11T10:25:21Z" user="spughetti" uid="16155068" lat="37.7993794" lon="-122.4488218"/>
 <node id="10252947972" visible="true" version="1" changeset="129957658" timestamp="2022-12-11T10:25:21Z" user="spughetti" uid="16155068" lat="37.7993709" lon="-122.4488369"/>
 <node id="10252947973" visible="true" version="1" changeset="129957658" timestamp="2022-12-11T10:25:21Z" user="spughetti" uid="16155068" lat="37.7993849" lon="-122.4488040"/>
 <node id="10252947974" visible="true" version="1" changeset="129957658" timestamp="2022-12-11T10:25:21Z" user="spughetti" uid="16155068" lat="37.7993684" lon="-122.4487208"/>
 <node id="10252947975" visible="true" version="1" changeset="129957658" timestamp="2022-12-11T10:25:21Z" user="spughetti" uid="16155068" lat="37.7993835" lon="-122.4487499"/>
 <node id="10252947976" visible="true" version="1" changeset="129957658" timestamp="2022-12-11T10:25:21Z" user="spughetti" uid="16155068" lat="37.7993765" lon="-122.4487349"/>
 <node id="10252947977" visible="true" version="1" changeset="129957658" timestamp="2022-12-11T10:25:21Z" user="spughetti" uid="16155068" lat="37.7993867" lon="-122.4487665"/>
 <node id="10252947978" visible="true" version="1" changeset="129957658" timestamp="2022-12-11T10:25:21Z" user="spughetti" uid="16155068" lat="37.7993417" lon="-122.4487023"/>
 <node id="10252947979" visible="true" version="1" changeset="129957658" timestamp="2022-12-11T10:25:21Z" user="spughetti" uid="16155068" lat="37.7993558" lon="-122.4487094"/>
 <node id="10252947980" visible="true" version="1" changeset="129957658" timestamp="2022-12-11T10:25:21Z" user="spughetti" uid="16155068" lat="37.7993302" lon="-122.4486985"/>
 <node id="10252947981" visible="true" version="1" changeset="129957658" timestamp="2022-12-11T10:25:21Z" user="spughetti" uid="16155068" lat="37.7993097" lon="-122.4489030"/>
 <node id="10252947982" visible="true" version="1" changeset="129957658" timestamp="2022-12-11T10:25:21Z" user="spughetti" uid="16155068" lat="37.7993157" lon="-122.4486557"/>
 <node id="10252947983" visible="true" version="1" changeset="129957658" timestamp="2022-12-11T10:25:21Z" user="spughetti" uid="16155068" lat="37.7993170" lon="-122.4486372"/>
 <node id="10252947984" visible="true" version="1" changeset="129957658" timestamp="2022-12-11T10:25:21Z" user="spughetti" uid="16155068" lat="37.7993839" lon="-122.4482863"/>
 <node id="10252947985" visible="true" version="1" changeset="129957658" timestamp="2022-12-11T10:25:21Z" user="spughetti" uid="16155068" lat="37.7993700" lon="-122.4482715"/>
 <node id="10252947986" visible="true" version="1" changeset="129957658" timestamp="2022-12-11T10:25:21Z" user="spughetti" uid="16155068" lat="37.7993616" lon="-122.4482696"/>
 <node id="10252947987" visible="true" version="1" changeset="129957658" timestamp="2022-12-11T10:25:21Z" user="spughetti" uid="16155068" lat="37.7993785" lon="-122.4482794"/>
 <node id="10252947988" visible="true" version="1" changeset="129957658" timestamp="2022-12-11T10:25:21Z" user="spughetti" uid="16155068" lat="37.7994138" lon="-122.4483379"/>
 <node id="10252947989" visible="true" version="1" changeset="129957658" timestamp="2022-12-11T10:25:21Z" user="spughetti" uid="16155068" lat="37.7994038" lon="-122.4483186"/>
 <node id="10252947990" visible="true" version="1" changeset="129957658" timestamp="2022-12-11T10:25:21Z" user="spughetti" uid="16155068" lat="37.7993571" lon="-122.4482699"/>
 <node id="10252947991" visible="true" version="1" changeset="129957658" timestamp="2022-12-11T10:25:21Z" user="spughetti" uid="16155068" lat="37.7993659" lon="-122.4482701"/>
 <node id="10252947992" visible="true" version="1" changeset="129957658" timestamp="2022-12-11T10:25:21Z" user="spughetti" uid="16155068" lat="37.7993739" lon="-122.4482746"/>
 <node id="10252947993" visible="true" version="1" changeset="129957658" timestamp="2022-12-11T10:25:21Z" user="spughetti" uid="16155068" lat="37.7994414" lon="-122.4484170"/>
 <node id="10252947994" visible="true" version="1" changeset="129957658" timestamp="2022-12-11T10:25:21Z" user="spughetti" uid="16155068" lat="37.7994290" lon="-122.4483764"/>
 <node id="10252947995" visible="true" version="1" changeset="129957658" timestamp="2022-12-11T10:25:21Z" user="spughetti" uid="16155068" lat="37.7994220" lon="-122.4483567"/>
 <node id="10252947996" visible="true" version="1" changeset="129957658" timestamp="2022-12-11T10:25:21Z" user="spughetti" uid="16155068" lat="37.7994355" lon="-122.4483963"/>
 <node id="10252947997" visible="true" version="1" changeset="129957658" timestamp="2022-12-11T10:25:21Z" user="spughetti" uid="16155068" lat="37.7994532" lon="-122.4484586"/>
 <node id="10252947998" visible="true" version="1" changeset="129957658" timestamp="2022-12-11T10:25:21Z" user="spughetti" uid="16155068" lat="37.7994476" lon="-122.4484378"/>
 <node id="10252947999" visible="true" version="1" changeset="129957658" timestamp="2022-12-11T10:25:21Z" user="spughetti" uid="16155068" lat="37.7994587" lon="-122.4484795"/>
 <node id="10252948000" visible="true" version="1" changeset="129957658" timestamp="2022-12-11T10:25:21Z" user="spughetti" uid="16155068" lat="37.7994722" lon="-122.4485729"/>
 <node id="10252948001" visible="true" version="1" changeset="129957658" timestamp="2022-12-11T10:25:21Z" user="spughetti" uid="16155068" lat="37.7994678" lon="-122.4485325"/>
 <node id="10252948002" visible="true" version="1" changeset="129957658" timestamp="2022-12-11T10:25:21Z" user="spughetti" uid="16155068" lat="37.7994766" lon="-122.4486494"/>
 <node id="10252948003" visible="true" version="1" changeset="129957658" timestamp="2022-12-11T10:25:21Z" user="spughetti" uid="16155068" lat="37.7995125" lon="-122.4488677"/>
 <node id="10252948004" visible="true" version="1" changeset="129957658" timestamp="2022-12-11T10:25:21Z" user="spughetti" uid="16155068" lat="37.7994858" lon="-122.4487126"/>
 <node id="10252948005" visible="true" version="1" changeset="129957658" timestamp="2022-12-11T10:25:21Z" user="spughetti" uid="16155068" lat="37.7995143" lon="-122.4489324"/>
 <node id="10252948006" visible="true" version="1" changeset="129957658" timestamp="2022-12-11T10:25:21Z" user="spughetti" uid="16155068" lat="37.7995214" lon="-122.4489313"/>
 <node id="10252948007" visible="true" version="1" changeset="129957658" timestamp="2022-12-11T10:25:21Z" user="spughetti" uid="16155068" lat="37.7995017" lon="-122.4488050"/>
 <node id="10252948008" visible="true" version="1" changeset="129957658" timestamp="2022-12-11T10:25:21Z" user="spughetti" uid="16155068" lat="37.7994882" lon="-122.4487266"/>
 <node id="10252948009" visible="true" version="1" changeset="129957658" timestamp="2022-12-11T10:25:21Z" user="spughetti" uid="16155068" lat="37.7994802" lon="-122.4487284"/>
 <node id="10252948010" visible="true" version="1" changeset="129957658" timestamp="2022-12-11T10:25:21Z" user="spughetti" uid="16155068" lat="37.7994937" lon="-122.4488071"/>
 <node id="10252948011" visible="true" version="1" changeset="129957658" timestamp="2022-12-11T10:25:21Z" user="spughetti" uid="16155068" lat="37.7994697" lon="-122.4486500"/>
 <node id="10252948012" visible="true" version="1" changeset="129957658" timestamp="2022-12-11T10:25:21Z" user="spughetti" uid="16155068" lat="37.7994654" lon="-122.4485734"/>
 <node id="10252948013" visible="true" version="1" changeset="129957658" timestamp="2022-12-11T10:25:21Z" user="spughetti" uid="16155068" lat="37.7995225" lon="-122.4490002"/>
 <node id="10252948014" visible="true" version="1" changeset="129957658" timestamp="2022-12-11T10:25:21Z" user="spughetti" uid="16155068" lat="37.7995299" lon="-122.4489992"/>
 <node id="10252948015" visible="true" version="1" changeset="129957658" timestamp="2022-12-11T10:25:21Z" user="spughetti" uid="16155068" lat="37.7995328" lon="-122.4490310"/>
 <node id="10252948016" visible="true" version="1" changeset="129957658" timestamp="2022-12-11T10:25:21Z" user="spughetti" uid="16155068" lat="37.7995387" lon="-122.4491880"/>
 <node id="10252948017" visible="true" version="1" changeset="129957658" timestamp="2022-12-11T10:25:21Z" user="spughetti" uid="16155068" lat="37.7995380" lon="-122.4491257"/>
 <node id="10252948018" visible="true" version="1" changeset="129957658" timestamp="2022-12-11T10:25:21Z" user="spughetti" uid="16155068" lat="37.7995390" lon="-122.4491567"/>
 <node id="10252948019" visible="true" version="1" changeset="129957658" timestamp="2022-12-11T10:25:21Z" user="spughetti" uid="16155068" lat="37.7995350" lon="-122.4492495"/>
 <node id="10252948020" visible="true" version="1" changeset="129957658" timestamp="2022-12-11T10:25:21Z" user="spughetti" uid="16155068" lat="37.7995319" lon="-122.4492798"/>
 <node id="10252948021" visible="true" version="1" changeset="129957658" timestamp="2022-12-11T10:25:21Z" user="spughetti" uid="16155068" lat="37.7995375" lon="-122.4492187"/>
 <node id="10252948022" visible="true" version="1" changeset="129957658" timestamp="2022-12-11T10:25:21Z" user="spughetti" uid="16155068" lat="37.7994905" lon="-122.4493900"/>
 <node id="10252948023" visible="true" version="1" changeset="129957658" timestamp="2022-12-11T10:25:21Z" user="spughetti" uid="16155068" lat="37.7995110" lon="-122.4493520"/>
 <node id="10252948024" visible="true" version="1" changeset="129957658" timestamp="2022-12-11T10:25:21Z" user="spughetti" uid="16155068" lat="37.7995192" lon="-122.4493312"/>
 <node id="10252948025" visible="true" version="1" changeset="129957658" timestamp="2022-12-11T10:25:21Z" user="spughetti" uid="16155068" lat="37.7995012" lon="-122.4493716"/>
 <node id="10252948026" visible="true" version="1" changeset="129957658" timestamp="2022-12-11T10:25:21Z" user="spughetti" uid="16155068" lat="37.7994629" lon="-122.4494199"/>
 <node id="10252948027" visible="true" version="1" changeset="129957658" timestamp="2022-12-11T10:25:21Z" user="spughetti" uid="16155068" lat="37.7994478" lon="-122.4494325"/>
 <node id="10252948028" visible="true" version="1" changeset="129957658" timestamp="2022-12-11T10:25:21Z" user="spughetti" uid="16155068" lat="37.7994777" lon="-122.4494063"/>
 <node id="10252948029" visible="true" version="1" changeset="129957658" timestamp="2022-12-11T10:25:21Z" user="spughetti" uid="16155068" lat="37.7994233" lon="-122.4494431"/>
 <node id="10252948030" visible="true" version="1" changeset="129957658" timestamp="2022-12-11T10:25:21Z" user="spughetti" uid="16155068" lat="37.7994280" lon="-122.4494435"/>
 <node id="10252948031" visible="true" version="1" changeset="129957658" timestamp="2022-12-11T10:25:21Z" user="spughetti" uid="16155068" lat="37.7994195" lon="-122.4494414"/>
 <node id="10252948083" visible="true" version="1" changeset="129957658" timestamp="2022-12-11T10:25:21Z" user="spughetti" uid="16155068" lat="37.7997153" lon="-122.4493066"/>
 <node id="10252948084" visible="true" version="1" changeset="129957658" timestamp="2022-12-11T10:25:21Z" user="spughetti" uid="16155068" lat="37.8000462" lon="-122.4494331"/>
 <node id="10252948085" visible="true" version="1" changeset="129957658" timestamp="2022-12-11T10:25:21Z" user="spughetti" uid="16155068" lat="37.8002825" lon="-122.4492942"/>
 <node id="10252948086" visible="true" version="1" changeset="129957658" timestamp="2022-12-11T10:25:21Z" user="spughetti" uid="16155068" lat="37.8003870" lon="-122.4490035"/>
 <node id="10252948087" visible="true" version="1" changeset="129957658" timestamp="2022-12-11T10:25:21Z" user="spughetti" uid="16155068" lat="37.8003604" lon="-122.4488613"/>
 <node id="10252948088" visible="true" version="1" changeset="129957658" timestamp="2022-12-11T10:25:21Z" user="spughetti" uid="16155068" lat="37.8002844" lon="-122.4487928"/>
 <node id="10252948089" visible="true" version="1" changeset="129957658" timestamp="2022-12-11T10:25:21Z" user="spughetti" uid="16155068" lat="37.8002743" lon="-122.4488527"/>
 <node id="10252948090" visible="true" version="1" changeset="129957658" timestamp="2022-12-11T10:25:21Z" user="spughetti" uid="16155068" lat="37.8002533" lon="-122.4489933"/>
 <node id="10252948091" visible="true" version="1" changeset="129957658" timestamp="2022-12-11T10:25:21Z" user="spughetti" uid="16155068" lat="37.8002939" lon="-122.4491152"/>
 <node id="10252948092" visible="true" version="1" changeset="129957658" timestamp="2022-12-11T10:25:21Z" user="spughetti" uid="16155068" lat="37.8001444" lon="-122.4492446"/>
 <node id="10252948093" visible="true" version="1" changeset="129957658" timestamp="2022-12-11T10:25:21Z" user="spughetti" uid="16155068" lat="37.8000293" lon="-122.4493573"/>
 <node id="10252948094" visible="true" version="1" changeset="129957658" timestamp="2022-12-11T10:25:21Z" user="spughetti" uid="16155068" lat="37.7997981" lon="-122.4492750"/>
 <node id="10252948095" visible="true" version="1" changeset="129957658" timestamp="2022-12-11T10:25:21Z" user="spughetti" uid="16155068" lat="37.7998723" lon="-122.4494181"/>
 <node id="10252948096" visible="true" version="1" changeset="129957658" timestamp="2022-12-11T10:25:21Z" user="spughetti" uid="16155068" lat="37.7997886" lon="-122.4493741"/>
 <node id="10252948097" visible="true" version="1" changeset="129957658" timestamp="2022-12-11T10:25:21Z" user="spughetti" uid="16155068" lat="37.7997515" lon="-122.4493419"/>
 <node id="10252948098" visible="true" version="1" changeset="129957658" timestamp="2022-12-11T10:25:21Z" user="spughetti" uid="16155068" lat="37.7998297" lon="-122.4493984"/>
 <node id="10252948099" visible="true" version="1" changeset="129957658" timestamp="2022-12-11T10:25:21Z" user="spughetti" uid="16155068" lat="37.7999591" lon="-122.4494358"/>
 <node id="10252948100" visible="true" version="1" changeset="129957658" timestamp="2022-12-11T10:25:21Z" user="spughetti" uid="16155068" lat="37.7999153" lon="-122.4494292"/>
 <node id="10252948101" visible="true" version="1" changeset="129957658" timestamp="2022-12-11T10:25:21Z" user="spughetti" uid="16155068" lat="37.8000028" lon="-122.4494365"/>
 <node id="10252948102" visible="true" version="1" changeset="129957658" timestamp="2022-12-11T10:25:21Z" user="spughetti" uid="16155068" lat="37.8000244" lon="-122.4494351"/>
 <node id="10252948103" visible="true" version="1" changeset="129957658" timestamp="2022-12-11T10:25:21Z" user="spughetti" uid="16155068" lat="37.7999810" lon="-122.4494369"/>
 <node id="10252948104" visible="true" version="1" changeset="129957658" timestamp="2022-12-11T10:25:21Z" user="spughetti" uid="16155068" lat="37.7999372" lon="-122.4494334"/>
 <node id="10252948105" visible="true" version="1" changeset="129957658" timestamp="2022-12-11T10:25:21Z" user="spughetti" uid="16155068" lat="37.7998938" lon="-122.4494242"/>
 <node id="10252948106" visible="true" version="1" changeset="129957658" timestamp="2022-12-11T10:25:21Z" user="spughetti" uid="16155068" lat="37.7998508" lon="-122.4494094"/>
 <node id="10252948107" visible="true" version="1" changeset="129957658" timestamp="2022-12-11T10:25:21Z" user="spughetti" uid="16155068" lat="37.7998092" lon="-122.4493871"/>
 <node id="10252948108" visible="true" version="1" changeset="129957658" timestamp="2022-12-11T10:25:21Z" user="spughetti" uid="16155068" lat="37.7997699" lon="-122.4493589"/>
 <node id="10252948109" visible="true" version="1" changeset="129957658" timestamp="2022-12-11T10:25:21Z" user="spughetti" uid="16155068" lat="37.7997507" lon="-122.4492926"/>
 <node id="10252948110" visible="true" version="1" changeset="129957658" timestamp="2022-12-11T10:25:21Z" user="spughetti" uid="16155068" lat="37.7997733" lon="-122.4492791"/>
 <node id="10252948111" visible="true" version="1" changeset="129957658" timestamp="2022-12-11T10:25:21Z" user="spughetti" uid="16155068" lat="37.7997620" lon="-122.4492852"/>
 <node id="10252948112" visible="true" version="1" changeset="129957658" timestamp="2022-12-11T10:25:21Z" user="spughetti" uid="16155068" lat="37.7997855" lon="-122.4492762"/>
 <node id="10252948113" visible="true" version="1" changeset="129957658" timestamp="2022-12-11T10:25:21Z" user="spughetti" uid="16155068" lat="37.7999164" lon="-122.4493606"/>
 <node id="10252948114" visible="true" version="1" changeset="129957658" timestamp="2022-12-11T10:25:21Z" user="spughetti" uid="16155068" lat="37.7998354" lon="-122.4492970"/>
 <node id="10252948115" visible="true" version="1" changeset="129957658" timestamp="2022-12-11T10:25:21Z" user="spughetti" uid="16155068" lat="37.7998291" lon="-122.4492794"/>
 <node id="10252948116" visible="true" version="1" changeset="129957658" timestamp="2022-12-11T10:25:21Z" user="spughetti" uid="16155068" lat="37.7998127" lon="-122.4492720"/>
 <node id="10252948117" visible="true" version="1" changeset="129957658" timestamp="2022-12-11T10:25:21Z" user="spughetti" uid="16155068" lat="37.7998201" lon="-122.4492735"/>
 <node id="10252948118" visible="true" version="1" changeset="129957658" timestamp="2022-12-11T10:25:21Z" user="spughetti" uid="16155068" lat="37.7998054" lon="-122.4492731"/>
 <node id="10252948119" visible="true" version="1" changeset="129957658" timestamp="2022-12-11T10:25:21Z" user="spughetti" uid="16155068" lat="37.7998884" lon="-122.4493471"/>
 <node id="10252948120" visible="true" version="1" changeset="129957658" timestamp="2022-12-11T10:25:21Z" user="spughetti" uid="16155068" lat="37.7998517" lon="-122.4493260"/>
 <node id="10252948121" visible="true" version="1" changeset="129957658" timestamp="2022-12-11T10:25:21Z" user="spughetti" uid="16155068" lat="37.7998431" lon="-122.4493063"/>
 <node id="10252948122" visible="true" version="1" changeset="129957658" timestamp="2022-12-11T10:25:21Z" user="spughetti" uid="16155068" lat="37.7998310" lon="-122.4492846"/>
 <node id="10252948123" visible="true" version="1" changeset="129957658" timestamp="2022-12-11T10:25:21Z" user="spughetti" uid="16155068" lat="37.7998328" lon="-122.4492916"/>
 <node id="10252948124" visible="true" version="1" changeset="129957658" timestamp="2022-12-11T10:25:21Z" user="spughetti" uid="16155068" lat="37.7998251" lon="-122.4492757"/>
 <node id="10252948125" visible="true" version="1" changeset="129957658" timestamp="2022-12-11T10:25:21Z" user="spughetti" uid="16155068" lat="37.7998400" lon="-122.4493033"/>
 <node id="10252948126" visible="true" version="1" changeset="129957658" timestamp="2022-12-11T10:25:21Z" user="spughetti" uid="16155068" lat="37.7998447" lon="-122.4493157"/>
 <node id="10252948127" visible="true" version="1" changeset="129957658" timestamp="2022-12-11T10:25:21Z" user="spughetti" uid="16155068" lat="37.7998447" lon="-122.4493105"/>
 <node id="10252948128" visible="true" version="1" changeset="129957658" timestamp="2022-12-11T10:25:21Z" user="spughetti" uid="16155068" lat="37.7998467" lon="-122.4493232"/>
 <node id="10252948129" visible="true" version="1" changeset="129957658" timestamp="2022-12-11T10:25:21Z" user="spughetti" uid="16155068" lat="37.7998452" lon="-122.4493196"/>
 <node id="10252948130" visible="true" version="1" changeset="129957658" timestamp="2022-12-11T10:25:21Z" user="spughetti" uid="16155068" lat="37.7998490" lon="-122.4493253"/>
 <node id="10252948131" visible="true" version="1" changeset="129957658" timestamp="2022-12-11T10:25:21Z" user="spughetti" uid="16155068" lat="37.7998813" lon="-122.4493423"/>
 <node id="10252948132" visible="true" version="1" changeset="129957658" timestamp="2022-12-11T10:25:21Z" user="spughetti" uid="16155068" lat="37.7998769" lon="-122.4493357"/>
 <node id="10252948133" visible="true" version="1" changeset="129957658" timestamp="2022-12-11T10:25:21Z" user="spughetti" uid="16155068" lat="37.7998740" lon="-122.4493293"/>
 <node id="10252948134" visible="true" version="1" changeset="129957658" timestamp="2022-12-11T10:25:21Z" user="spughetti" uid="16155068" lat="37.7998690" lon="-122.4493303"/>
 <node id="10252948135" visible="true" version="1" changeset="129957658" timestamp="2022-12-11T10:25:21Z" user="spughetti" uid="16155068" lat="37.7998645" lon="-122.4493330"/>
 <node id="10252948136" visible="true" version="1" changeset="129957658" timestamp="2022-12-11T10:25:21Z" user="spughetti" uid="16155068" lat="37.7998580" lon="-122.4493303"/>
 <node id="10252948137" visible="true" version="2" changeset="166282123" timestamp="2025-05-15T01:50:20Z" user="TheNightRider" uid="1968961" lat="37.7998715" lon="-122.4493282"/>
 <node id="10252948139" visible="true" version="1" changeset="129957658" timestamp="2022-12-11T10:25:21Z" user="spughetti" uid="16155068" lat="37.7998672" lon="-122.4493320"/>
 <node id="10252948140" visible="true" version="1" changeset="129957658" timestamp="2022-12-11T10:25:21Z" user="spughetti" uid="16155068" lat="37.7998614" lon="-122.4493320"/>
 <node id="10252948141" visible="true" version="1" changeset="129957658" timestamp="2022-12-11T10:25:21Z" user="spughetti" uid="16155068" lat="37.7998791" lon="-122.4493393"/>
 <node id="10252948142" visible="true" version="1" changeset="129957658" timestamp="2022-12-11T10:25:21Z" user="spughetti" uid="16155068" lat="37.7998849" lon="-122.4493449"/>
 <node id="10252948143" visible="true" version="1" changeset="129957658" timestamp="2022-12-11T10:25:21Z" user="spughetti" uid="16155068" lat="37.7999701" lon="-122.4493911"/>
 <node id="10252948144" visible="true" version="1" changeset="129957658" timestamp="2022-12-11T10:25:21Z" user="spughetti" uid="16155068" lat="37.7999002" lon="-122.4493656"/>
 <node id="10252948145" visible="true" version="1" changeset="129957658" timestamp="2022-12-11T10:25:21Z" user="spughetti" uid="16155068" lat="37.7998952" lon="-122.4493510"/>
 <node id="10252948146" visible="true" version="1" changeset="129957658" timestamp="2022-12-11T10:25:21Z" user="spughetti" uid="16155068" lat="37.7998932" lon="-122.4493469"/>
 <node id="10252948147" visible="true" version="1" changeset="129957658" timestamp="2022-12-11T10:25:21Z" user="spughetti" uid="16155068" lat="37.7998946" lon="-122.4493485"/>
 <node id="10252948148" visible="true" version="1" changeset="129957658" timestamp="2022-12-11T10:25:21Z" user="spughetti" uid="16155068" lat="37.7998955" lon="-122.4493579"/>
 <node id="10252948149" visible="true" version="1" changeset="129957658" timestamp="2022-12-11T10:25:21Z" user="spughetti" uid="16155068" lat="37.7998974" lon="-122.4493631"/>
 <node id="10252948150" visible="true" version="1" changeset="129957658" timestamp="2022-12-11T10:25:21Z" user="spughetti" uid="16155068" lat="37.7999072" lon="-122.4493652"/>
 <node id="10252948151" visible="true" version="1" changeset="129957658" timestamp="2022-12-11T10:25:21Z" user="spughetti" uid="16155068" lat="37.7999093" lon="-122.4493616"/>
 <node id="10252948152" visible="true" version="1" changeset="129957658" timestamp="2022-12-11T10:25:21Z" user="spughetti" uid="16155068" lat="37.7999137" lon="-122.4493594"/>
 <node id="10252948153" visible="true" version="1" changeset="129957658" timestamp="2022-12-11T10:25:21Z" user="spughetti" uid="16155068" lat="37.7999111" lon="-122.4493598"/>
 <node id="10252948154" visible="true" version="1" changeset="129957658" timestamp="2022-12-11T10:25:21Z" user="spughetti" uid="16155068" lat="37.7999040" lon="-122.4493664"/>
 <node id="10252948155" visible="true" version="1" changeset="129957658" timestamp="2022-12-11T10:25:21Z" user="spughetti" uid="16155068" lat="37.7999417" lon="-122.4493835"/>
 <node id="10252948156" visible="true" version="1" changeset="129957658" timestamp="2022-12-11T10:25:21Z" user="spughetti" uid="16155068" lat="37.7999274" lon="-122.4493746"/>
 <node id="10252948157" visible="true" version="1" changeset="129957658" timestamp="2022-12-11T10:25:21Z" user="spughetti" uid="16155068" lat="37.7999217" lon="-122.4493683"/>
 <node id="10252948158" visible="true" version="1" changeset="129957658" timestamp="2022-12-11T10:25:21Z" user="spughetti" uid="16155068" lat="37.7999346" lon="-122.4493797"/>
 <node id="10252948159" visible="true" version="1" changeset="129957658" timestamp="2022-12-11T10:25:21Z" user="spughetti" uid="16155068" lat="37.7999592" lon="-122.4493872"/>
 <node id="10252948160" visible="true" version="1" changeset="129957658" timestamp="2022-12-11T10:25:21Z" user="spughetti" uid="16155068" lat="37.7999521" lon="-122.4493853"/>
 <node id="10252948161" visible="true" version="1" changeset="129957658" timestamp="2022-12-11T10:25:21Z" user="spughetti" uid="16155068" lat="37.8000085" lon="-122.4493685"/>
 <node id="10252948162" visible="true" version="1" changeset="129957658" timestamp="2022-12-11T10:25:21Z" user="spughetti" uid="16155068" lat="37.7999934" lon="-122.4493870"/>
 <node id="10252948163" visible="true" version="1" changeset="129957658" timestamp="2022-12-11T10:25:21Z" user="spughetti" uid="16155068" lat="37.8000023" lon="-122.4493787"/>
 <node id="10252948164" visible="true" version="1" changeset="129957658" timestamp="2022-12-11T10:25:21Z" user="spughetti" uid="16155068" lat="37.7999870" lon="-122.4493899"/>
 <node id="10252948165" visible="true" version="1" changeset="129957658" timestamp="2022-12-11T10:25:21Z" user="spughetti" uid="16155068" lat="37.8000056" lon="-122.4493740"/>
 <node id="10252948166" visible="true" version="1" changeset="129957658" timestamp="2022-12-11T10:25:21Z" user="spughetti" uid="16155068" lat="37.7999980" lon="-122.4493826"/>
 <node id="10252948167" visible="true" version="1" changeset="129957658" timestamp="2022-12-11T10:25:21Z" user="spughetti" uid="16155068" lat="37.8001122" lon="-122.4492753"/>
 <node id="10252948168" visible="true" version="1" changeset="129957658" timestamp="2022-12-11T10:25:21Z" user="spughetti" uid="16155068" lat="37.8001259" lon="-122.4492501"/>
 <node id="10252948169" visible="true" version="1" changeset="129957658" timestamp="2022-12-11T10:25:21Z" user="spughetti" uid="16155068" lat="37.8001375" lon="-122.4492478"/>
 <node id="10252948170" visible="true" version="1" changeset="129957658" timestamp="2022-12-11T10:25:21Z" user="spughetti" uid="16155068" lat="37.8001291" lon="-122.4492489"/>
 <node id="10252948171" visible="true" version="1" changeset="129957658" timestamp="2022-12-11T10:25:21Z" user="spughetti" uid="16155068" lat="37.8001186" lon="-122.4492650"/>
 <node id="10252948172" visible="true" version="1" changeset="129957658" timestamp="2022-12-11T10:25:21Z" user="spughetti" uid="16155068" lat="37.8001213" lon="-122.4492575"/>
 <node id="10252948173" visible="true" version="1" changeset="129957658" timestamp="2022-12-11T10:25:21Z" user="spughetti" uid="16155068" lat="37.8001232" lon="-122.4492535"/>
 <node id="10252948174" visible="true" version="1" changeset="129957658" timestamp="2022-12-11T10:25:21Z" user="spughetti" uid="16155068" lat="37.8002573" lon="-122.4491579"/>
 <node id="10252948175" visible="true" version="1" changeset="129957658" timestamp="2022-12-11T10:25:21Z" user="spughetti" uid="16155068" lat="37.8002114" lon="-122.4491720"/>
 <node id="10252948176" visible="true" version="1" changeset="129957658" timestamp="2022-12-11T10:25:21Z" user="spughetti" uid="16155068" lat="37.8001767" lon="-122.4492136"/>
 <node id="10252948177" visible="true" version="1" changeset="129957658" timestamp="2022-12-11T10:25:21Z" user="spughetti" uid="16155068" lat="37.8001607" lon="-122.4492315"/>
 <node id="10252948178" visible="true" version="1" changeset="129957658" timestamp="2022-12-11T10:25:21Z" user="spughetti" uid="16155068" lat="37.8002343" lon="-122.4491660"/>
 <node id="10252948179" visible="true" version="1" changeset="129957658" timestamp="2022-12-11T10:25:21Z" user="spughetti" uid="16155068" lat="37.8002869" lon="-122.4491422"/>
 <node id="10252948180" visible="true" version="1" changeset="129957658" timestamp="2022-12-11T10:25:21Z" user="spughetti" uid="16155068" lat="37.8002936" lon="-122.4491341"/>
 <node id="10252948181" visible="true" version="1" changeset="129957658" timestamp="2022-12-11T10:25:21Z" user="spughetti" uid="16155068" lat="37.8002727" lon="-122.4491509"/>
 <node id="10252948182" visible="true" version="1" changeset="129957658" timestamp="2022-12-11T10:25:21Z" user="spughetti" uid="16155068" lat="37.8002844" lon="-122.4490835"/>
 <node id="10252948183" visible="true" version="1" changeset="129957658" timestamp="2022-12-11T10:25:21Z" user="spughetti" uid="16155068" lat="37.8002959" lon="-122.4491222"/>
 <node id="10252948184" visible="true" version="1" changeset="129957658" timestamp="2022-12-11T10:25:21Z" user="spughetti" uid="16155068" lat="37.8002955" lon="-122.4491284"/>
 <node id="10252948185" visible="true" version="1" changeset="129957658" timestamp="2022-12-11T10:25:21Z" user="spughetti" uid="16155068" lat="37.8002646" lon="-122.4488802"/>
 <node id="10252948186" visible="true" version="1" changeset="129957658" timestamp="2022-12-11T10:25:21Z" user="spughetti" uid="16155068" lat="37.8002576" lon="-122.4489646"/>
 <node id="10252948187" visible="true" version="1" changeset="129957658" timestamp="2022-12-11T10:25:21Z" user="spughetti" uid="16155068" lat="37.8002613" lon="-122.4489172"/>
 <node id="10252948188" visible="true" version="1" changeset="129957658" timestamp="2022-12-11T10:25:21Z" user="spughetti" uid="16155068" lat="37.8002603" lon="-122.4489412"/>
 <node id="10252948189" visible="true" version="1" changeset="129957658" timestamp="2022-12-11T10:25:21Z" user="spughetti" uid="16155068" lat="37.8002546" lon="-122.4490147"/>
 <node id="10252948190" visible="true" version="1" changeset="129957658" timestamp="2022-12-11T10:25:21Z" user="spughetti" uid="16155068" lat="37.8002531" lon="-122.4490045"/>
 <node id="10252948191" visible="true" version="1" changeset="129957658" timestamp="2022-12-11T10:25:21Z" user="spughetti" uid="16155068" lat="37.8002612" lon="-122.4489091"/>
 <node id="10252948192" visible="true" version="1" changeset="129957658" timestamp="2022-12-11T10:25:21Z" user="spughetti" uid="16155068" lat="37.8002608" lon="-122.4488899"/>
 <node id="10252948193" visible="true" version="1" changeset="129957658" timestamp="2022-12-11T10:25:21Z" user="spughetti" uid="16155068" lat="37.8002600" lon="-122.4489009"/>
 <node id="10252948194" visible="true" version="1" changeset="129957658" timestamp="2022-12-11T10:25:21Z" user="spughetti" uid="16155068" lat="37.8002598" lon="-122.4488959"/>
 <node id="10252948195" visible="true" version="1" changeset="129957658" timestamp="2022-12-11T10:25:21Z" user="spughetti" uid="16155068" lat="37.8003831" lon="-122.4489290"/>
 <node id="10252948196" visible="true" version="1" changeset="129957658" timestamp="2022-12-11T10:25:21Z" user="spughetti" uid="16155068" lat="37.8003873" lon="-122.4489658"/>
 <node id="10252948197" visible="true" version="1" changeset="129957658" timestamp="2022-12-11T10:25:21Z" user="spughetti" uid="16155068" lat="37.8003862" lon="-122.4489472"/>
 <node id="10252948198" visible="true" version="1" changeset="129957658" timestamp="2022-12-11T10:25:21Z" user="spughetti" uid="16155068" lat="37.8003740" lon="-122.4488935"/>
 <node id="10252948199" visible="true" version="1" changeset="129957658" timestamp="2022-12-11T10:25:21Z" user="spughetti" uid="16155068" lat="37.8003791" lon="-122.4489111"/>
 <node id="10252948200" visible="true" version="1" changeset="129957658" timestamp="2022-12-11T10:25:21Z" user="spughetti" uid="16155068" lat="37.8003679" lon="-122.4488772"/>
 <node id="10252948201" visible="true" version="1" changeset="129957658" timestamp="2022-12-11T10:25:21Z" user="spughetti" uid="16155068" lat="37.8003315" lon="-122.4488343"/>
 <node id="10252948202" visible="true" version="1" changeset="129957658" timestamp="2022-12-11T10:25:21Z" user="spughetti" uid="16155068" lat="37.8003040" lon="-122.4488081"/>
 <node id="10252948203" visible="true" version="1" changeset="129957658" timestamp="2022-12-11T10:25:21Z" user="spughetti" uid="16155068" lat="37.8003292" lon="-122.4488388"/>
 <node id="10252948204" visible="true" version="1" changeset="129957658" timestamp="2022-12-11T10:25:21Z" user="spughetti" uid="16155068" lat="37.8003034" lon="-122.4488187"/>
 <node id="10252948205" visible="true" version="1" changeset="129957658" timestamp="2022-12-11T10:25:21Z" user="spughetti" uid="16155068" lat="37.8003547" lon="-122.4491700"/>
 <node id="10252948206" visible="true" version="1" changeset="129957658" timestamp="2022-12-11T10:25:21Z" user="spughetti" uid="16155068" lat="37.8003788" lon="-122.4490900"/>
 <node id="10252948207" visible="true" version="1" changeset="129957658" timestamp="2022-12-11T10:25:21Z" user="spughetti" uid="16155068" lat="37.8003689" lon="-122.4491310"/>
 <node id="10252948208" visible="true" version="1" changeset="129957658" timestamp="2022-12-11T10:25:21Z" user="spughetti" uid="16155068" lat="37.8003842" lon="-122.4490473"/>
 <node id="10252948209" visible="true" version="1" changeset="129957658" timestamp="2022-12-11T10:25:21Z" user="spughetti" uid="16155068" lat="37.8003622" lon="-122.4491506"/>
 <node id="10252948210" visible="true" version="1" changeset="129957658" timestamp="2022-12-11T10:25:21Z" user="spughetti" uid="16155068" lat="37.8003743" lon="-122.4491112"/>
 <node id="10252948211" visible="true" version="1" changeset="129957658" timestamp="2022-12-11T10:25:21Z" user="spughetti" uid="16155068" lat="37.8003819" lon="-122.4490688"/>
 <node id="10252948212" visible="true" version="1" changeset="129957658" timestamp="2022-12-11T10:25:21Z" user="spughetti" uid="16155068" lat="37.8003861" lon="-122.4490255"/>
 <node id="10252948213" visible="true" version="1" changeset="129957658" timestamp="2022-12-11T10:25:21Z" user="spughetti" uid="16155068" lat="37.8003222" lon="-122.4492377"/>
 <node id="10252948214" visible="true" version="1" changeset="129957658" timestamp="2022-12-11T10:25:21Z" user="spughetti" uid="16155068" lat="37.8003392" lon="-122.4492042"/>
 <node id="10252948215" visible="true" version="1" changeset="129957658" timestamp="2022-12-11T10:25:21Z" user="spughetti" uid="16155068" lat="37.8003471" lon="-122.4491873"/>
 <node id="10252948216" visible="true" version="1" changeset="129957658" timestamp="2022-12-11T10:25:21Z" user="spughetti" uid="16155068" lat="37.8003035" lon="-122.4492684"/>
 <node id="10252948217" visible="true" version="1" changeset="129957658" timestamp="2022-12-11T10:25:21Z" user="spughetti" uid="16155068" lat="37.8003132" lon="-122.4492533"/>
 <node id="10252948218" visible="true" version="1" changeset="129957658" timestamp="2022-12-11T10:25:21Z" user="spughetti" uid="16155068" lat="37.8003308" lon="-122.4492215"/>
 <node id="10252948219" visible="true" version="1" changeset="129957658" timestamp="2022-12-11T10:25:21Z" user="spughetti" uid="16155068" lat="37.8002933" lon="-122.4492823"/>
 <node id="10252948220" visible="true" version="1" changeset="129957658" timestamp="2022-12-11T10:25:21Z" user="spughetti" uid="16155068" lat="37.8001716" lon="-122.4493873"/>
 <node id="10252948221" visible="true" version="1" changeset="129957658" timestamp="2022-12-11T10:25:21Z" user="spughetti" uid="16155068" lat="37.8002296" lon="-122.4493470"/>
 <node id="10252948222" visible="true" version="1" changeset="129957658" timestamp="2022-12-11T10:25:21Z" user="spughetti" uid="16155068" lat="37.8002011" lon="-122.4493683"/>
 <node id="10252948223" visible="true" version="1" changeset="129957658" timestamp="2022-12-11T10:25:21Z" user="spughetti" uid="16155068" lat="37.8002162" lon="-122.4493575"/>
 <node id="10252948224" visible="true" version="1" changeset="129957658" timestamp="2022-12-11T10:25:21Z" user="spughetti" uid="16155068" lat="37.8002570" lon="-122.4493223"/>
 <node id="10252948225" visible="true" version="1" changeset="129957658" timestamp="2022-12-11T10:25:21Z" user="spughetti" uid="16155068" lat="37.8001105" lon="-122.4494158"/>
 <node id="10252948226" visible="true" version="1" changeset="129957658" timestamp="2022-12-11T10:25:21Z" user="spughetti" uid="16155068" lat="37.8001415" lon="-122.4494028"/>
 <node id="10252948227" visible="true" version="1" changeset="129957658" timestamp="2022-12-11T10:25:21Z" user="spughetti" uid="16155068" lat="37.8000787" lon="-122.4494256"/>
 <node id="10252948228" visible="true" version="1" changeset="129957658" timestamp="2022-12-11T10:25:21Z" user="spughetti" uid="16155068" lat="37.8000948" lon="-122.4494211"/>
 <node id="10252948229" visible="true" version="1" changeset="129957658" timestamp="2022-12-11T10:25:21Z" user="spughetti" uid="16155068" lat="37.8000626" lon="-122.4494299"/>
 <node id="10252971614" visible="true" version="1" changeset="129958051" timestamp="2022-12-11T10:39:47Z" user="spughetti" uid="16155068" lat="37.8009797" lon="-122.4499452"/>
 <node id="10253006587" visible="true" version="1" changeset="129958873" timestamp="2022-12-11T11:06:38Z" user="spughetti" uid="16155068" lat="37.7993067" lon="-122.4492512"/>
 <node id="10253006588" visible="true" version="1" changeset="129958873" timestamp="2022-12-11T11:06:38Z" user="spughetti" uid="16155068" lat="37.7992573" lon="-122.4488579"/>
 <node id="10253006589" visible="true" version="1" changeset="129958873" timestamp="2022-12-11T11:06:38Z" user="spughetti" uid="16155068" lat="37.7991943" lon="-122.4487790"/>
 <node id="10253006590" visible="true" version="1" changeset="129958873" timestamp="2022-12-11T11:06:38Z" user="spughetti" uid="16155068" lat="37.7991028" lon="-122.4488127"/>
 <node id="10253006591" visible="true" version="1" changeset="129958873" timestamp="2022-12-11T11:06:38Z" user="spughetti" uid="16155068" lat="37.7990099" lon="-122.4488282"/>
 <node id="10253006592" visible="true" version="1" changeset="129958873" timestamp="2022-12-11T11:06:38Z" user="spughetti" uid="16155068" lat="37.7989384" lon="-122.4487829"/>
 <node id="10253006593" visible="true" version="1" changeset="129958873" timestamp="2022-12-11T11:06:38Z" user="spughetti" uid="16155068" lat="37.7988059" lon="-122.4487069"/>
 <node id="10253006594" visible="true" version="1" changeset="129958873" timestamp="2022-12-11T11:06:38Z" user="spughetti" uid="16155068" lat="37.7988442" lon="-122.4488245"/>
 <node id="10253006595" visible="true" version="1" changeset="129958873" timestamp="2022-12-11T11:06:38Z" user="spughetti" uid="16155068" lat="37.7987983" lon="-122.4488759"/>
 <node id="10253006596" visible="true" version="1" changeset="129958873" timestamp="2022-12-11T11:06:38Z" user="spughetti" uid="16155068" lat="37.7986773" lon="-122.4488110"/>
 <node id="10253006597" visible="true" version="1" changeset="129958873" timestamp="2022-12-11T11:06:38Z" user="spughetti" uid="16155068" lat="37.7985887" lon="-122.4488460"/>
 <node id="10253006598" visible="true" version="1" changeset="129958873" timestamp="2022-12-11T11:06:38Z" user="spughetti" uid="16155068" lat="37.7985031" lon="-122.4488313"/>
 <node id="10253006599" visible="true" version="1" changeset="129958873" timestamp="2022-12-11T11:06:38Z" user="spughetti" uid="16155068" lat="37.7984306" lon="-122.4488535"/>
 <node id="10253006600" visible="true" version="1" changeset="129958873" timestamp="2022-12-11T11:06:38Z" user="spughetti" uid="16155068" lat="37.7984217" lon="-122.4489975"/>
 <node id="10253006601" visible="true" version="1" changeset="129958873" timestamp="2022-12-11T11:06:38Z" user="spughetti" uid="16155068" lat="37.7984380" lon="-122.4492821"/>
 <node id="10253006602" visible="true" version="1" changeset="129958873" timestamp="2022-12-11T11:06:38Z" user="spughetti" uid="16155068" lat="37.7984766" lon="-122.4494788"/>
 <node id="10253006603" visible="true" version="1" changeset="129958873" timestamp="2022-12-11T11:06:38Z" user="spughetti" uid="16155068" lat="37.7984900" lon="-122.4494722"/>
 <node id="10253006604" visible="true" version="1" changeset="129958873" timestamp="2022-12-11T11:06:38Z" user="spughetti" uid="16155068" lat="37.7984707" lon="-122.4493960"/>
 <node id="10253006605" visible="true" version="1" changeset="129958873" timestamp="2022-12-11T11:06:38Z" user="spughetti" uid="16155068" lat="37.7985041" lon="-122.4493843"/>
 <node id="10253006606" visible="true" version="1" changeset="129958873" timestamp="2022-12-11T11:06:38Z" user="spughetti" uid="16155068" lat="37.7993003" lon="-122.4491935"/>
 <node id="10253006607" visible="true" version="1" changeset="129958873" timestamp="2022-12-11T11:06:38Z" user="spughetti" uid="16155068" lat="37.7992722" lon="-122.4490280"/>
 <node id="10253006608" visible="true" version="1" changeset="129958873" timestamp="2022-12-11T11:06:38Z" user="spughetti" uid="16155068" lat="37.7992631" lon="-122.4489423"/>
 <node id="10253006609" visible="true" version="1" changeset="129958873" timestamp="2022-12-11T11:06:38Z" user="spughetti" uid="16155068" lat="37.7992836" lon="-122.4491078"/>
 <node id="10253006610" visible="true" version="1" changeset="129958873" timestamp="2022-12-11T11:06:38Z" user="spughetti" uid="16155068" lat="37.7993065" lon="-122.4492354"/>
 <node id="10253006611" visible="true" version="1" changeset="129958873" timestamp="2022-12-11T11:06:38Z" user="spughetti" uid="16155068" lat="37.7993040" lon="-122.4492145"/>
 <node id="10253006612" visible="true" version="1" changeset="129958873" timestamp="2022-12-11T11:06:38Z" user="spughetti" uid="16155068" lat="37.7992914" lon="-122.4491509"/>
 <node id="10253006613" visible="true" version="1" changeset="129958873" timestamp="2022-12-11T11:06:38Z" user="spughetti" uid="16155068" lat="37.7992349" lon="-122.4488068"/>
 <node id="10253006614" visible="true" version="1" changeset="129958873" timestamp="2022-12-11T11:06:38Z" user="spughetti" uid="16155068" lat="37.7992486" lon="-122.4488300"/>
 <node id="10253006615" visible="true" version="1" changeset="129958873" timestamp="2022-12-11T11:06:38Z" user="spughetti" uid="16155068" lat="37.7992426" lon="-122.4488176"/>
 <node id="10253006616" visible="true" version="1" changeset="129958873" timestamp="2022-12-11T11:06:38Z" user="spughetti" uid="16155068" lat="37.7992534" lon="-122.4488433"/>
 <node id="10253006617" visible="true" version="1" changeset="129958873" timestamp="2022-12-11T11:06:38Z" user="spughetti" uid="16155068" lat="37.7992165" lon="-122.4487892"/>
 <node id="10253006618" visible="true" version="1" changeset="129958873" timestamp="2022-12-11T11:06:38Z" user="spughetti" uid="16155068" lat="37.7992058" lon="-122.4487834"/>
 <node id="10253006619" visible="true" version="1" changeset="129958873" timestamp="2022-12-11T11:06:38Z" user="spughetti" uid="16155068" lat="37.7992262" lon="-122.4487970"/>
 <node id="10253006620" visible="true" version="1" changeset="129958873" timestamp="2022-12-11T11:06:38Z" user="spughetti" uid="16155068" lat="37.7991396" lon="-122.4487891"/>
 <node id="10253006621" visible="true" version="1" changeset="129958873" timestamp="2022-12-11T11:06:38Z" user="spughetti" uid="16155068" lat="37.7991673" lon="-122.4487775"/>
 <node id="10253006622" visible="true" version="1" changeset="129958873" timestamp="2022-12-11T11:06:38Z" user="spughetti" uid="16155068" lat="37.7991534" lon="-122.4487819"/>
 <node id="10253006623" visible="true" version="1" changeset="129958873" timestamp="2022-12-11T11:06:38Z" user="spughetti" uid="16155068" lat="37.7991811" lon="-122.4487767"/>
 <node id="10253006624" visible="true" version="1" changeset="129958873" timestamp="2022-12-11T11:06:38Z" user="spughetti" uid="16155068" lat="37.7991878" lon="-122.4487775"/>
 <node id="10253006625" visible="true" version="1" changeset="129958873" timestamp="2022-12-11T11:06:38Z" user="spughetti" uid="16155068" lat="37.7991742" lon="-122.4487768"/>
 <node id="10253006626" visible="true" version="1" changeset="129958873" timestamp="2022-12-11T11:06:38Z" user="spughetti" uid="16155068" lat="37.7992001" lon="-122.4487809"/>
 <node id="10253006627" visible="true" version="1" changeset="129958873" timestamp="2022-12-11T11:06:38Z" user="spughetti" uid="16155068" lat="37.7992112" lon="-122.4487860"/>
 <node id="10253006628" visible="true" version="1" changeset="129958873" timestamp="2022-12-11T11:06:38Z" user="spughetti" uid="16155068" lat="37.7992215" lon="-122.4487930"/>
 <node id="10253006629" visible="true" version="1" changeset="129958873" timestamp="2022-12-11T11:06:38Z" user="spughetti" uid="16155068" lat="37.7992309" lon="-122.4488019"/>
 <node id="10253006630" visible="true" version="1" changeset="129958873" timestamp="2022-12-11T11:06:38Z" user="spughetti" uid="16155068" lat="37.7992390" lon="-122.4488122"/>
 <node id="10253006631" visible="true" version="1" changeset="129958873" timestamp="2022-12-11T11:06:38Z" user="spughetti" uid="16155068" lat="37.7992458" lon="-122.4488238"/>
 <node id="10253006632" visible="true" version="1" changeset="129958873" timestamp="2022-12-11T11:06:38Z" user="spughetti" uid="16155068" lat="37.7992511" lon="-122.4488364"/>
 <node id="10253006633" visible="true" version="1" changeset="129958873" timestamp="2022-12-11T11:06:38Z" user="spughetti" uid="16155068" lat="37.7992556" lon="-122.4488504"/>
 <node id="10253006634" visible="true" version="1" changeset="129958873" timestamp="2022-12-11T11:06:38Z" user="spughetti" uid="16155068" lat="37.7991465" lon="-122.4487851"/>
 <node id="10253006635" visible="true" version="1" changeset="129958873" timestamp="2022-12-11T11:06:38Z" user="spughetti" uid="16155068" lat="37.7991604" lon="-122.4487794"/>
 <node id="10253006636" visible="true" version="1" changeset="129958873" timestamp="2022-12-11T11:06:38Z" user="spughetti" uid="16155068" lat="37.7990538" lon="-122.4488302"/>
 <node id="10253006637" visible="true" version="1" changeset="129958873" timestamp="2022-12-11T11:06:38Z" user="spughetti" uid="16155068" lat="37.7990320" lon="-122.4488310"/>
 <node id="10253006638" visible="true" version="1" changeset="129958873" timestamp="2022-12-11T11:06:38Z" user="spughetti" uid="16155068" lat="37.7990747" lon="-122.4488264"/>
 <node id="10253006639" visible="true" version="1" changeset="129958873" timestamp="2022-12-11T11:06:38Z" user="spughetti" uid="16155068" lat="37.7991171" lon="-122.4488040"/>
 <node id="10253006640" visible="true" version="1" changeset="129958873" timestamp="2022-12-11T11:06:38Z" user="spughetti" uid="16155068" lat="37.7990892" lon="-122.4488207"/>
 <node id="10253006641" visible="true" version="1" changeset="129958873" timestamp="2022-12-11T11:06:38Z" user="spughetti" uid="16155068" lat="37.7989720" lon="-122.4488110"/>
 <node id="10253006642" visible="true" version="1" changeset="129958873" timestamp="2022-12-11T11:06:38Z" user="spughetti" uid="16155068" lat="37.7989543" lon="-122.4487981"/>
 <node id="10253006643" visible="true" version="1" changeset="129958873" timestamp="2022-12-11T11:06:38Z" user="spughetti" uid="16155068" lat="37.7989460" lon="-122.4487908"/>
 <node id="10253006644" visible="true" version="1" changeset="129958873" timestamp="2022-12-11T11:06:38Z" user="spughetti" uid="16155068" lat="37.7989631" lon="-122.4488047"/>
 <node id="10253006645" visible="true" version="1" changeset="129958873" timestamp="2022-12-11T11:06:38Z" user="spughetti" uid="16155068" lat="37.7989908" lon="-122.4488204"/>
 <node id="10253006646" visible="true" version="1" changeset="129958873" timestamp="2022-12-11T11:06:38Z" user="spughetti" uid="16155068" lat="37.7989813" lon="-122.4488159"/>
 <node id="10253006647" visible="true" version="1" changeset="129958873" timestamp="2022-12-11T11:06:38Z" user="spughetti" uid="16155068" lat="37.7990004" lon="-122.4488246"/>
 <node id="10253006648" visible="true" version="1" changeset="129958873" timestamp="2022-12-11T11:06:38Z" user="spughetti" uid="16155068" lat="37.7990209" lon="-122.4488299"/>
 <node id="10253006649" visible="true" version="1" changeset="129958873" timestamp="2022-12-11T11:06:38Z" user="spughetti" uid="16155068" lat="37.7990429" lon="-122.4488309"/>
 <node id="10253006650" visible="true" version="1" changeset="129958873" timestamp="2022-12-11T11:06:38Z" user="spughetti" uid="16155068" lat="37.7990644" lon="-122.4488290"/>
 <node id="10253006651" visible="true" version="1" changeset="129958873" timestamp="2022-12-11T11:06:38Z" user="spughetti" uid="16155068" lat="37.7988846" lon="-122.4487233"/>
 <node id="10253006652" visible="true" version="1" changeset="129958873" timestamp="2022-12-11T11:06:38Z" user="spughetti" uid="16155068" lat="37.7989124" lon="-122.4487519"/>
 <node id="10253006653" visible="true" version="1" changeset="129958873" timestamp="2022-12-11T11:06:38Z" user="spughetti" uid="16155068" lat="37.7988990" lon="-122.4487365"/>
 <node id="10253006654" visible="true" version="1" changeset="129958873" timestamp="2022-12-11T11:06:38Z" user="spughetti" uid="16155068" lat="37.7989299" lon="-122.4487739"/>
 <node id="10253006655" visible="true" version="1" changeset="129958873" timestamp="2022-12-11T11:06:38Z" user="spughetti" uid="16155068" lat="37.7988458" lon="-122.4487048"/>
 <node id="10253006656" visible="true" version="1" changeset="129958873" timestamp="2022-12-11T11:06:38Z" user="spughetti" uid="16155068" lat="37.7988254" lon="-122.4487018"/>
 <node id="10253006657" visible="true" version="1" changeset="129958873" timestamp="2022-12-11T11:06:38Z" user="spughetti" uid="16155068" lat="37.7988154" lon="-122.4487028"/>
 <node id="10253006658" visible="true" version="1" changeset="129958873" timestamp="2022-12-11T11:06:38Z" user="spughetti" uid="16155068" lat="37.7988104" lon="-122.4487040"/>
 <node id="10253006659" visible="true" version="1" changeset="129958873" timestamp="2022-12-11T11:06:38Z" user="spughetti" uid="16155068" lat="37.7988079" lon="-122.4487051"/>
 <node id="10253006660" visible="true" version="1" changeset="129958873" timestamp="2022-12-11T11:06:38Z" user="spughetti" uid="16155068" lat="37.7988359" lon="-122.4487024"/>
 <node id="10253006661" visible="true" version="1" changeset="129958873" timestamp="2022-12-11T11:06:38Z" user="spughetti" uid="16155068" lat="37.7988204" lon="-122.4487020"/>
 <node id="10253006662" visible="true" version="1" changeset="129958873" timestamp="2022-12-11T11:06:38Z" user="spughetti" uid="16155068" lat="37.7988307" lon="-122.4487019"/>
 <node id="10253006663" visible="true" version="1" changeset="129958873" timestamp="2022-12-11T11:06:38Z" user="spughetti" uid="16155068" lat="37.7988409" lon="-122.4487033"/>
 <node id="10253006664" visible="true" version="1" changeset="129958873" timestamp="2022-12-11T11:06:38Z" user="spughetti" uid="16155068" lat="37.7988660" lon="-122.4487121"/>
 <node id="10253006665" visible="true" version="1" changeset="129958873" timestamp="2022-12-11T11:06:38Z" user="spughetti" uid="16155068" lat="37.7988560" lon="-122.4487080"/>
 <node id="10253006666" visible="true" version="1" changeset="129958873" timestamp="2022-12-11T11:06:38Z" user="spughetti" uid="16155068" lat="37.7988756" lon="-122.4487174"/>
 <node id="10253006667" visible="true" version="1" changeset="129958873" timestamp="2022-12-11T11:06:38Z" user="spughetti" uid="16155068" lat="37.7988921" lon="-122.4487296"/>
 <node id="10253006668" visible="true" version="1" changeset="129958873" timestamp="2022-12-11T11:06:38Z" user="spughetti" uid="16155068" lat="37.7989058" lon="-122.4487439"/>
 <node id="10253006669" visible="true" version="1" changeset="129958873" timestamp="2022-12-11T11:06:38Z" user="spughetti" uid="16155068" lat="37.7988282" lon="-122.4488712"/>
 <node id="10253006670" visible="true" version="1" changeset="129958873" timestamp="2022-12-11T11:06:38Z" user="spughetti" uid="16155068" lat="37.7988138" lon="-122.4488789"/>
 <node id="10253006671" visible="true" version="1" changeset="129958873" timestamp="2022-12-11T11:06:38Z" user="spughetti" uid="16155068" lat="37.7988217" lon="-122.4488769"/>
 <node id="10253006672" visible="true" version="1" changeset="129958873" timestamp="2022-12-11T11:06:38Z" user="spughetti" uid="16155068" lat="37.7988427" lon="-122.4487925"/>
 <node id="10253006673" visible="true" version="1" changeset="129958873" timestamp="2022-12-11T11:06:38Z" user="spughetti" uid="16155068" lat="37.7988447" lon="-122.4488087"/>
 <node id="10253006674" visible="true" version="1" changeset="129958873" timestamp="2022-12-11T11:06:38Z" user="spughetti" uid="16155068" lat="37.7988442" lon="-122.4488006"/>
 <node id="10253006675" visible="true" version="1" changeset="129958873" timestamp="2022-12-11T11:06:38Z" user="spughetti" uid="16155068" lat="37.7988449" lon="-122.4488168"/>
 <node id="10253006676" visible="true" version="1" changeset="129958873" timestamp="2022-12-11T11:06:38Z" user="spughetti" uid="16155068" lat="37.7988251" lon="-122.4488745"/>
 <node id="10253006677" visible="true" version="1" changeset="129958873" timestamp="2022-12-11T11:06:38Z" user="spughetti" uid="16155068" lat="37.7988177" lon="-122.4488783"/>
 <node id="10253006678" visible="true" version="1" changeset="129958873" timestamp="2022-12-11T11:06:38Z" user="spughetti" uid="16155068" lat="37.7988108" lon="-122.4488776"/>
 <node id="10253006679" visible="true" version="1" changeset="129958873" timestamp="2022-12-11T11:06:38Z" user="spughetti" uid="16155068" lat="37.7988061" lon="-122.4488766"/>
 <node id="10253006680" visible="true" version="1" changeset="129958873" timestamp="2022-12-11T11:06:38Z" user="spughetti" uid="16155068" lat="37.7987549" lon="-122.4488065"/>
 <node id="10253006681" visible="true" version="1" changeset="129958873" timestamp="2022-12-11T11:06:38Z" user="spughetti" uid="16155068" lat="37.7987759" lon="-122.4488528"/>
 <node id="10253006682" visible="true" version="1" changeset="129958873" timestamp="2022-12-11T11:06:38Z" user="spughetti" uid="16155068" lat="37.7987873" lon="-122.4488739"/>
 <node id="10253006683" visible="true" version="1" changeset="129958873" timestamp="2022-12-11T11:06:38Z" user="spughetti" uid="16155068" lat="37.7987800" lon="-122.4488640"/>
 <node id="10253006684" visible="true" version="1" changeset="129958873" timestamp="2022-12-11T11:06:38Z" user="spughetti" uid="16155068" lat="37.7987831" lon="-122.4488704"/>
 <node id="10253006685" visible="true" version="1" changeset="129958873" timestamp="2022-12-11T11:06:38Z" user="spughetti" uid="16155068" lat="37.7987923" lon="-122.4488758"/>
 <node id="10253006686" visible="true" version="1" changeset="129958873" timestamp="2022-12-11T11:06:38Z" user="spughetti" uid="16155068" lat="37.7987851" lon="-122.4488725"/>
 <node id="10253006687" visible="true" version="1" changeset="129958873" timestamp="2022-12-11T11:06:38Z" user="spughetti" uid="16155068" lat="37.7987898" lon="-122.4488751"/>
 <node id="10253006688" visible="true" version="1" changeset="129958873" timestamp="2022-12-11T11:06:38Z" user="spughetti" uid="16155068" lat="37.7987667" lon="-122.4488290"/>
 <node id="10253006689" visible="true" version="1" changeset="129958873" timestamp="2022-12-11T11:06:38Z" user="spughetti" uid="16155068" lat="37.7987612" lon="-122.4488172"/>
 <node id="10253006690" visible="true" version="1" changeset="129958873" timestamp="2022-12-11T11:06:38Z" user="spughetti" uid="16155068" lat="37.7987717" lon="-122.4488407"/>
 <node id="10253006691" visible="true" version="1" changeset="129958873" timestamp="2022-12-11T11:06:38Z" user="spughetti" uid="16155068" lat="37.7987183" lon="-122.4487706"/>
 <node id="10253006692" visible="true" version="1" changeset="129958873" timestamp="2022-12-11T11:06:38Z" user="spughetti" uid="16155068" lat="37.7987367" lon="-122.4487877"/>
 <node id="10253006693" visible="true" version="1" changeset="129958873" timestamp="2022-12-11T11:06:38Z" user="spughetti" uid="16155068" lat="37.7986985" lon="-122.4487926"/>
 <node id="10253006694" visible="true" version="1" changeset="129958873" timestamp="2022-12-11T11:06:38Z" user="spughetti" uid="16155068" lat="37.7986883" lon="-122.4488026"/>
 <node id="10253006695" visible="true" version="1" changeset="129958873" timestamp="2022-12-11T11:06:38Z" user="spughetti" uid="16155068" lat="37.7987086" lon="-122.4487818"/>
 <node id="10253006696" visible="true" version="1" changeset="129958873" timestamp="2022-12-11T11:06:38Z" user="spughetti" uid="16155068" lat="37.7986339" lon="-122.4488336"/>
 <node id="10253006697" visible="true" version="1" changeset="129958873" timestamp="2022-12-11T11:06:38Z" user="spughetti" uid="16155068" lat="37.7986115" lon="-122.4488407"/>
 <node id="10253006698" visible="true" version="1" changeset="129958873" timestamp="2022-12-11T11:06:38Z" user="spughetti" uid="16155068" lat="37.7986560" lon="-122.4488238"/>
 <node id="10253006699" visible="true" version="1" changeset="129958873" timestamp="2022-12-11T11:06:38Z" user="spughetti" uid="16155068" lat="37.7986451" lon="-122.4488294"/>
 <node id="10253006700" visible="true" version="1" changeset="129958873" timestamp="2022-12-11T11:06:38Z" user="spughetti" uid="16155068" lat="37.7986667" lon="-122.4488174"/>
 <node id="10253006701" visible="true" version="1" changeset="129958873" timestamp="2022-12-11T11:06:38Z" user="spughetti" uid="16155068" lat="37.7986228" lon="-122.4488375"/>
 <node id="10253006702" visible="true" version="1" changeset="129958873" timestamp="2022-12-11T11:06:38Z" user="spughetti" uid="16155068" lat="37.7986002" lon="-122.4488438"/>
 <node id="10253006703" visible="true" version="1" changeset="129958873" timestamp="2022-12-11T11:06:38Z" user="spughetti" uid="16155068" lat="37.7985492" lon="-122.4488362"/>
 <node id="10253006704" visible="true" version="1" changeset="129958873" timestamp="2022-12-11T11:06:38Z" user="spughetti" uid="16155068" lat="37.7985550" lon="-122.4488371"/>
 <node id="10253006705" visible="true" version="1" changeset="129958873" timestamp="2022-12-11T11:06:38Z" user="spughetti" uid="16155068" lat="37.7985773" lon="-122.4488449"/>
 <node id="10253006706" visible="true" version="1" changeset="129958873" timestamp="2022-12-11T11:06:38Z" user="spughetti" uid="16155068" lat="37.7985668" lon="-122.4488415"/>
 <node id="10253006707" visible="true" version="1" changeset="129958873" timestamp="2022-12-11T11:06:38Z" user="spughetti" uid="16155068" lat="37.7985611" lon="-122.4488390"/>
 <node id="10253006708" visible="true" version="1" changeset="129958873" timestamp="2022-12-11T11:06:38Z" user="spughetti" uid="16155068" lat="37.7985831" lon="-122.4488459"/>
 <node id="10253006709" visible="true" version="1" changeset="129958873" timestamp="2022-12-11T11:06:38Z" user="spughetti" uid="16155068" lat="37.7985944" lon="-122.4488451"/>
 <node id="10253006710" visible="true" version="1" changeset="129958873" timestamp="2022-12-11T11:06:38Z" user="spughetti" uid="16155068" lat="37.7985238" lon="-122.4488372"/>
 <node id="10253006711" visible="true" version="1" changeset="129958873" timestamp="2022-12-11T11:06:38Z" user="spughetti" uid="16155068" lat="37.7985413" lon="-122.4488362"/>
 <node id="10253006712" visible="true" version="1" changeset="129958873" timestamp="2022-12-11T11:06:38Z" user="spughetti" uid="16155068" lat="37.7985168" lon="-122.4488368"/>
 <node id="10253006713" visible="true" version="1" changeset="129958873" timestamp="2022-12-11T11:06:38Z" user="spughetti" uid="16155068" lat="37.7985093" lon="-122.4488347"/>
 <node id="10253006714" visible="true" version="1" changeset="129958873" timestamp="2022-12-11T11:06:38Z" user="spughetti" uid="16155068" lat="37.7984552" lon="-122.4488135"/>
 <node id="10253006715" visible="true" version="1" changeset="129958873" timestamp="2022-12-11T11:06:38Z" user="spughetti" uid="16155068" lat="37.7984382" lon="-122.4488282"/>
 <node id="10253006716" visible="true" version="1" changeset="129958873" timestamp="2022-12-11T11:06:38Z" user="spughetti" uid="16155068" lat="37.7984335" lon="-122.4488400"/>
 <node id="10253006717" visible="true" version="1" changeset="129958873" timestamp="2022-12-11T11:06:38Z" user="spughetti" uid="16155068" lat="37.7984456" lon="-122.4488187"/>
 <node id="10253006718" visible="true" version="1" changeset="129958873" timestamp="2022-12-11T11:06:38Z" user="spughetti" uid="16155068" lat="37.7984503" lon="-122.4488155"/>
 <node id="10253006719" visible="true" version="1" changeset="129958873" timestamp="2022-12-11T11:06:38Z" user="spughetti" uid="16155068" lat="37.7984416" lon="-122.4488230"/>
 <node id="10253006720" visible="true" version="1" changeset="129958873" timestamp="2022-12-11T11:06:38Z" user="spughetti" uid="16155068" lat="37.7984355" lon="-122.4488338"/>
 <node id="10253006721" visible="true" version="1" changeset="129958873" timestamp="2022-12-11T11:06:38Z" user="spughetti" uid="16155068" lat="37.7984316" lon="-122.4488462"/>
 <node id="10253006722" visible="true" version="1" changeset="129958873" timestamp="2022-12-11T11:06:38Z" user="spughetti" uid="16155068" lat="37.7984816" lon="-122.4488143"/>
 <node id="10253006723" visible="true" version="1" changeset="129958873" timestamp="2022-12-11T11:06:38Z" user="spughetti" uid="16155068" lat="37.7984683" lon="-122.4488127"/>
 <node id="10253006724" visible="true" version="1" changeset="129958873" timestamp="2022-12-11T11:06:38Z" user="spughetti" uid="16155068" lat="37.7984617" lon="-122.4488128"/>
 <node id="10253006725" visible="true" version="1" changeset="129958873" timestamp="2022-12-11T11:06:38Z" user="spughetti" uid="16155068" lat="37.7984741" lon="-122.4488130"/>
 <node id="10253006726" visible="true" version="1" changeset="129958873" timestamp="2022-12-11T11:06:38Z" user="spughetti" uid="16155068" lat="37.7984951" lon="-122.4488221"/>
 <node id="10253006727" visible="true" version="1" changeset="129958873" timestamp="2022-12-11T11:06:38Z" user="spughetti" uid="16155068" lat="37.7984874" lon="-122.4488164"/>
 <node id="10253006728" visible="true" version="1" changeset="129958873" timestamp="2022-12-11T11:06:38Z" user="spughetti" uid="16155068" lat="37.7984983" lon="-122.4488270"/>
 <node id="10253006729" visible="true" version="1" changeset="129958873" timestamp="2022-12-11T11:06:38Z" user="spughetti" uid="16155068" lat="37.7984921" lon="-122.4488191"/>
 <node id="10253006730" visible="true" version="1" changeset="129958873" timestamp="2022-12-11T11:06:38Z" user="spughetti" uid="16155068" lat="37.7984783" lon="-122.4488136"/>
 <node id="10253006731" visible="true" version="1" changeset="129958873" timestamp="2022-12-11T11:06:38Z" user="spughetti" uid="16155068" lat="37.7984217" lon="-122.4491413"/>
 <node id="10253006732" visible="true" version="1" changeset="129958873" timestamp="2022-12-11T11:06:38Z" user="spughetti" uid="16155068" lat="37.7984281" lon="-122.4492132"/>
 <node id="10253006733" visible="true" version="1" changeset="129958873" timestamp="2022-12-11T11:06:38Z" user="spughetti" uid="16155068" lat="37.7984204" lon="-122.4490694"/>
 <node id="10253006734" visible="true" version="1" changeset="129958873" timestamp="2022-12-11T11:06:38Z" user="spughetti" uid="16155068" lat="37.7984241" lon="-122.4489248"/>
 <node id="10253006735" visible="true" version="1" changeset="129958873" timestamp="2022-12-11T11:06:38Z" user="spughetti" uid="16155068" lat="37.7984264" lon="-122.4488888"/>
 <node id="10253006736" visible="true" version="1" changeset="129958873" timestamp="2022-12-11T11:06:38Z" user="spughetti" uid="16155068" lat="37.7984211" lon="-122.4490337"/>
 <node id="10253006737" visible="true" version="1" changeset="129958873" timestamp="2022-12-11T11:06:38Z" user="spughetti" uid="16155068" lat="37.7984230" lon="-122.4489612"/>
 <node id="10253006738" visible="true" version="1" changeset="129958873" timestamp="2022-12-11T11:06:38Z" user="spughetti" uid="16155068" lat="37.7984204" lon="-122.4491051"/>
 <node id="10253006739" visible="true" version="1" changeset="129958873" timestamp="2022-12-11T11:06:38Z" user="spughetti" uid="16155068" lat="37.7984247" lon="-122.4491776"/>
 <node id="10253006740" visible="true" version="1" changeset="129958873" timestamp="2022-12-11T11:06:38Z" user="spughetti" uid="16155068" lat="37.7984327" lon="-122.4492479"/>
 <node id="10253006741" visible="true" version="1" changeset="129958873" timestamp="2022-12-11T11:06:38Z" user="spughetti" uid="16155068" lat="37.7984569" lon="-122.4493810"/>
 <node id="10253010690" visible="true" version="1" changeset="129959612" timestamp="2022-12-11T11:35:31Z" user="spughetti" uid="16155068" lat="37.7999847" lon="-122.4495041">
  <tag k="highway" v="street_lamp"/>
 </node>
 <node id="10253010691" visible="true" version="1" changeset="129959612" timestamp="2022-12-11T11:35:31Z" user="spughetti" uid="16155068" lat="37.7998509" lon="-122.4494608">
  <tag k="highway" v="street_lamp"/>
 </node>
 <node id="10253010692" visible="true" version="1" changeset="129959612" timestamp="2022-12-11T11:35:31Z" user="spughetti" uid="16155068" lat="37.7996217" lon="-122.4492084">
  <tag k="highway" v="street_lamp"/>
 </node>
 <node id="10253017662" visible="true" version="1" changeset="129959124" timestamp="2022-12-11T11:16:32Z" user="spughetti" uid="16155068" lat="37.7989387" lon="-122.4495890"/>
 <node id="10253017663" visible="true" version="1" changeset="129959124" timestamp="2022-12-11T11:16:32Z" user="spughetti" uid="16155068" lat="37.7990368" lon="-122.4498783"/>
 <node id="10253017664" visible="true" version="1" changeset="129959124" timestamp="2022-12-11T11:16:32Z" user="spughetti" uid="16155068" lat="37.7989872" lon="-122.4499075"/>
 <node id="10253017665" visible="true" version="1" changeset="129959124" timestamp="2022-12-11T11:16:32Z" user="spughetti" uid="16155068" lat="37.7990243" lon="-122.4499542"/>
 <node id="10253017666" visible="true" version="1" changeset="129959124" timestamp="2022-12-11T11:16:32Z" user="spughetti" uid="16155068" lat="37.7991108" lon="-122.4499638"/>
 <node id="10253017667" visible="true" version="1" changeset="129959124" timestamp="2022-12-11T11:16:32Z" user="spughetti" uid="16155068" lat="37.7991809" lon="-122.4498902"/>
 <node id="10253017668" visible="true" version="1" changeset="129959124" timestamp="2022-12-11T11:16:32Z" user="spughetti" uid="16155068" lat="37.7992451" lon="-122.4497489"/>
 <node id="10253017669" visible="true" version="1" changeset="129959124" timestamp="2022-12-11T11:16:32Z" user="spughetti" uid="16155068" lat="37.7993650" lon="-122.4496727"/>
 <node id="10253017670" visible="true" version="1" changeset="129959124" timestamp="2022-12-11T11:16:32Z" user="spughetti" uid="16155068" lat="37.7993859" lon="-122.4496587"/>
 <node id="10253017671" visible="true" version="1" changeset="129959124" timestamp="2022-12-11T11:16:32Z" user="spughetti" uid="16155068" lat="37.7994102" lon="-122.4495969"/>
 <node id="10253017672" visible="true" version="1" changeset="129959124" timestamp="2022-12-11T11:16:32Z" user="spughetti" uid="16155068" lat="37.7993846" lon="-122.4495054"/>
 <node id="10253017673" visible="true" version="1" changeset="129959124" timestamp="2022-12-11T11:16:32Z" user="spughetti" uid="16155068" lat="37.7993731" lon="-122.4495113"/>
 <node id="10253017674" visible="true" version="1" changeset="129959124" timestamp="2022-12-11T11:16:32Z" user="spughetti" uid="16155068" lat="37.7993525" lon="-122.4495629"/>
 <node id="10253017675" visible="true" version="1" changeset="129959124" timestamp="2022-12-11T11:16:32Z" user="spughetti" uid="16155068" lat="37.7990044" lon="-122.4499341"/>
 <node id="10253017676" visible="true" version="1" changeset="129959124" timestamp="2022-12-11T11:16:32Z" user="spughetti" uid="16155068" lat="37.7989955" lon="-122.4499217"/>
 <node id="10253017677" visible="true" version="1" changeset="129959124" timestamp="2022-12-11T11:16:32Z" user="spughetti" uid="16155068" lat="37.7990142" lon="-122.4499455"/>
 <node id="10253017678" visible="true" version="1" changeset="129959124" timestamp="2022-12-11T11:16:32Z" user="spughetti" uid="16155068" lat="37.7990677" lon="-122.4499686"/>
 <node id="10253017679" visible="true" version="1" changeset="129959124" timestamp="2022-12-11T11:16:32Z" user="spughetti" uid="16155068" lat="37.7990456" lon="-122.4499647"/>
 <node id="10253017680" visible="true" version="1" changeset="129959124" timestamp="2022-12-11T11:16:32Z" user="spughetti" uid="16155068" lat="37.7990350" lon="-122.4499602"/>
 <node id="10253017681" visible="true" version="1" changeset="129959124" timestamp="2022-12-11T11:16:32Z" user="spughetti" uid="16155068" lat="37.7990566" lon="-122.4499674"/>
 <node id="10253017682" visible="true" version="1" changeset="129959124" timestamp="2022-12-11T11:16:32Z" user="spughetti" uid="16155068" lat="37.7990895" lon="-122.4499687"/>
 <node id="10253017683" visible="true" version="1" changeset="129959124" timestamp="2022-12-11T11:16:32Z" user="spughetti" uid="16155068" lat="37.7990785" lon="-122.4499690"/>
 <node id="10253017684" visible="true" version="1" changeset="129959124" timestamp="2022-12-11T11:16:32Z" user="spughetti" uid="16155068" lat="37.7991003" lon="-122.4499670"/>
 <node id="10253017685" visible="true" version="1" changeset="129959124" timestamp="2022-12-11T11:16:32Z" user="spughetti" uid="16155068" lat="37.7991512" lon="-122.4499361"/>
 <node id="10253017686" visible="true" version="1" changeset="129959124" timestamp="2022-12-11T11:16:32Z" user="spughetti" uid="16155068" lat="37.7991318" lon="-122.4499521"/>
 <node id="10253017687" visible="true" version="1" changeset="129959124" timestamp="2022-12-11T11:16:32Z" user="spughetti" uid="16155068" lat="37.7991418" lon="-122.4499448"/>
 <node id="10253017688" visible="true" version="1" changeset="129959124" timestamp="2022-12-11T11:16:32Z" user="spughetti" uid="16155068" lat="37.7991215" lon="-122.4499585"/>
 <node id="10253017689" visible="true" version="1" changeset="129959124" timestamp="2022-12-11T11:16:32Z" user="spughetti" uid="16155068" lat="37.7991682" lon="-122.4499159"/>
 <node id="10253017690" visible="true" version="1" changeset="129959124" timestamp="2022-12-11T11:16:32Z" user="spughetti" uid="16155068" lat="37.7991752" lon="-122.4499033"/>
 <node id="10253017691" visible="true" version="1" changeset="129959124" timestamp="2022-12-11T11:16:32Z" user="spughetti" uid="16155068" lat="37.7991601" lon="-122.4499268"/>
 <node id="10253017692" visible="true" version="1" changeset="129959124" timestamp="2022-12-11T11:16:32Z" user="spughetti" uid="16155068" lat="37.7992069" lon="-122.4498132"/>
 <node id="10253017693" visible="true" version="1" changeset="129959124" timestamp="2022-12-11T11:16:32Z" user="spughetti" uid="16155068" lat="37.7991987" lon="-122.4498352"/>
 <node id="10253017694" visible="true" version="1" changeset="129959124" timestamp="2022-12-11T11:16:32Z" user="spughetti" uid="16155068" lat="37.7991896" lon="-122.4498661"/>
 <node id="10253017695" visible="true" version="1" changeset="129959124" timestamp="2022-12-11T11:16:32Z" user="spughetti" uid="16155068" lat="37.7992029" lon="-122.4498241"/>
 <node id="10253017696" visible="true" version="1" changeset="129959124" timestamp="2022-12-11T11:16:32Z" user="spughetti" uid="16155068" lat="37.7992247" lon="-122.4497789"/>
 <node id="10253017697" visible="true" version="1" changeset="129959124" timestamp="2022-12-11T11:16:32Z" user="spughetti" uid="16155068" lat="37.7992152" lon="-122.4497956"/>
 <node id="10253017698" visible="true" version="1" changeset="129959124" timestamp="2022-12-11T11:16:32Z" user="spughetti" uid="16155068" lat="37.7992110" lon="-122.4498042"/>
 <node id="10253017699" visible="true" version="1" changeset="129959124" timestamp="2022-12-11T11:16:32Z" user="spughetti" uid="16155068" lat="37.7992198" lon="-122.4497870"/>
 <node id="10253017700" visible="true" version="1" changeset="129959124" timestamp="2022-12-11T11:16:32Z" user="spughetti" uid="16155068" lat="37.7992347" lon="-122.4497625"/>
 <node id="10253017701" visible="true" version="1" changeset="129959124" timestamp="2022-12-11T11:16:32Z" user="spughetti" uid="16155068" lat="37.7992296" lon="-122.4497704"/>
 <node id="10253017702" visible="true" version="1" changeset="129959124" timestamp="2022-12-11T11:16:32Z" user="spughetti" uid="16155068" lat="37.7992914" lon="-122.4497060"/>
 <node id="10253017703" visible="true" version="1" changeset="129959124" timestamp="2022-12-11T11:16:32Z" user="spughetti" uid="16155068" lat="37.7992676" lon="-122.4497250"/>
 <node id="10253017704" visible="true" version="1" changeset="129959124" timestamp="2022-12-11T11:16:32Z" user="spughetti" uid="16155068" lat="37.7992562" lon="-122.4497363"/>
 <node id="10253017705" visible="true" version="1" changeset="129959124" timestamp="2022-12-11T11:16:32Z" user="spughetti" uid="16155068" lat="37.7992792" lon="-122.4497149"/>
 <node id="10253017706" visible="true" version="1" changeset="129959124" timestamp="2022-12-11T11:16:32Z" user="spughetti" uid="16155068" lat="37.7993168" lon="-122.4496907"/>
 <node id="10253017707" visible="true" version="1" changeset="129959124" timestamp="2022-12-11T11:16:32Z" user="spughetti" uid="16155068" lat="37.7993041" lon="-122.4496979"/>
 <node id="10253017708" visible="true" version="1" changeset="129959124" timestamp="2022-12-11T11:16:32Z" user="spughetti" uid="16155068" lat="37.7993271" lon="-122.4496861"/>
 <node id="10253018409" visible="true" version="1" changeset="129959124" timestamp="2022-12-11T11:16:32Z" user="spughetti" uid="16155068" lat="37.7993785" lon="-122.4496653"/>
 <node id="10253018410" visible="true" version="1" changeset="129959124" timestamp="2022-12-11T11:16:32Z" user="spughetti" uid="16155068" lat="37.7993718" lon="-122.4496693"/>
 <node id="10253018411" visible="true" version="1" changeset="129959124" timestamp="2022-12-11T11:16:32Z" user="spughetti" uid="16155068" lat="37.7994031" lon="-122.4496310"/>
 <node id="10253018412" visible="true" version="1" changeset="129959124" timestamp="2022-12-11T11:16:32Z" user="spughetti" uid="16155068" lat="37.7993957" lon="-122.4496458"/>
 <node id="10253018413" visible="true" version="1" changeset="129959124" timestamp="2022-12-11T11:16:32Z" user="spughetti" uid="16155068" lat="37.7993914" lon="-122.4496522"/>
 <node id="10253018414" visible="true" version="1" changeset="129959124" timestamp="2022-12-11T11:16:32Z" user="spughetti" uid="16155068" lat="37.7993996" lon="-122.4496386"/>
 <node id="10253018415" visible="true" version="1" changeset="129959124" timestamp="2022-12-11T11:16:32Z" user="spughetti" uid="16155068" lat="37.7994081" lon="-122.4496148"/>
 <node id="10253018416" visible="true" version="1" changeset="129959124" timestamp="2022-12-11T11:16:32Z" user="spughetti" uid="16155068" lat="37.7994059" lon="-122.4496233"/>
 <node id="10253018417" visible="true" version="1" changeset="129959124" timestamp="2022-12-11T11:16:32Z" user="spughetti" uid="16155068" lat="37.7994095" lon="-122.4496061"/>
 <node id="10253018418" visible="true" version="1" changeset="129959124" timestamp="2022-12-11T11:16:32Z" user="spughetti" uid="16155068" lat="37.7994049" lon="-122.4495569"/>
 <node id="10253018419" visible="true" version="1" changeset="129959124" timestamp="2022-12-11T11:16:32Z" user="spughetti" uid="16155068" lat="37.7994096" lon="-122.4495764"/>
 <node id="10253018420" visible="true" version="1" changeset="129959124" timestamp="2022-12-11T11:16:32Z" user="spughetti" uid="16155068" lat="37.7994078" lon="-122.4495666"/>
 <node id="10253018421" visible="true" version="1" changeset="129959124" timestamp="2022-12-11T11:16:32Z" user="spughetti" uid="16155068" lat="37.7994104" lon="-122.4495867"/>
 <node id="10253018422" visible="true" version="1" changeset="129959124" timestamp="2022-12-11T11:16:32Z" user="spughetti" uid="16155068" lat="37.7993691" lon="-122.4495408"/>
 <node id="10253018423" visible="true" version="1" changeset="129959124" timestamp="2022-12-11T11:16:32Z" user="spughetti" uid="16155068" lat="37.7993728" lon="-122.4495266"/>
 <node id="10253018424" visible="true" version="1" changeset="129959124" timestamp="2022-12-11T11:16:32Z" user="spughetti" uid="16155068" lat="37.7993621" lon="-122.4495536"/>
 <node id="10253018425" visible="true" version="1" changeset="129959124" timestamp="2022-12-11T11:16:32Z" user="spughetti" uid="16155068" lat="37.7993575" lon="-122.4495586"/>
 <node id="10253018426" visible="true" version="1" changeset="129959124" timestamp="2022-12-11T11:16:32Z" user="spughetti" uid="16155068" lat="37.7993660" lon="-122.4495476"/>
 <node id="10253018427" visible="true" version="1" changeset="129959124" timestamp="2022-12-11T11:16:32Z" user="spughetti" uid="16155068" lat="37.7993714" lon="-122.4495337"/>
 <node id="10253018428" visible="true" version="1" changeset="129959124" timestamp="2022-12-11T11:16:32Z" user="spughetti" uid="16155068" lat="37.7993733" lon="-122.4495190"/>
 <node id="10253018429" visible="true" version="1" changeset="129959124" timestamp="2022-12-11T11:16:32Z" user="spughetti" uid="16155068" lat="37.7993284" lon="-122.4495670"/>
 <node id="10253018430" visible="true" version="1" changeset="129959124" timestamp="2022-12-11T11:16:32Z" user="spughetti" uid="16155068" lat="37.7993169" lon="-122.4495617"/>
 <node id="10253018431" visible="true" version="1" changeset="129959124" timestamp="2022-12-11T11:16:32Z" user="spughetti" uid="16155068" lat="37.7993121" lon="-122.4495571"/>
 <node id="10253018432" visible="true" version="1" changeset="129959124" timestamp="2022-12-11T11:16:32Z" user="spughetti" uid="16155068" lat="37.7993226" lon="-122.4495650"/>
 <node id="10253018433" visible="true" version="1" changeset="129959124" timestamp="2022-12-11T11:16:32Z" user="spughetti" uid="16155068" lat="37.7993409" lon="-122.4495673"/>
 <node id="10253018434" visible="true" version="1" changeset="129959124" timestamp="2022-12-11T11:16:32Z" user="spughetti" uid="16155068" lat="37.7993470" lon="-122.4495657"/>
 <node id="10253018435" visible="true" version="1" changeset="129959124" timestamp="2022-12-11T11:16:32Z" user="spughetti" uid="16155068" lat="37.7993346" lon="-122.4495678"/>
 <node id="10253018436" visible="true" version="1" changeset="129959124" timestamp="2022-12-11T11:16:32Z" user="spughetti" uid="16155068" lat="37.7986652" lon="-122.4498597"/>
 <node id="10253018437" visible="true" version="1" changeset="129959124" timestamp="2022-12-11T11:16:32Z" user="spughetti" uid="16155068" lat="37.7986333" lon="-122.4498776"/>
 <node id="10253018438" visible="true" version="1" changeset="129959124" timestamp="2022-12-11T11:16:32Z" user="spughetti" uid="16155068" lat="37.7985980" lon="-122.4497803"/>
 <node id="10253018439" visible="true" version="1" changeset="129959124" timestamp="2022-12-11T11:16:32Z" user="spughetti" uid="16155068" lat="37.7985084" lon="-122.4495392"/>
 <node id="10253018440" visible="true" version="1" changeset="129959124" timestamp="2022-12-11T11:16:32Z" user="spughetti" uid="16155068" lat="37.7984934" lon="-122.4495466"/>
 <node id="10253018441" visible="true" version="1" changeset="129959124" timestamp="2022-12-11T11:16:32Z" user="spughetti" uid="16155068" lat="37.7985816" lon="-122.4497872"/>
 <node id="10253018442" visible="true" version="1" changeset="129959124" timestamp="2022-12-11T11:16:32Z" user="spughetti" uid="16155068" lat="37.7985867" lon="-122.4497844"/>
 <node id="10253018443" visible="true" version="1" changeset="129959124" timestamp="2022-12-11T11:16:32Z" user="spughetti" uid="16155068" lat="37.7986328" lon="-122.4499092"/>
 <node id="10253018444" visible="true" version="1" changeset="129959124" timestamp="2022-12-11T11:16:32Z" user="spughetti" uid="16155068" lat="37.7987301" lon="-122.4499743"/>
 <node id="10253018445" visible="true" version="1" changeset="129959124" timestamp="2022-12-11T11:16:32Z" user="spughetti" uid="16155068" lat="37.7988170" lon="-122.4499270"/>
 <node id="10253018446" visible="true" version="1" changeset="129959124" timestamp="2022-12-11T11:16:32Z" user="spughetti" uid="16155068" lat="37.7989004" lon="-122.4499015"/>
 <node id="10253018447" visible="true" version="1" changeset="129959124" timestamp="2022-12-11T11:16:32Z" user="spughetti" uid="16155068" lat="37.7989374" lon="-122.4498713"/>
 <node id="10253018448" visible="true" version="1" changeset="129959124" timestamp="2022-12-11T11:16:32Z" user="spughetti" uid="16155068" lat="37.7989185" lon="-122.4497251"/>
 <node id="10253018449" visible="true" version="1" changeset="129959124" timestamp="2022-12-11T11:16:32Z" user="spughetti" uid="16155068" lat="37.7989298" lon="-122.4497004"/>
 <node id="10253018450" visible="true" version="1" changeset="129959124" timestamp="2022-12-11T11:16:32Z" user="spughetti" uid="16155068" lat="37.7988995" lon="-122.4496121"/>
 <node id="10253018451" visible="true" version="1" changeset="129959124" timestamp="2022-12-11T11:16:32Z" user="spughetti" uid="16155068" lat="37.7986753" lon="-122.4499619"/>
 <node id="10253018452" visible="true" version="1" changeset="129959124" timestamp="2022-12-11T11:16:32Z" user="spughetti" uid="16155068" lat="37.7986515" lon="-122.4499395"/>
 <node id="10253018453" visible="true" version="1" changeset="129959124" timestamp="2022-12-11T11:16:32Z" user="spughetti" uid="16155068" lat="37.7986418" lon="-122.4499250"/>
 <node id="10253018454" visible="true" version="1" changeset="129959124" timestamp="2022-12-11T11:16:32Z" user="spughetti" uid="16155068" lat="37.7986630" lon="-122.4499521"/>
 <node id="10253018455" visible="true" version="1" changeset="129959124" timestamp="2022-12-11T11:16:32Z" user="spughetti" uid="16155068" lat="37.7986570" lon="-122.4499465"/>
 <node id="10253018456" visible="true" version="1" changeset="129959124" timestamp="2022-12-11T11:16:32Z" user="spughetti" uid="16155068" lat="37.7986467" lon="-122.4499326"/>
 <node id="10253018457" visible="true" version="1" changeset="129959124" timestamp="2022-12-11T11:16:32Z" user="spughetti" uid="16155068" lat="37.7986370" lon="-122.4499175"/>
 <node id="10253018458" visible="true" version="1" changeset="129959124" timestamp="2022-12-11T11:16:32Z" user="spughetti" uid="16155068" lat="37.7986691" lon="-122.4499573"/>
 <node id="10253018459" visible="true" version="1" changeset="129959124" timestamp="2022-12-11T11:16:32Z" user="spughetti" uid="16155068" lat="37.7987025" lon="-122.4499727"/>
 <node id="10253018460" visible="true" version="1" changeset="129959124" timestamp="2022-12-11T11:16:32Z" user="spughetti" uid="16155068" lat="37.7986888" lon="-122.4499686"/>
 <node id="10253018461" visible="true" version="1" changeset="129959124" timestamp="2022-12-11T11:16:32Z" user="spughetti" uid="16155068" lat="37.7986957" lon="-122.4499710"/>
 <node id="10253018462" visible="true" version="1" changeset="129959124" timestamp="2022-12-11T11:16:32Z" user="spughetti" uid="16155068" lat="37.7986821" lon="-122.4499656"/>
 <node id="10253018463" visible="true" version="1" changeset="129959124" timestamp="2022-12-11T11:16:32Z" user="spughetti" uid="16155068" lat="37.7987163" lon="-122.4499744"/>
 <node id="10253018464" visible="true" version="1" changeset="129959124" timestamp="2022-12-11T11:16:32Z" user="spughetti" uid="16155068" lat="37.7987232" lon="-122.4499746"/>
 <node id="10253018465" visible="true" version="1" changeset="129959124" timestamp="2022-12-11T11:16:32Z" user="spughetti" uid="16155068" lat="37.7987094" lon="-122.4499738"/>
 <node id="10253018466" visible="true" version="1" changeset="129959124" timestamp="2022-12-11T11:16:32Z" user="spughetti" uid="16155068" lat="37.7987747" lon="-122.4499577"/>
 <node id="10253018467" visible="true" version="1" changeset="129959124" timestamp="2022-12-11T11:16:32Z" user="spughetti" uid="16155068" lat="37.7987541" lon="-122.4499680"/>
 <node id="10253018468" visible="true" version="1" changeset="129959124" timestamp="2022-12-11T11:16:32Z" user="spughetti" uid="16155068" lat="37.7987422" lon="-122.4499717"/>
 <node id="10253018469" visible="true" version="1" changeset="129959124" timestamp="2022-12-11T11:16:32Z" user="spughetti" uid="16155068" lat="37.7987640" lon="-122.4499633"/>
 <node id="10253018470" visible="true" version="1" changeset="129959124" timestamp="2022-12-11T11:16:32Z" user="spughetti" uid="16155068" lat="37.7988573" lon="-122.4499098"/>
 <node id="10253018471" visible="true" version="1" changeset="129959124" timestamp="2022-12-11T11:16:32Z" user="spughetti" uid="16155068" lat="37.7988370" lon="-122.4499175"/>
 <node id="10253018472" visible="true" version="1" changeset="129959124" timestamp="2022-12-11T11:16:32Z" user="spughetti" uid="16155068" lat="37.7988016" lon="-122.4499375"/>
 <node id="10253018473" visible="true" version="1" changeset="129959124" timestamp="2022-12-11T11:16:32Z" user="spughetti" uid="16155068" lat="37.7987831" lon="-122.4499523"/>
 <node id="10253018474" visible="true" version="1" changeset="129959124" timestamp="2022-12-11T11:16:32Z" user="spughetti" uid="16155068" lat="37.7988790" lon="-122.4499048"/>
 <node id="10253018475" visible="true" version="1" changeset="129959124" timestamp="2022-12-11T11:16:32Z" user="spughetti" uid="16155068" lat="37.7989228" lon="-122.4498997"/>
 <node id="10253018476" visible="true" version="1" changeset="129959124" timestamp="2022-12-11T11:16:32Z" user="spughetti" uid="16155068" lat="37.7989268" lon="-122.4497538"/>
 <node id="10253018477" visible="true" version="1" changeset="129959124" timestamp="2022-12-11T11:16:32Z" user="spughetti" uid="16155068" lat="37.7989295" lon="-122.4497783"/>
 <node id="10253018478" visible="true" version="1" changeset="129959124" timestamp="2022-12-11T11:16:32Z" user="spughetti" uid="16155068" lat="37.7989293" lon="-122.4498224"/>
 <node id="10253018479" visible="true" version="1" changeset="129959124" timestamp="2022-12-11T11:16:32Z" user="spughetti" uid="16155068" lat="37.7989284" lon="-122.4498012"/>
 <node id="10253018480" visible="true" version="1" changeset="129959124" timestamp="2022-12-11T11:16:32Z" user="spughetti" uid="16155068" lat="37.7989289" lon="-122.4497900"/>
 <node id="10253018481" visible="true" version="1" changeset="129959124" timestamp="2022-12-11T11:16:32Z" user="spughetti" uid="16155068" lat="37.7989286" lon="-122.4498119"/>
 <node id="10253018482" visible="true" version="1" changeset="129959124" timestamp="2022-12-11T11:16:32Z" user="spughetti" uid="16155068" lat="37.7989287" lon="-122.4497665"/>
 <node id="10253018483" visible="true" version="1" changeset="129959124" timestamp="2022-12-11T11:16:32Z" user="spughetti" uid="16155068" lat="37.7989231" lon="-122.4497394"/>
 <node id="10253018484" visible="true" version="1" changeset="129959124" timestamp="2022-12-11T11:16:32Z" user="spughetti" uid="16155068" lat="37.7989343" lon="-122.4498906"/>
 <node id="10253018485" visible="true" version="1" changeset="129959124" timestamp="2022-12-11T11:16:32Z" user="spughetti" uid="16155068" lat="37.7989368" lon="-122.4498812"/>
 <node id="10253018486" visible="true" version="1" changeset="129959124" timestamp="2022-12-11T11:16:32Z" user="spughetti" uid="16155068" lat="37.7989292" lon="-122.4498965"/>
 <node id="10253019995" visible="true" version="1" changeset="129959756" timestamp="2022-12-11T11:41:24Z" user="spughetti" uid="16155068" lat="37.7999446" lon="-122.4490124">
  <tag k="natural" v="tree"/>
 </node>
 <node id="10253019998" visible="true" version="1" changeset="129959756" timestamp="2022-12-11T11:41:24Z" user="spughetti" uid="16155068" lat="37.7998741" lon="-122.4490499">
  <tag k="natural" v="tree"/>
 </node>
 <node id="10253019999" visible="true" version="1" changeset="129959756" timestamp="2022-12-11T11:41:24Z" user="spughetti" uid="16155068" lat="37.7998211" lon="-122.4490492">
  <tag k="natural" v="tree"/>
 </node>
 <node id="10253020000" visible="true" version="1" changeset="129959756" timestamp="2022-12-11T11:41:24Z" user="spughetti" uid="16155068" lat="37.7998126" lon="-122.4491149">
  <tag k="natural" v="tree"/>
 </node>
 <node id="10253020001" visible="true" version="1" changeset="129959756" timestamp="2022-12-11T11:41:24Z" user="spughetti" uid="16155068" lat="37.7998608" lon="-122.4491196">
  <tag k="natural" v="tree"/>
 </node>
 <node id="10253020003" visible="true" version="1" changeset="129959756" timestamp="2022-12-11T11:41:24Z" user="spughetti" uid="16155068" lat="37.7999372" lon="-122.4493009">
  <tag k="natural" v="tree"/>
 </node>
 <node id="10253020004" visible="true" version="1" changeset="129959756" timestamp="2022-12-11T11:41:24Z" user="spughetti" uid="16155068" lat="37.7998435" lon="-122.4492049">
  <tag k="natural" v="tree"/>
 </node>
 <node id="10253020005" visible="true" version="1" changeset="129959756" timestamp="2022-12-11T11:41:24Z" user="spughetti" uid="16155068" lat="37.7997260" lon="-122.4491615">
  <tag k="natural" v="tree"/>
 </node>
 <node id="10253020008" visible="true" version="1" changeset="129959756" timestamp="2022-12-11T11:41:24Z" user="spughetti" uid="16155068" lat="37.7996582" lon="-122.4490142">
  <tag k="natural" v="tree"/>
 </node>
 <node id="10253050724" visible="true" version="1" changeset="129959586" timestamp="2022-12-11T11:34:20Z" user="spughetti" uid="16155068" lat="37.7994493" lon="-122.4499322"/>
 <node id="10253050725" visible="true" version="1" changeset="129959586" timestamp="2022-12-11T11:34:20Z" user="spughetti" uid="16155068" lat="37.7995267" lon="-122.4498867"/>
 <node id="10253050726" visible="true" version="1" changeset="129959586" timestamp="2022-12-11T11:34:20Z" user="spughetti" uid="16155068" lat="37.7994779" lon="-122.4497564"/>
 <node id="10253050727" visible="true" version="1" changeset="129959586" timestamp="2022-12-11T11:34:20Z" user="spughetti" uid="16155068" lat="37.7993658" lon="-122.4497083"/>
 <node id="10253050728" visible="true" version="1" changeset="129959586" timestamp="2022-12-11T11:34:20Z" user="spughetti" uid="16155068" lat="37.7992458" lon="-122.4498009"/>
 <node id="10253050729" visible="true" version="1" changeset="129959586" timestamp="2022-12-11T11:34:20Z" user="spughetti" uid="16155068" lat="37.7991715" lon="-122.4499610"/>
 <node id="10253050730" visible="true" version="1" changeset="129959586" timestamp="2022-12-11T11:34:20Z" user="spughetti" uid="16155068" lat="37.7990632" lon="-122.4500075"/>
 <node id="10253050731" visible="true" version="1" changeset="129959586" timestamp="2022-12-11T11:34:20Z" user="spughetti" uid="16155068" lat="37.7989769" lon="-122.4499646"/>
 <node id="10253050732" visible="true" version="1" changeset="129959586" timestamp="2022-12-11T11:34:20Z" user="spughetti" uid="16155068" lat="37.7988657" lon="-122.4499427"/>
 <node id="10253050733" visible="true" version="1" changeset="129959586" timestamp="2022-12-11T11:34:20Z" user="spughetti" uid="16155068" lat="37.7987578" lon="-122.4500236"/>
 <node id="10253050734" visible="true" version="1" changeset="129959586" timestamp="2022-12-11T11:34:20Z" user="spughetti" uid="16155068" lat="37.7987147" lon="-122.4501240"/>
 <node id="10253050735" visible="true" version="1" changeset="129959586" timestamp="2022-12-11T11:34:20Z" user="spughetti" uid="16155068" lat="37.7996241" lon="-122.4502857"/>
 <node id="10253050736" visible="true" version="1" changeset="129959586" timestamp="2022-12-11T11:34:20Z" user="spughetti" uid="16155068" lat="37.7996662" lon="-122.4502608"/>
 <node id="10253050737" visible="true" version="1" changeset="129959586" timestamp="2022-12-11T11:34:20Z" user="spughetti" uid="16155068" lat="37.7995325" lon="-122.4498995"/>
 <node id="10253050738" visible="true" version="1" changeset="129959586" timestamp="2022-12-11T11:34:20Z" user="spughetti" uid="16155068" lat="37.7994620" lon="-122.4499413"/>
 <node id="10253050739" visible="true" version="1" changeset="129959586" timestamp="2022-12-11T11:34:20Z" user="spughetti" uid="16155068" lat="37.7994666" lon="-122.4499535"/>
 <node id="10253050740" visible="true" version="1" changeset="129959586" timestamp="2022-12-11T11:34:20Z" user="spughetti" uid="16155068" lat="37.7994306" lon="-122.4497103"/>
 <node id="10253050741" visible="true" version="1" changeset="129959586" timestamp="2022-12-11T11:34:20Z" user="spughetti" uid="16155068" lat="37.7994582" lon="-122.4497279"/>
 <node id="10253050742" visible="true" version="1" changeset="129959586" timestamp="2022-12-11T11:34:20Z" user="spughetti" uid="16155068" lat="37.7994456" lon="-122.4497177"/>
 <node id="10253050743" visible="true" version="1" changeset="129959586" timestamp="2022-12-11T11:34:20Z" user="spughetti" uid="16155068" lat="37.7994689" lon="-122.4497405"/>
 <node id="10253050744" visible="true" version="1" changeset="129959586" timestamp="2022-12-11T11:34:20Z" user="spughetti" uid="16155068" lat="37.7994639" lon="-122.4497341"/>
 <node id="10253050745" visible="true" version="1" changeset="129959586" timestamp="2022-12-11T11:34:20Z" user="spughetti" uid="16155068" lat="37.7994736" lon="-122.4497483"/>
 <node id="10253050746" visible="true" version="1" changeset="129959586" timestamp="2022-12-11T11:34:20Z" user="spughetti" uid="16155068" lat="37.7994520" lon="-122.4497225"/>
 <node id="10253050747" visible="true" version="1" changeset="129959586" timestamp="2022-12-11T11:34:20Z" user="spughetti" uid="16155068" lat="37.7994383" lon="-122.4497137"/>
 <node id="10253050748" visible="true" version="1" changeset="129959586" timestamp="2022-12-11T11:34:20Z" user="spughetti" uid="16155068" lat="37.7993982" lon="-122.4497034"/>
 <node id="10253050749" visible="true" version="1" changeset="129959586" timestamp="2022-12-11T11:34:20Z" user="spughetti" uid="16155068" lat="37.7994149" lon="-122.4497057"/>
 <node id="10253050750" visible="true" version="1" changeset="129959586" timestamp="2022-12-11T11:34:20Z" user="spughetti" uid="16155068" lat="37.7994068" lon="-122.4497043"/>
 <node id="10253050751" visible="true" version="1" changeset="129959586" timestamp="2022-12-11T11:34:20Z" user="spughetti" uid="16155068" lat="37.7994230" lon="-122.4497077"/>
 <node id="10253050752" visible="true" version="1" changeset="129959586" timestamp="2022-12-11T11:34:20Z" user="spughetti" uid="16155068" lat="37.7993822" lon="-122.4497043"/>
 <node id="10253050753" visible="true" version="1" changeset="129959586" timestamp="2022-12-11T11:34:20Z" user="spughetti" uid="16155068" lat="37.7993740" lon="-122.4497059"/>
 <node id="10253050754" visible="true" version="1" changeset="129959586" timestamp="2022-12-11T11:34:20Z" user="spughetti" uid="16155068" lat="37.7993902" lon="-122.4497036"/>
 <node id="10253050755" visible="true" version="1" changeset="129959586" timestamp="2022-12-11T11:34:20Z" user="spughetti" uid="16155068" lat="37.7992972" lon="-122.4497424"/>
 <node id="10253050756" visible="true" version="1" changeset="129959586" timestamp="2022-12-11T11:34:20Z" user="spughetti" uid="16155068" lat="37.7993301" lon="-122.4497219"/>
 <node id="10253050757" visible="true" version="1" changeset="129959586" timestamp="2022-12-11T11:34:20Z" user="spughetti" uid="16155068" lat="37.7993480" lon="-122.4497145"/>
 <node id="10253050758" visible="true" version="1" changeset="129959586" timestamp="2022-12-11T11:34:20Z" user="spughetti" uid="16155068" lat="37.7993129" lon="-122.4497312"/>
 <node id="10253050759" visible="true" version="1" changeset="129959586" timestamp="2022-12-11T11:34:20Z" user="spughetti" uid="16155068" lat="37.7992698" lon="-122.4497686"/>
 <node id="10253050760" visible="true" version="1" changeset="129959586" timestamp="2022-12-11T11:34:20Z" user="spughetti" uid="16155068" lat="37.7992575" lon="-122.4497840"/>
 <node id="10253050761" visible="true" version="1" changeset="129959586" timestamp="2022-12-11T11:34:20Z" user="spughetti" uid="16155068" lat="37.7992831" lon="-122.4497545"/>
 <node id="10253050762" visible="true" version="1" changeset="129959586" timestamp="2022-12-11T11:34:20Z" user="spughetti" uid="16155068" lat="37.7992129" lon="-122.4498831"/>
 <node id="10253050763" visible="true" version="1" changeset="129959586" timestamp="2022-12-11T11:34:20Z" user="spughetti" uid="16155068" lat="37.7992272" lon="-122.4498401"/>
 <node id="10253050764" visible="true" version="1" changeset="129959586" timestamp="2022-12-11T11:34:20Z" user="spughetti" uid="16155068" lat="37.7992359" lon="-122.4498191"/>
 <node id="10253050765" visible="true" version="1" changeset="129959586" timestamp="2022-12-11T11:34:20Z" user="spughetti" uid="16155068" lat="37.7992200" lon="-122.4498614"/>
 <node id="10253050766" visible="true" version="1" changeset="129959586" timestamp="2022-12-11T11:34:20Z" user="spughetti" uid="16155068" lat="37.7991958" lon="-122.4499258"/>
 <node id="10253050767" visible="true" version="1" changeset="129959586" timestamp="2022-12-11T11:34:20Z" user="spughetti" uid="16155068" lat="37.7992059" lon="-122.4499045"/>
 <node id="10253050768" visible="true" version="1" changeset="129959586" timestamp="2022-12-11T11:34:20Z" user="spughetti" uid="16155068" lat="37.7992012" lon="-122.4499157"/>
 <node id="10253050769" visible="true" version="1" changeset="129959586" timestamp="2022-12-11T11:34:20Z" user="spughetti" uid="16155068" lat="37.7991841" lon="-122.4499444"/>
 <node id="10253050770" visible="true" version="1" changeset="129959586" timestamp="2022-12-11T11:34:20Z" user="spughetti" uid="16155068" lat="37.7991901" lon="-122.4499356"/>
 <node id="10253050771" visible="true" version="1" changeset="129959586" timestamp="2022-12-11T11:34:20Z" user="spughetti" uid="16155068" lat="37.7991219" lon="-122.4499999"/>
 <node id="10253050772" visible="true" version="1" changeset="129959586" timestamp="2022-12-11T11:34:20Z" user="spughetti" uid="16155068" lat="37.7991483" lon="-122.4499828"/>
 <node id="10253050773" visible="true" version="1" changeset="129959586" timestamp="2022-12-11T11:34:20Z" user="spughetti" uid="16155068" lat="37.7991601" lon="-122.4499723"/>
 <node id="10253050774" visible="true" version="1" changeset="129959586" timestamp="2022-12-11T11:34:20Z" user="spughetti" uid="16155068" lat="37.7991353" lon="-122.4499921"/>
 <node id="10253050775" visible="true" version="1" changeset="129959586" timestamp="2022-12-11T11:34:20Z" user="spughetti" uid="16155068" lat="37.7990929" lon="-122.4500070"/>
 <node id="10253050776" visible="true" version="1" changeset="129959586" timestamp="2022-12-11T11:34:20Z" user="spughetti" uid="16155068" lat="37.7991076" lon="-122.4500040"/>
 <node id="10253050777" visible="true" version="1" changeset="129959586" timestamp="2022-12-11T11:34:20Z" user="spughetti" uid="16155068" lat="37.7990780" lon="-122.4500084"/>
 <node id="10253050778" visible="true" version="1" changeset="129959586" timestamp="2022-12-11T11:34:20Z" user="spughetti" uid="16155068" lat="37.7990193" lon="-122.4499892"/>
 <node id="10253050779" visible="true" version="1" changeset="129959586" timestamp="2022-12-11T11:34:20Z" user="spughetti" uid="16155068" lat="37.7989979" lon="-122.4499775"/>
 <node id="10253050780" visible="true" version="1" changeset="129959586" timestamp="2022-12-11T11:34:20Z" user="spughetti" uid="16155068" lat="37.7990408" lon="-122.4500001"/>
 <node id="10253050781" visible="true" version="1" changeset="129959586" timestamp="2022-12-11T11:34:20Z" user="spughetti" uid="16155068" lat="37.7989234" lon="-122.4499404"/>
 <node id="10253050782" visible="true" version="1" changeset="129959586" timestamp="2022-12-11T11:34:20Z" user="spughetti" uid="16155068" lat="37.7989511" lon="-122.4499502"/>
 <node id="10253050783" visible="true" version="1" changeset="129959586" timestamp="2022-12-11T11:34:20Z" user="spughetti" uid="16155068" lat="37.7989377" lon="-122.4499447"/>
 <node id="10253050784" visible="true" version="1" changeset="129959586" timestamp="2022-12-11T11:34:20Z" user="spughetti" uid="16155068" lat="37.7989640" lon="-122.4499568"/>
 <node id="10253050785" visible="true" version="1" changeset="129959586" timestamp="2022-12-11T11:34:20Z" user="spughetti" uid="16155068" lat="37.7988945" lon="-122.4499398"/>
 <node id="10253050786" visible="true" version="1" changeset="129959586" timestamp="2022-12-11T11:34:20Z" user="spughetti" uid="16155068" lat="37.7988802" lon="-122.4499407"/>
 <node id="10253050787" visible="true" version="1" changeset="129959586" timestamp="2022-12-11T11:34:20Z" user="spughetti" uid="16155068" lat="37.7989090" lon="-122.4499396"/>
 <node id="10253050788" visible="true" version="1" changeset="129959586" timestamp="2022-12-11T11:34:20Z" user="spughetti" uid="16155068" lat="37.7988072" lon="-122.4499744"/>
 <node id="10253050789" visible="true" version="1" changeset="129959586" timestamp="2022-12-11T11:34:20Z" user="spughetti" uid="16155068" lat="37.7988353" lon="-122.4499553"/>
 <node id="10253050790" visible="true" version="1" changeset="129959586" timestamp="2022-12-11T11:34:20Z" user="spughetti" uid="16155068" lat="37.7988504" lon="-122.4499484"/>
 <node id="10253050791" visible="true" version="1" changeset="129959586" timestamp="2022-12-11T11:34:20Z" user="spughetti" uid="16155068" lat="37.7988212" lon="-122.4499644"/>
 <node id="10253050792" visible="true" version="1" changeset="129959586" timestamp="2022-12-11T11:34:20Z" user="spughetti" uid="16155068" lat="37.7987817" lon="-122.4499962"/>
 <node id="10253050793" visible="true" version="1" changeset="129959586" timestamp="2022-12-11T11:34:20Z" user="spughetti" uid="16155068" lat="37.7987696" lon="-122.4500093"/>
 <node id="10253050794" visible="true" version="1" changeset="129959586" timestamp="2022-12-11T11:34:20Z" user="spughetti" uid="16155068" lat="37.7987943" lon="-122.4499849"/>
 <node id="10253050795" visible="true" version="1" changeset="129959586" timestamp="2022-12-11T11:34:20Z" user="spughetti" uid="16155068" lat="37.7987326" lon="-122.4500685"/>
 <node id="10253050796" visible="true" version="1" changeset="129959586" timestamp="2022-12-11T11:34:20Z" user="spughetti" uid="16155068" lat="37.7987446" lon="-122.4500451"/>
 <node id="10253050797" visible="true" version="1" changeset="129959586" timestamp="2022-12-11T11:34:20Z" user="spughetti" uid="16155068" lat="37.7987220" lon="-122.4500949"/>
 <node id="10253050798" visible="true" version="1" changeset="129959586" timestamp="2022-12-11T11:34:20Z" user="spughetti" uid="16155068" lat="37.7987175" lon="-122.4501089"/>
 <node id="10253050799" visible="true" version="1" changeset="129959586" timestamp="2022-12-11T11:34:20Z" user="spughetti" uid="16155068" lat="37.7987268" lon="-122.4500812"/>
 <node id="10253050800" visible="true" version="1" changeset="129959586" timestamp="2022-12-11T11:34:20Z" user="spughetti" uid="16155068" lat="37.7987385" lon="-122.4500561"/>
 <node id="10253050801" visible="true" version="1" changeset="129959586" timestamp="2022-12-11T11:34:20Z" user="spughetti" uid="16155068" lat="37.7987511" lon="-122.4500339"/>
 <node id="10253050802" visible="true" version="1" changeset="129959586" timestamp="2022-12-11T11:34:20Z" user="spughetti" uid="16155068" lat="37.7987314" lon="-122.4501878"/>
 <node id="10253050803" visible="true" version="1" changeset="129959586" timestamp="2022-12-11T11:34:20Z" user="spughetti" uid="16155068" lat="37.7987441" lon="-122.4502145"/>
 <node id="10253050804" visible="true" version="1" changeset="129959586" timestamp="2022-12-11T11:34:20Z" user="spughetti" uid="16155068" lat="37.7987848" lon="-122.4502437"/>
 <node id="10253050805" visible="true" version="2" changeset="183834191" timestamp="2026-06-08T15:18:13Z" user="LonelyHunter" uid="22234365" lat="37.7997616" lon="-122.4502353"/>
 <node id="10253050806" visible="true" version="1" changeset="129959586" timestamp="2022-12-11T11:34:20Z" user="spughetti" uid="16155068" lat="37.7996881" lon="-122.4501760"/>
 <node id="10253050807" visible="true" version="1" changeset="129959586" timestamp="2022-12-11T11:34:20Z" user="spughetti" uid="16155068" lat="37.7997341" lon="-122.4501495"/>
 <node id="10253050808" visible="true" version="1" changeset="129959586" timestamp="2022-12-11T11:34:20Z" user="spughetti" uid="16155068" lat="37.7997016" lon="-122.4500610"/>
 <node id="10253050809" visible="true" version="1" changeset="129959586" timestamp="2022-12-11T11:34:20Z" user="spughetti" uid="16155068" lat="37.7996781" lon="-122.4500738"/>
 <node id="10253050810" visible="true" version="1" changeset="129959586" timestamp="2022-12-11T11:34:20Z" user="spughetti" uid="16155068" lat="37.7996339" lon="-122.4499546"/>
 <node id="10253050811" visible="true" version="1" changeset="129959586" timestamp="2022-12-11T11:34:20Z" user="spughetti" uid="16155068" lat="37.7996112" lon="-122.4499679"/>
 <node id="10253050812" visible="true" version="1" changeset="129959586" timestamp="2022-12-11T11:34:20Z" user="spughetti" uid="16155068" lat="37.7995143" lon="-122.4497059"/>
 <node id="10253050813" visible="true" version="1" changeset="129959586" timestamp="2022-12-11T11:34:20Z" user="spughetti" uid="16155068" lat="37.7995638" lon="-122.4496017"/>
 <node id="10253050814" visible="true" version="1" changeset="129959586" timestamp="2022-12-11T11:34:20Z" user="spughetti" uid="16155068" lat="37.7996354" lon="-122.4495476"/>
 <node id="10253050815" visible="true" version="1" changeset="129959586" timestamp="2022-12-11T11:34:20Z" user="spughetti" uid="16155068" lat="37.7996576" lon="-122.4494680"/>
 <node id="10253050816" visible="true" version="1" changeset="129959586" timestamp="2022-12-11T11:34:20Z" user="spughetti" uid="16155068" lat="37.7996621" lon="-122.4494515"/>
 <node id="10253050817" visible="true" version="1" changeset="129959586" timestamp="2022-12-11T11:34:20Z" user="spughetti" uid="16155068" lat="37.7996611" lon="-122.4493375"/>
 <node id="10253050818" visible="true" version="1" changeset="129959586" timestamp="2022-12-11T11:34:20Z" user="spughetti" uid="16155068" lat="37.7996788" lon="-122.4493083"/>
 <node id="10253050819" visible="true" version="1" changeset="129959586" timestamp="2022-12-11T11:34:20Z" user="spughetti" uid="16155068" lat="37.7996912" lon="-122.4493162"/>
 <node id="10253050820" visible="true" version="1" changeset="129959586" timestamp="2022-12-11T11:34:20Z" user="spughetti" uid="16155068" lat="37.7997563" lon="-122.4493928"/>
 <node id="10253050821" visible="true" version="1" changeset="129959586" timestamp="2022-12-11T11:34:20Z" user="spughetti" uid="16155068" lat="37.7998471" lon="-122.4494538"/>
 <node id="10253050822" visible="true" version="1" changeset="129959586" timestamp="2022-12-11T11:34:20Z" user="spughetti" uid="16155068" lat="37.7999541" lon="-122.4494954"/>
 <node id="10253050823" visible="true" version="1" changeset="129959586" timestamp="2022-12-11T11:34:20Z" user="spughetti" uid="16155068" lat="37.8000495" lon="-122.4494981"/>
 <node id="10253050824" visible="true" version="1" changeset="129959586" timestamp="2022-12-11T11:34:20Z" user="spughetti" uid="16155068" lat="37.8001552" lon="-122.4494520"/>
 <node id="10253050825" visible="true" version="1" changeset="129959586" timestamp="2022-12-11T11:34:20Z" user="spughetti" uid="16155068" lat="37.8002592" lon="-122.4493620"/>
 <node id="10253050826" visible="true" version="1" changeset="129959586" timestamp="2022-12-11T11:34:20Z" user="spughetti" uid="16155068" lat="37.8003160" lon="-122.4493640"/>
 <node id="10253050827" visible="true" version="1" changeset="129959586" timestamp="2022-12-11T11:34:20Z" user="spughetti" uid="16155068" lat="37.8003825" lon="-122.4494522"/>
 <node id="10253050828" visible="true" version="1" changeset="129959586" timestamp="2022-12-11T11:34:20Z" user="spughetti" uid="16155068" lat="37.8004886" lon="-122.4495182"/>
 <node id="10253050829" visible="true" version="1" changeset="129959586" timestamp="2022-12-11T11:34:20Z" user="spughetti" uid="16155068" lat="37.8006045" lon="-122.4495047"/>
 <node id="10253050830" visible="true" version="1" changeset="129959586" timestamp="2022-12-11T11:34:20Z" user="spughetti" uid="16155068" lat="37.7995559" lon="-122.4496644"/>
 <node id="10253050831" visible="true" version="1" changeset="129959586" timestamp="2022-12-11T11:34:20Z" user="spughetti" uid="16155068" lat="37.7995383" lon="-122.4496895"/>
 <node id="10253050832" visible="true" version="1" changeset="129959586" timestamp="2022-12-11T11:34:20Z" user="spughetti" uid="16155068" lat="37.7995651" lon="-122.4496341"/>
 <node id="10253050833" visible="true" version="1" changeset="129959586" timestamp="2022-12-11T11:34:20Z" user="spughetti" uid="16155068" lat="37.7995654" lon="-122.4496179"/>
 <node id="10253050834" visible="true" version="1" changeset="129959586" timestamp="2022-12-11T11:34:20Z" user="spughetti" uid="16155068" lat="37.7995613" lon="-122.4496497"/>
 <node id="10253050835" visible="true" version="1" changeset="129959586" timestamp="2022-12-11T11:34:20Z" user="spughetti" uid="16155068" lat="37.7995486" lon="-122.4496788"/>
 <node id="10253050836" visible="true" version="1" changeset="129959586" timestamp="2022-12-11T11:34:20Z" user="spughetti" uid="16155068" lat="37.7996453" lon="-122.4495095"/>
 <node id="10253050837" visible="true" version="1" changeset="129959586" timestamp="2022-12-11T11:34:20Z" user="spughetti" uid="16155068" lat="37.7996458" lon="-122.4495306"/>
 <node id="10253050838" visible="true" version="1" changeset="129959586" timestamp="2022-12-11T11:34:20Z" user="spughetti" uid="16155068" lat="37.7996462" lon="-122.4495201"/>
 <node id="10253050839" visible="true" version="1" changeset="129959586" timestamp="2022-12-11T11:34:20Z" user="spughetti" uid="16155068" lat="37.7996411" lon="-122.4495395"/>
 <node id="10253050840" visible="true" version="1" changeset="129959586" timestamp="2022-12-11T11:34:20Z" user="spughetti" uid="16155068" lat="37.7996467" lon="-122.4494963"/>
 <node id="10253050841" visible="true" version="1" changeset="129959586" timestamp="2022-12-11T11:34:20Z" user="spughetti" uid="16155068" lat="37.7996513" lon="-122.4494812"/>
 <node id="10253050842" visible="true" version="1" changeset="129959586" timestamp="2022-12-11T11:34:20Z" user="spughetti" uid="16155068" lat="37.7996564" lon="-122.4494025"/>
 <node id="10253050843" visible="true" version="1" changeset="129959586" timestamp="2022-12-11T11:34:20Z" user="spughetti" uid="16155068" lat="37.7996623" lon="-122.4494354"/>
 <node id="10253050844" visible="true" version="1" changeset="129959586" timestamp="2022-12-11T11:34:20Z" user="spughetti" uid="16155068" lat="37.7996590" lon="-122.4494186"/>
 <node id="10253050845" visible="true" version="1" changeset="129959586" timestamp="2022-12-11T11:34:20Z" user="spughetti" uid="16155068" lat="37.7996577" lon="-122.4493695"/>
 <node id="10253050846" visible="true" version="1" changeset="129959586" timestamp="2022-12-11T11:34:20Z" user="spughetti" uid="16155068" lat="37.7998008" lon="-122.4494262"/>
 <node id="10253050847" visible="true" version="1" changeset="129959586" timestamp="2022-12-11T11:34:20Z" user="spughetti" uid="16155068" lat="37.7997779" lon="-122.4494104"/>
 <node id="10253050848" visible="true" version="1" changeset="129959586" timestamp="2022-12-11T11:34:20Z" user="spughetti" uid="16155068" lat="37.7998239" lon="-122.4494405"/>
 <node id="10253050849" visible="true" version="1" changeset="129959586" timestamp="2022-12-11T11:34:20Z" user="spughetti" uid="16155068" lat="37.7997229" lon="-122.4493556"/>
 <node id="10253050850" visible="true" version="1" changeset="129959586" timestamp="2022-12-11T11:34:20Z" user="spughetti" uid="16155068" lat="37.7997389" lon="-122.4493749"/>
 <node id="10253050851" visible="true" version="1" changeset="129959586" timestamp="2022-12-11T11:34:20Z" user="spughetti" uid="16155068" lat="37.7999049" lon="-122.4494883"/>
 <node id="10253050852" visible="true" version="1" changeset="129959586" timestamp="2022-12-11T11:34:20Z" user="spughetti" uid="16155068" lat="37.7998736" lon="-122.4494663"/>
 <node id="10253050853" visible="true" version="1" changeset="129959586" timestamp="2022-12-11T11:34:20Z" user="spughetti" uid="16155068" lat="37.7999269" lon="-122.4494872"/>
 <node id="10253050854" visible="true" version="1" changeset="129959586" timestamp="2022-12-11T11:34:20Z" user="spughetti" uid="16155068" lat="37.7999065" lon="-122.4494799"/>
 <node id="10253050855" visible="true" version="1" changeset="129959586" timestamp="2022-12-11T11:34:20Z" user="spughetti" uid="16155068" lat="37.7998833" lon="-122.4494703"/>
 <node id="10253050856" visible="true" version="1" changeset="129959586" timestamp="2022-12-11T11:34:20Z" user="spughetti" uid="16155068" lat="37.7998814" lon="-122.4494808"/>
 <node id="10253050857" visible="true" version="1" changeset="129959586" timestamp="2022-12-11T11:34:20Z" user="spughetti" uid="16155068" lat="37.7999401" lon="-122.4494916"/>
 <node id="10253050858" visible="true" version="1" changeset="129959586" timestamp="2022-12-11T11:34:20Z" user="spughetti" uid="16155068" lat="37.7999740" lon="-122.4494979"/>
 <node id="10253050859" visible="true" version="1" changeset="129959586" timestamp="2022-12-11T11:34:20Z" user="spughetti" uid="16155068" lat="37.8000132" lon="-122.4494991"/>
 <node id="10253050860" visible="true" version="1" changeset="129959586" timestamp="2022-12-11T11:34:20Z" user="spughetti" uid="16155068" lat="37.7999936" lon="-122.4494988"/>
 <node id="10253050861" visible="true" version="1" changeset="129959586" timestamp="2022-12-11T11:34:20Z" user="spughetti" uid="16155068" lat="37.8001038" lon="-122.4494799"/>
 <node id="10253050862" visible="true" version="1" changeset="129959586" timestamp="2022-12-11T11:34:20Z" user="spughetti" uid="16155068" lat="37.8000818" lon="-122.4494901"/>
 <node id="10253050863" visible="true" version="1" changeset="129959586" timestamp="2022-12-11T11:34:20Z" user="spughetti" uid="16155068" lat="37.8000670" lon="-122.4494948"/>
 <node id="10253050864" visible="true" version="1" changeset="129959586" timestamp="2022-12-11T11:34:20Z" user="spughetti" uid="16155068" lat="37.8000314" lon="-122.4494992"/>
 <node id="10253050865" visible="true" version="1" changeset="129959586" timestamp="2022-12-11T11:34:20Z" user="spughetti" uid="16155068" lat="37.8001339" lon="-122.4494641"/>
 <node id="10253050866" visible="true" version="1" changeset="129959586" timestamp="2022-12-11T11:34:20Z" user="spughetti" uid="16155068" lat="37.8001582" lon="-122.4494621"/>
 <node id="10253050867" visible="true" version="1" changeset="129959586" timestamp="2022-12-11T11:34:20Z" user="spughetti" uid="16155068" lat="37.8001375" lon="-122.4494742"/>
 <node id="10253050868" visible="true" version="1" changeset="129959586" timestamp="2022-12-11T11:34:20Z" user="spughetti" uid="16155068" lat="37.8002079" lon="-122.4494086"/>
 <node id="10253050869" visible="true" version="1" changeset="129959586" timestamp="2022-12-11T11:34:20Z" user="spughetti" uid="16155068" lat="37.8002338" lon="-122.4493859"/>
 <node id="10253050870" visible="true" version="1" changeset="129959586" timestamp="2022-12-11T11:34:20Z" user="spughetti" uid="16155068" lat="37.8002899" lon="-122.4493493"/>
 <node id="10253050871" visible="true" version="1" changeset="129959586" timestamp="2022-12-11T11:34:20Z" user="spughetti" uid="16155068" lat="37.8002739" lon="-122.4493518"/>
 <node id="10253050872" visible="true" version="1" changeset="129959586" timestamp="2022-12-11T11:34:20Z" user="spughetti" uid="16155068" lat="37.8002666" lon="-122.4493556"/>
 <node id="10253050873" visible="true" version="1" changeset="129959586" timestamp="2022-12-11T11:34:20Z" user="spughetti" uid="16155068" lat="37.8002820" lon="-122.4493494"/>
 <node id="10253050874" visible="true" version="1" changeset="129959586" timestamp="2022-12-11T11:34:20Z" user="spughetti" uid="16155068" lat="37.8003041" lon="-122.4493540"/>
 <node id="10253050875" visible="true" version="1" changeset="129959586" timestamp="2022-12-11T11:34:20Z" user="spughetti" uid="16155068" lat="37.8002973" lon="-122.4493510"/>
 <node id="10253050876" visible="true" version="1" changeset="129959586" timestamp="2022-12-11T11:34:20Z" user="spughetti" uid="16155068" lat="37.8003102" lon="-122.4493585"/>
 <node id="10253050877" visible="true" version="1" changeset="129959586" timestamp="2022-12-11T11:34:20Z" user="spughetti" uid="16155068" lat="37.8003442" lon="-122.4494053"/>
 <node id="10253050878" visible="true" version="1" changeset="129959586" timestamp="2022-12-11T11:34:20Z" user="spughetti" uid="16155068" lat="37.8003676" lon="-122.4494355"/>
 <node id="10253050879" visible="true" version="1" changeset="129959586" timestamp="2022-12-11T11:34:20Z" user="spughetti" uid="16155068" lat="37.8003324" lon="-122.4493879"/>
 <node id="10253050880" visible="true" version="1" changeset="129959586" timestamp="2022-12-11T11:34:20Z" user="spughetti" uid="16155068" lat="37.8003559" lon="-122.4494212"/>
 <node id="10253050881" visible="true" version="1" changeset="129959586" timestamp="2022-12-11T11:34:20Z" user="spughetti" uid="16155068" lat="37.8004340" lon="-122.4494946"/>
 <node id="10253050882" visible="true" version="1" changeset="129959586" timestamp="2022-12-11T11:34:20Z" user="spughetti" uid="16155068" lat="37.8004083" lon="-122.4494760"/>
 <node id="10253050883" visible="true" version="1" changeset="129959586" timestamp="2022-12-11T11:34:20Z" user="spughetti" uid="16155068" lat="37.8004615" lon="-122.4495086"/>
 <node id="10253050884" visible="true" version="1" changeset="129959586" timestamp="2022-12-11T11:34:20Z" user="spughetti" uid="16155068" lat="37.8005476" lon="-122.4495209"/>
 <node id="10253050885" visible="true" version="1" changeset="129959586" timestamp="2022-12-11T11:34:20Z" user="spughetti" uid="16155068" lat="37.8005767" lon="-122.4495150"/>
 <node id="10253050886" visible="true" version="1" changeset="129959586" timestamp="2022-12-11T11:34:20Z" user="spughetti" uid="16155068" lat="37.8005181" lon="-122.4495216"/>
 <node id="10253050887" visible="true" version="1" changeset="129959586" timestamp="2022-12-11T11:34:20Z" user="spughetti" uid="16155068" lat="37.8005911" lon="-122.4495105"/>
 <node id="10253050888" visible="true" version="1" changeset="129959586" timestamp="2022-12-11T11:34:20Z" user="spughetti" uid="16155068" lat="37.8005622" lon="-122.4495184"/>
 <node id="10253050889" visible="true" version="1" changeset="129959586" timestamp="2022-12-11T11:34:20Z" user="spughetti" uid="16155068" lat="37.8005326" lon="-122.4495219"/>
 <node id="10253050890" visible="true" version="1" changeset="129959586" timestamp="2022-12-11T11:34:20Z" user="spughetti" uid="16155068" lat="37.8005033" lon="-122.4495205"/>
 <node id="10253050891" visible="true" version="1" changeset="129959586" timestamp="2022-12-11T11:34:20Z" user="spughetti" uid="16155068" lat="37.8004748" lon="-122.4495140"/>
 <node id="10253050892" visible="true" version="1" changeset="129959586" timestamp="2022-12-11T11:34:20Z" user="spughetti" uid="16155068" lat="37.8004478" lon="-122.4495023"/>
 <node id="10253050893" visible="true" version="1" changeset="129959586" timestamp="2022-12-11T11:34:20Z" user="spughetti" uid="16155068" lat="37.8004210" lon="-122.4494858"/>
 <node id="10253050894" visible="true" version="1" changeset="129959586" timestamp="2022-12-11T11:34:20Z" user="spughetti" uid="16155068" lat="37.8003961" lon="-122.4494657"/>
 <node id="10253050895" visible="true" version="1" changeset="129959586" timestamp="2022-12-11T11:34:20Z" user="spughetti" uid="16155068" lat="37.8007731" lon="-122.4493690"/>
 <node id="10253050920" visible="true" version="1" changeset="129959586" timestamp="2022-12-11T11:34:20Z" user="spughetti" uid="16155068" lat="37.8006209" lon="-122.4494588"/>
 <node id="10253052208" visible="true" version="2" changeset="169977476" timestamp="2025-08-04T21:28:57Z" user="ericw" uid="152959" lat="37.7998929" lon="-122.4494810">
  <tag k="amenity" v="bench"/>
  <tag k="backrest" v="yes"/>
 </node>
 <node id="10253058323" visible="true" version="1" changeset="129959727" timestamp="2022-12-11T11:40:10Z" user="spughetti" uid="16155068" lat="37.8001982" lon="-122.4487082"/>
 <node id="10253058324" visible="true" version="1" changeset="129959727" timestamp="2022-12-11T11:40:10Z" user="spughetti" uid="16155068" lat="37.8001749" lon="-122.4486612"/>
 <node id="10253058325" visible="true" version="1" changeset="129959727" timestamp="2022-12-11T11:40:10Z" user="spughetti" uid="16155068" lat="37.8001797" lon="-122.4486908"/>
 <node id="10253058352" visible="true" version="1" changeset="129959727" timestamp="2022-12-11T11:40:10Z" user="spughetti" uid="16155068" lat="37.7994914" lon="-122.4493768">
  <tag k="highway" v="street_lamp"/>
 </node>
 <node id="10253058353" visible="true" version="1" changeset="129959727" timestamp="2022-12-11T11:40:10Z" user="spughetti" uid="16155068" lat="37.7992834" lon="-122.4491216">
  <tag k="highway" v="street_lamp"/>
 </node>
 <node id="10253059410" visible="true" version="1" changeset="129959756" timestamp="2022-12-11T11:41:24Z" user="spughetti" uid="16155068" lat="37.7996435" lon="-122.4490987">
  <tag k="natural" v="tree"/>
 </node>
 <node id="10253059411" visible="true" version="1" changeset="129959756" timestamp="2022-12-11T11:41:24Z" user="spughetti" uid="16155068" lat="37.7997054" lon="-122.4490301">
  <tag k="natural" v="tree"/>
 </node>
 <node id="10253066206" visible="true" version="1" changeset="129959995" timestamp="2022-12-11T11:49:52Z" user="spughetti" uid="16155068" lat="37.7987939" lon="-122.4490269">
  <tag k="natural" v="tree"/>
 </node>
 <node id="10253071414" visible="true" version="1" changeset="129959995" timestamp="2022-12-11T11:49:52Z" user="spughetti" uid="16155068" lat="37.7992225" lon="-122.4490606">
  <tag k="natural" v="tree"/>
 </node>
 <node id="10253071415" visible="true" version="1" changeset="129959995" timestamp="2022-12-11T11:49:52Z" user="spughetti" uid="16155068" lat="37.7992564" lon="-122.4491588">
  <tag k="natural" v="tree"/>
 </node>
 <node id="10253071416" visible="true" version="1" changeset="129959995" timestamp="2022-12-11T11:49:52Z" user="spughetti" uid="16155068" lat="37.7992816" lon="-122.4492176">
  <tag k="natural" v="tree"/>
 </node>
 <node id="10253071417" visible="true" version="1" changeset="129959995" timestamp="2022-12-11T11:49:52Z" user="spughetti" uid="16155068" lat="37.7994105" lon="-122.4493163">
  <tag k="natural" v="tree"/>
 </node>
 <node id="10253071418" visible="true" version="1" changeset="129959995" timestamp="2022-12-11T11:49:52Z" user="spughetti" uid="16155068" lat="37.7994256" lon="-122.4493848">
  <tag k="natural" v="tree"/>
 </node>
 <node id="10253071419" visible="true" version="1" changeset="129959995" timestamp="2022-12-11T11:49:52Z" user="spughetti" uid="16155068" lat="37.7995039" lon="-122.4494764">
  <tag k="natural" v="tree"/>
 </node>
 <node id="10253071420" visible="true" version="1" changeset="129959995" timestamp="2022-12-11T11:49:52Z" user="spughetti" uid="16155068" lat="37.7995609" lon="-122.4494335">
  <tag k="natural" v="tree"/>
 </node>
 <node id="10253071421" visible="true" version="1" changeset="129959995" timestamp="2022-12-11T11:49:52Z" user="spughetti" uid="16155068" lat="37.7994902" lon="-122.4492530">
  <tag k="natural" v="tree"/>
 </node>
 <node id="10253071422" visible="true" version="1" changeset="129959995" timestamp="2022-12-11T11:49:52Z" user="spughetti" uid="16155068" lat="37.7994885" lon="-122.4491778">
  <tag k="natural" v="tree"/>
 </node>
 <node id="10253071423" visible="true" version="1" changeset="129959995" timestamp="2022-12-11T11:49:52Z" user="spughetti" uid="16155068" lat="37.7994399" lon="-122.4490424">
  <tag k="natural" v="tree"/>
 </node>
 <node id="10253071428" visible="true" version="1" changeset="129959995" timestamp="2022-12-11T11:49:52Z" user="spughetti" uid="16155068" lat="37.7994609" lon="-122.4491521">
  <tag k="natural" v="tree"/>
 </node>
 <node id="10253071429" visible="true" version="1" changeset="129959995" timestamp="2022-12-11T11:49:52Z" user="spughetti" uid="16155068" lat="37.7994969" lon="-122.4491119">
  <tag k="natural" v="tree"/>
 </node>
 <node id="10253071430" visible="true" version="1" changeset="129959995" timestamp="2022-12-11T11:49:52Z" user="spughetti" uid="16155068" lat="37.7999557" lon="-122.4495822">
  <tag k="natural" v="tree"/>
 </node>
 <node id="10253071431" visible="true" version="1" changeset="129959995" timestamp="2022-12-11T11:49:52Z" user="spughetti" uid="16155068" lat="37.7999494" lon="-122.4496331">
  <tag k="natural" v="tree"/>
 </node>
 <node id="10253071434" visible="true" version="1" changeset="129959995" timestamp="2022-12-11T11:49:52Z" user="spughetti" uid="16155068" lat="37.7999403" lon="-122.4497795">
  <tag k="natural" v="tree"/>
 </node>
 <node id="10253071435" visible="true" version="1" changeset="129959995" timestamp="2022-12-11T11:49:52Z" user="spughetti" uid="16155068" lat="37.7998837" lon="-122.4497529">
  <tag k="natural" v="tree"/>
 </node>
 <node id="10253071436" visible="true" version="1" changeset="129959995" timestamp="2022-12-11T11:49:52Z" user="spughetti" uid="16155068" lat="37.7998351" lon="-122.4496791">
  <tag k="natural" v="tree"/>
 </node>
 <node id="10253071437" visible="true" version="1" changeset="129959995" timestamp="2022-12-11T11:49:52Z" user="spughetti" uid="16155068" lat="37.7996873" lon="-122.4495017">
  <tag k="natural" v="tree"/>
 </node>
 <node id="10253071438" visible="true" version="1" changeset="129959995" timestamp="2022-12-11T11:49:52Z" user="spughetti" uid="16155068" lat="37.7996956" lon="-122.4493579">
  <tag k="natural" v="tree"/>
 </node>
 <node id="10253071439" visible="true" version="1" changeset="129959995" timestamp="2022-12-11T11:49:52Z" user="spughetti" uid="16155068" lat="37.7996352" lon="-122.4496441">
  <tag k="natural" v="tree"/>
 </node>
 <node id="10253071440" visible="true" version="1" changeset="129959995" timestamp="2022-12-11T11:49:52Z" user="spughetti" uid="16155068" lat="37.7996471" lon="-122.4497237">
  <tag k="natural" v="tree"/>
 </node>
 <node id="10253071441" visible="true" version="1" changeset="129959995" timestamp="2022-12-11T11:49:52Z" user="spughetti" uid="16155068" lat="37.7996069" lon="-122.4497967">
  <tag k="natural" v="tree"/>
 </node>
 <node id="10253071442" visible="true" version="1" changeset="129959995" timestamp="2022-12-11T11:49:52Z" user="spughetti" uid="16155068" lat="37.7996551" lon="-122.4497636">
  <tag k="natural" v="tree"/>
 </node>
 <node id="10253071443" visible="true" version="1" changeset="129959995" timestamp="2022-12-11T11:49:52Z" user="spughetti" uid="16155068" lat="37.7997323" lon="-122.4497330">
  <tag k="natural" v="tree"/>
 </node>
 <node id="10253071444" visible="true" version="1" changeset="129959995" timestamp="2022-12-11T11:49:52Z" user="spughetti" uid="16155068" lat="37.7996684" lon="-122.4499436">
  <tag k="natural" v="tree"/>
 </node>
 <node id="10253071445" visible="true" version="1" changeset="129959995" timestamp="2022-12-11T11:49:52Z" user="spughetti" uid="16155068" lat="37.7995778" lon="-122.4500706">
  <tag k="natural" v="tree"/>
 </node>
 <node id="10253071446" visible="true" version="1" changeset="129959995" timestamp="2022-12-11T11:49:52Z" user="spughetti" uid="16155068" lat="37.7995537" lon="-122.4499989">
  <tag k="natural" v="tree"/>
 </node>
 <node id="10253071447" visible="true" version="1" changeset="129959995" timestamp="2022-12-11T11:49:52Z" user="spughetti" uid="16155068" lat="37.7996006" lon="-122.4501365">
  <tag k="natural" v="tree"/>
 </node>
 <node id="10253071448" visible="true" version="1" changeset="129959995" timestamp="2022-12-11T11:49:52Z" user="spughetti" uid="16155068" lat="37.7997628" lon="-122.4501945">
  <tag k="natural" v="tree"/>
 </node>
 <node id="10253071449" visible="true" version="1" changeset="129959995" timestamp="2022-12-11T11:49:52Z" user="spughetti" uid="16155068" lat="37.7997425" lon="-122.4501321">
  <tag k="natural" v="tree"/>
 </node>
 <node id="10253071450" visible="true" version="1" changeset="129959995" timestamp="2022-12-11T11:49:52Z" user="spughetti" uid="16155068" lat="37.7997152" lon="-122.4500631">
  <tag k="natural" v="tree"/>
 </node>
 <node id="10253071451" visible="true" version="1" changeset="129959995" timestamp="2022-12-11T11:49:52Z" user="spughetti" uid="16155068" lat="37.7994261" lon="-122.4498282">
  <tag k="natural" v="tree"/>
 </node>
 <node id="10253071452" visible="true" version="1" changeset="129959995" timestamp="2022-12-11T11:49:52Z" user="spughetti" uid="16155068" lat="37.7994775" lon="-122.4498445">
  <tag k="natural" v="tree"/>
 </node>
 <node id="10253071453" visible="true" version="1" changeset="129959995" timestamp="2022-12-11T11:49:52Z" user="spughetti" uid="16155068" lat="37.7993527" lon="-122.4498573">
  <tag k="natural" v="tree"/>
 </node>
 <node id="10253071454" visible="true" version="1" changeset="129959995" timestamp="2022-12-11T11:49:52Z" user="spughetti" uid="16155068" lat="37.7993150" lon="-122.4498038">
  <tag k="natural" v="tree"/>
 </node>
 <node id="10253071455" visible="true" version="1" changeset="129959995" timestamp="2022-12-11T11:49:52Z" user="spughetti" uid="16155068" lat="37.7992125" lon="-122.4499383">
  <tag k="natural" v="tree"/>
 </node>
 <node id="10253071456" visible="true" version="1" changeset="129959995" timestamp="2022-12-11T11:49:52Z" user="spughetti" uid="16155068" lat="37.7991419" lon="-122.4500250">
  <tag k="natural" v="tree"/>
 </node>
 <node id="10253071457" visible="true" version="1" changeset="129959995" timestamp="2022-12-11T11:49:52Z" user="spughetti" uid="16155068" lat="37.7991772" lon="-122.4500715">
  <tag k="natural" v="tree"/>
 </node>
 <node id="10253071458" visible="true" version="1" changeset="129959995" timestamp="2022-12-11T11:49:52Z" user="spughetti" uid="16155068" lat="37.7992307" lon="-122.4500202">
  <tag k="natural" v="tree"/>
 </node>
 <node id="10253071459" visible="true" version="1" changeset="129959995" timestamp="2022-12-11T11:49:52Z" user="spughetti" uid="16155068" lat="37.7992587" lon="-122.4500551">
  <tag k="natural" v="tree"/>
 </node>
 <node id="10253071460" visible="true" version="1" changeset="129959995" timestamp="2022-12-11T11:49:52Z" user="spughetti" uid="16155068" lat="37.7990318" lon="-122.4500188">
  <tag k="natural" v="tree"/>
 </node>
 <node id="10253071461" visible="true" version="1" changeset="129959995" timestamp="2022-12-11T11:49:52Z" user="spughetti" uid="16155068" lat="37.7990227" lon="-122.4499157">
  <tag k="natural" v="tree"/>
 </node>
 <node id="10253071462" visible="true" version="1" changeset="129959995" timestamp="2022-12-11T11:49:52Z" user="spughetti" uid="16155068" lat="37.7988633" lon="-122.4499976">
  <tag k="natural" v="tree"/>
 </node>
 <node id="10253071463" visible="true" version="1" changeset="129959995" timestamp="2022-12-11T11:49:52Z" user="spughetti" uid="16155068" lat="37.7988046" lon="-122.4500560">
  <tag k="natural" v="tree"/>
 </node>
 <node id="10253071464" visible="true" version="1" changeset="129959995" timestamp="2022-12-11T11:49:52Z" user="spughetti" uid="16155068" lat="37.7987626" lon="-122.4498812">
  <tag k="natural" v="tree"/>
 </node>
 <node id="10253071465" visible="true" version="1" changeset="129959995" timestamp="2022-12-11T11:49:52Z" user="spughetti" uid="16155068" lat="37.7988165" lon="-122.4498361">
  <tag k="natural" v="tree"/>
 </node>
 <node id="10253071466" visible="true" version="1" changeset="129959995" timestamp="2022-12-11T11:49:52Z" user="spughetti" uid="16155068" lat="37.7989084" lon="-122.4498755">
  <tag k="natural" v="tree"/>
 </node>
 <node id="10253071467" visible="true" version="1" changeset="129959995" timestamp="2022-12-11T11:49:52Z" user="spughetti" uid="16155068" lat="37.7990157" lon="-122.4496932">
  <tag k="natural" v="tree"/>
 </node>
 <node id="10253071468" visible="true" version="1" changeset="129959995" timestamp="2022-12-11T11:49:52Z" user="spughetti" uid="16155068" lat="37.7991433" lon="-122.4497472">
  <tag k="natural" v="tree"/>
 </node>
 <node id="10253071469" visible="true" version="1" changeset="129959995" timestamp="2022-12-11T11:49:52Z" user="spughetti" uid="16155068" lat="37.7992290" lon="-122.4496353">
  <tag k="natural" v="tree"/>
 </node>
 <node id="10253071470" visible="true" version="1" changeset="129959995" timestamp="2022-12-11T11:49:52Z" user="spughetti" uid="16155068" lat="37.7987116" lon="-122.4498733">
  <tag k="natural" v="tree"/>
 </node>
 <node id="10253071471" visible="true" version="1" changeset="129959995" timestamp="2022-12-11T11:49:52Z" user="spughetti" uid="16155068" lat="37.7985281" lon="-122.4497698">
  <tag k="natural" v="tree"/>
 </node>
 <node id="10253071472" visible="true" version="1" changeset="129959995" timestamp="2022-12-11T11:49:52Z" user="spughetti" uid="16155068" lat="37.7985529" lon="-122.4498414">
  <tag k="natural" v="tree"/>
 </node>
 <node id="10253071473" visible="true" version="1" changeset="129959995" timestamp="2022-12-11T11:49:52Z" user="spughetti" uid="16155068" lat="37.7985033" lon="-122.4496999">
  <tag k="natural" v="tree"/>
 </node>
 <node id="10253071474" visible="true" version="1" changeset="129959995" timestamp="2022-12-11T11:49:52Z" user="spughetti" uid="16155068" lat="37.7984271" lon="-122.4494853">
  <tag k="natural" v="tree"/>
 </node>
 <node id="10253071475" visible="true" version="1" changeset="129959995" timestamp="2022-12-11T11:49:52Z" user="spughetti" uid="16155068" lat="37.7983949" lon="-122.4494906">
  <tag k="natural" v="tree"/>
 </node>
 <node id="10253071476" visible="true" version="1" changeset="129959995" timestamp="2022-12-11T11:49:52Z" user="spughetti" uid="16155068" lat="37.7983732" lon="-122.4494419">
  <tag k="natural" v="tree"/>
 </node>
 <node id="10253071477" visible="true" version="1" changeset="129959995" timestamp="2022-12-11T11:49:52Z" user="spughetti" uid="16155068" lat="37.7983491" lon="-122.4493428">
  <tag k="natural" v="tree"/>
 </node>
 <node id="10253071478" visible="true" version="1" changeset="129959995" timestamp="2022-12-11T11:49:52Z" user="spughetti" uid="16155068" lat="37.7983792" lon="-122.4493716">
  <tag k="natural" v="tree"/>
 </node>
 <node id="10253071479" visible="true" version="1" changeset="129959995" timestamp="2022-12-11T11:49:52Z" user="spughetti" uid="16155068" lat="37.7983834" lon="-122.4493167">
  <tag k="natural" v="tree"/>
 </node>
 <node id="10253071480" visible="true" version="1" changeset="129959995" timestamp="2022-12-11T11:49:52Z" user="spughetti" uid="16155068" lat="37.7983736" lon="-122.4491738">
  <tag k="natural" v="tree"/>
 </node>
 <node id="10253071481" visible="true" version="1" changeset="129959995" timestamp="2022-12-11T11:49:52Z" user="spughetti" uid="16155068" lat="37.7984480" lon="-122.4492283">
  <tag k="natural" v="tree"/>
 </node>
 <node id="10253071482" visible="true" version="1" changeset="129959995" timestamp="2022-12-11T11:49:52Z" user="spughetti" uid="16155068" lat="37.7984690" lon="-122.4493428">
  <tag k="natural" v="tree"/>
 </node>
 <node id="10253071483" visible="true" version="1" changeset="129959995" timestamp="2022-12-11T11:49:52Z" user="spughetti" uid="16155068" lat="37.7984494" lon="-122.4491163">
  <tag k="natural" v="tree"/>
 </node>
 <node id="10253071484" visible="true" version="1" changeset="129959995" timestamp="2022-12-11T11:49:52Z" user="spughetti" uid="16155068" lat="37.7983701" lon="-122.4490889">
  <tag k="natural" v="tree"/>
 </node>
 <node id="10253071485" visible="true" version="1" changeset="129959995" timestamp="2022-12-11T11:49:52Z" user="spughetti" uid="16155068" lat="37.7983701" lon="-122.4490009">
  <tag k="natural" v="tree"/>
 </node>
 <node id="10253071533" visible="true" version="1" changeset="129959995" timestamp="2022-12-11T11:49:52Z" user="spughetti" uid="16155068" lat="37.7997355" lon="-122.4508620">
  <tag k="natural" v="tree"/>
 </node>
 <node id="10253071534" visible="true" version="1" changeset="129959995" timestamp="2022-12-11T11:49:52Z" user="spughetti" uid="16155068" lat="37.7997991" lon="-122.4507748">
  <tag k="natural" v="tree"/>
 </node>
 <node id="10253071535" visible="true" version="1" changeset="129959995" timestamp="2022-12-11T11:49:52Z" user="spughetti" uid="16155068" lat="37.7997731" lon="-122.4507071">
  <tag k="natural" v="tree"/>
 </node>
 <node id="10253071536" visible="true" version="1" changeset="129959995" timestamp="2022-12-11T11:49:52Z" user="spughetti" uid="16155068" lat="37.7997784" lon="-122.4503611">
  <tag k="natural" v="tree"/>
 </node>
 <node id="10253071537" visible="true" version="1" changeset="129959995" timestamp="2022-12-11T11:49:52Z" user="spughetti" uid="16155068" lat="37.7996952" lon="-122.4504201">
  <tag k="natural" v="tree"/>
 </node>
 <node id="10253071538" visible="true" version="1" changeset="129959995" timestamp="2022-12-11T11:49:52Z" user="spughetti" uid="16155068" lat="37.7999135" lon="-122.4507138">
  <tag k="natural" v="tree"/>
 </node>
 <node id="10253071540" visible="true" version="1" changeset="129959995" timestamp="2022-12-11T11:49:52Z" user="spughetti" uid="16155068" lat="37.7999623" lon="-122.4505830">
  <tag k="natural" v="tree"/>
 </node>
 <node id="10253071563" visible="true" version="1" changeset="129959995" timestamp="2022-12-11T11:49:52Z" user="spughetti" uid="16155068" lat="37.7987381" lon="-122.4501634">
  <tag k="natural" v="tree"/>
 </node>
 <node id="10253071564" visible="true" version="1" changeset="129959995" timestamp="2022-12-11T11:49:52Z" user="spughetti" uid="16155068" lat="37.7987630" lon="-122.4502040">
  <tag k="natural" v="tree"/>
 </node>
 <node id="10253071565" visible="true" version="1" changeset="129959995" timestamp="2022-12-11T11:49:52Z" user="spughetti" uid="16155068" lat="37.7988373" lon="-122.4503783">
  <tag k="natural" v="tree"/>
 </node>
 <node id="10253071566" visible="true" version="1" changeset="129959995" timestamp="2022-12-11T11:49:52Z" user="spughetti" uid="16155068" lat="37.7987778" lon="-122.4504358">
  <tag k="natural" v="tree"/>
 </node>
 <node id="10253071567" visible="true" version="1" changeset="129959995" timestamp="2022-12-11T11:49:52Z" user="spughetti" uid="16155068" lat="37.7988063" lon="-122.4505887">
  <tag k="natural" v="tree"/>
 </node>
 <node id="10253071568" visible="true" version="1" changeset="129959995" timestamp="2022-12-11T11:49:52Z" user="spughetti" uid="16155068" lat="37.7988883" lon="-122.4505323">
  <tag k="natural" v="tree"/>
 </node>
 <node id="10253071569" visible="true" version="1" changeset="129959995" timestamp="2022-12-11T11:49:52Z" user="spughetti" uid="16155068" lat="37.7986297" lon="-122.4504673">
  <tag k="natural" v="tree"/>
 </node>
 <node id="10253071570" visible="true" version="1" changeset="129959995" timestamp="2022-12-11T11:49:52Z" user="spughetti" uid="16155068" lat="37.7985815" lon="-122.4505013">
  <tag k="natural" v="tree"/>
 </node>
 <node id="10253071571" visible="true" version="1" changeset="129959995" timestamp="2022-12-11T11:49:52Z" user="spughetti" uid="16155068" lat="37.7985477" lon="-122.4504419">
  <tag k="natural" v="tree"/>
 </node>
 <node id="10253071572" visible="true" version="1" changeset="129959995" timestamp="2022-12-11T11:49:52Z" user="spughetti" uid="16155068" lat="37.7985931" lon="-122.4504078">
  <tag k="natural" v="tree"/>
 </node>
 <node id="10253071573" visible="true" version="1" changeset="129959995" timestamp="2022-12-11T11:49:52Z" user="spughetti" uid="16155068" lat="37.7986618" lon="-122.4510502">
  <tag k="natural" v="tree"/>
 </node>
 <node id="10253071574" visible="true" version="1" changeset="129959995" timestamp="2022-12-11T11:49:52Z" user="spughetti" uid="16155068" lat="37.7987001" lon="-122.4511450">
  <tag k="natural" v="tree"/>
 </node>
 <node id="10253071575" visible="true" version="1" changeset="129959995" timestamp="2022-12-11T11:49:52Z" user="spughetti" uid="16155068" lat="37.7990101" lon="-122.4510660">
  <tag k="natural" v="tree"/>
 </node>
 <node id="10253071576" visible="true" version="1" changeset="129959995" timestamp="2022-12-11T11:49:52Z" user="spughetti" uid="16155068" lat="37.7989520" lon="-122.4509761">
  <tag k="natural" v="tree"/>
 </node>
 <node id="10253071577" visible="true" version="1" changeset="129959995" timestamp="2022-12-11T11:49:52Z" user="spughetti" uid="16155068" lat="37.7989778" lon="-122.4509551">
  <tag k="natural" v="tree"/>
 </node>
 <node id="10253071578" visible="true" version="1" changeset="129959995" timestamp="2022-12-11T11:49:52Z" user="spughetti" uid="16155068" lat="37.7988251" lon="-122.4511022">
  <tag k="natural" v="tree"/>
 </node>
 <node id="10253071579" visible="true" version="1" changeset="129959995" timestamp="2022-12-11T11:49:52Z" user="spughetti" uid="16155068" lat="37.7989552" lon="-122.4512329">
  <tag k="natural" v="tree"/>
 </node>
 <node id="10253071580" visible="true" version="1" changeset="129959995" timestamp="2022-12-11T11:49:52Z" user="spughetti" uid="16155068" lat="37.7990147" lon="-122.4513888">
  <tag k="natural" v="tree"/>
 </node>
 <node id="10253071581" visible="true" version="1" changeset="129959995" timestamp="2022-12-11T11:49:52Z" user="spughetti" uid="16155068" lat="37.7990798" lon="-122.4513421">
  <tag k="natural" v="tree"/>
 </node>
 <node id="10253071582" visible="true" version="1" changeset="129959995" timestamp="2022-12-11T11:49:52Z" user="spughetti" uid="16155068" lat="37.7990839" lon="-122.4514244">
  <tag k="natural" v="tree"/>
 </node>
 <node id="10253071583" visible="true" version="1" changeset="129959995" timestamp="2022-12-11T11:49:52Z" user="spughetti" uid="16155068" lat="37.7991596" lon="-122.4514244">
  <tag k="natural" v="tree"/>
 </node>
 <node id="10253071584" visible="true" version="1" changeset="129959995" timestamp="2022-12-11T11:49:52Z" user="spughetti" uid="16155068" lat="37.7992269" lon="-122.4511390">
  <tag k="natural" v="tree"/>
 </node>
 <node id="10253071585" visible="true" version="1" changeset="129959995" timestamp="2022-12-11T11:49:52Z" user="spughetti" uid="16155068" lat="37.7991130" lon="-122.4511302">
  <tag k="natural" v="tree"/>
 </node>
 <node id="10253071586" visible="true" version="1" changeset="129959995" timestamp="2022-12-11T11:49:52Z" user="spughetti" uid="16155068" lat="37.7994405" lon="-122.4510648">
  <tag k="natural" v="tree"/>
 </node>
 <node id="10253071587" visible="true" version="1" changeset="129959995" timestamp="2022-12-11T11:49:52Z" user="spughetti" uid="16155068" lat="37.7994783" lon="-122.4509201">
  <tag k="natural" v="tree"/>
 </node>
 <node id="10253071588" visible="true" version="1" changeset="129959995" timestamp="2022-12-11T11:49:52Z" user="spughetti" uid="16155068" lat="37.7995636" lon="-122.4509177">
  <tag k="natural" v="tree"/>
 </node>
 <node id="10253071589" visible="true" version="1" changeset="129959995" timestamp="2022-12-11T11:49:52Z" user="spughetti" uid="16155068" lat="37.7995881" lon="-122.4508605">
  <tag k="natural" v="tree"/>
 </node>
 <node id="10253071590" visible="true" version="1" changeset="129959995" timestamp="2022-12-11T11:49:52Z" user="spughetti" uid="16155068" lat="37.7997783" lon="-122.4511393">
  <tag k="natural" v="tree"/>
 </node>
 <node id="10253071591" visible="true" version="1" changeset="129959995" timestamp="2022-12-11T11:49:52Z" user="spughetti" uid="16155068" lat="37.7993742" lon="-122.4494890">
  <tag k="natural" v="tree"/>
 </node>
 <node id="10253071592" visible="true" version="1" changeset="129959995" timestamp="2022-12-11T11:49:52Z" user="spughetti" uid="16155068" lat="37.7993395" lon="-122.4493784">
  <tag k="natural" v="tree"/>
 </node>
 <node id="10253080844" visible="true" version="1" changeset="129960458" timestamp="2022-12-11T12:04:18Z" user="spughetti" uid="16155068" lat="37.7990457" lon="-122.4510941"/>
 <node id="10253080845" visible="true" version="1" changeset="129960458" timestamp="2022-12-11T12:04:18Z" user="spughetti" uid="16155068" lat="37.7990511" lon="-122.4510659"/>
 <node id="10253080846" visible="true" version="1" changeset="129960458" timestamp="2022-12-11T12:04:18Z" user="spughetti" uid="16155068" lat="37.7990427" lon="-122.4510349"/>
 <node id="10253080847" visible="true" version="1" changeset="129960458" timestamp="2022-12-11T12:04:18Z" user="spughetti" uid="16155068" lat="37.7990245" lon="-122.4510170"/>
 <node id="10253080848" visible="true" version="1" changeset="129960458" timestamp="2022-12-11T12:04:18Z" user="spughetti" uid="16155068" lat="37.7990194" lon="-122.4509775"/>
 <node id="10253080849" visible="true" version="1" changeset="129960458" timestamp="2022-12-11T12:04:18Z" user="spughetti" uid="16155068" lat="37.7990055" lon="-122.4509534"/>
 <node id="10253080850" visible="true" version="1" changeset="129960458" timestamp="2022-12-11T12:04:18Z" user="spughetti" uid="16155068" lat="37.7990005" lon="-122.4509120"/>
 <node id="10253080851" visible="true" version="1" changeset="129960458" timestamp="2022-12-11T12:04:18Z" user="spughetti" uid="16155068" lat="37.7989788" lon="-122.4508799"/>
 <node id="10253080852" visible="true" version="1" changeset="129960458" timestamp="2022-12-11T12:04:18Z" user="spughetti" uid="16155068" lat="37.7989444" lon="-122.4509069"/>
 <node id="10253080853" visible="true" version="1" changeset="129960458" timestamp="2022-12-11T12:04:18Z" user="spughetti" uid="16155068" lat="37.7989205" lon="-122.4509764"/>
 <node id="10253080854" visible="true" version="1" changeset="129960458" timestamp="2022-12-11T12:04:18Z" user="spughetti" uid="16155068" lat="37.7988740" lon="-122.4510416"/>
 <node id="10253080855" visible="true" version="1" changeset="129960458" timestamp="2022-12-11T12:04:18Z" user="spughetti" uid="16155068" lat="37.7988724" lon="-122.4510812"/>
 <node id="10253080856" visible="true" version="1" changeset="129960458" timestamp="2022-12-11T12:04:18Z" user="spughetti" uid="16155068" lat="37.7989150" lon="-122.4510435"/>
 <node id="10253080857" visible="true" version="1" changeset="129960458" timestamp="2022-12-11T12:04:18Z" user="spughetti" uid="16155068" lat="37.7989612" lon="-122.4511086"/>
 <node id="10253080858" visible="true" version="1" changeset="129960458" timestamp="2022-12-11T12:04:18Z" user="spughetti" uid="16155068" lat="37.7989991" lon="-122.4511252"/>
 <node id="10253080859" visible="true" version="1" changeset="129960458" timestamp="2022-12-11T12:04:18Z" user="spughetti" uid="16155068" lat="37.7990470" lon="-122.4510831"/>
 <node id="10253080860" visible="true" version="1" changeset="129960458" timestamp="2022-12-11T12:04:18Z" user="spughetti" uid="16155068" lat="37.7990489" lon="-122.4510738"/>
 <node id="10253080861" visible="true" version="1" changeset="129960458" timestamp="2022-12-11T12:04:18Z" user="spughetti" uid="16155068" lat="37.7990503" lon="-122.4510503"/>
 <node id="10253080862" visible="true" version="1" changeset="129960458" timestamp="2022-12-11T12:04:18Z" user="spughetti" uid="16155068" lat="37.7990470" lon="-122.4510425"/>
 <node id="10253080863" visible="true" version="1" changeset="129960458" timestamp="2022-12-11T12:04:18Z" user="spughetti" uid="16155068" lat="37.7990514" lon="-122.4510582"/>
 <node id="10253080864" visible="true" version="1" changeset="129960458" timestamp="2022-12-11T12:04:18Z" user="spughetti" uid="16155068" lat="37.7990342" lon="-122.4510272"/>
 <node id="10253080865" visible="true" version="1" changeset="129960458" timestamp="2022-12-11T12:04:18Z" user="spughetti" uid="16155068" lat="37.7990280" lon="-122.4510215"/>
 <node id="10253080866" visible="true" version="1" changeset="129960458" timestamp="2022-12-11T12:04:18Z" user="spughetti" uid="16155068" lat="37.7990211" lon="-122.4510075"/>
 <node id="10253080867" visible="true" version="1" changeset="129960458" timestamp="2022-12-11T12:04:18Z" user="spughetti" uid="16155068" lat="37.7990226" lon="-122.4510128"/>
 <node id="10253080868" visible="true" version="1" changeset="129960458" timestamp="2022-12-11T12:04:18Z" user="spughetti" uid="16155068" lat="37.7990204" lon="-122.4509839"/>
 <node id="10253080869" visible="true" version="1" changeset="129960458" timestamp="2022-12-11T12:04:18Z" user="spughetti" uid="16155068" lat="37.7990141" lon="-122.4509655"/>
 <node id="10253080870" visible="true" version="1" changeset="129960458" timestamp="2022-12-11T12:04:18Z" user="spughetti" uid="16155068" lat="37.7990171" lon="-122.4509713"/>
 <node id="10253080871" visible="true" version="1" changeset="129960458" timestamp="2022-12-11T12:04:18Z" user="spughetti" uid="16155068" lat="37.7990017" lon="-122.4509406"/>
 <node id="10253080872" visible="true" version="1" changeset="129960458" timestamp="2022-12-11T12:04:18Z" user="spughetti" uid="16155068" lat="37.7990029" lon="-122.4509475"/>
 <node id="10253080873" visible="true" version="1" changeset="129960458" timestamp="2022-12-11T12:04:18Z" user="spughetti" uid="16155068" lat="37.7989947" lon="-122.4508922"/>
 <node id="10253080874" visible="true" version="1" changeset="129960458" timestamp="2022-12-11T12:04:18Z" user="spughetti" uid="16155068" lat="37.7989878" lon="-122.4508846"/>
 <node id="10253080875" visible="true" version="1" changeset="129960458" timestamp="2022-12-11T12:04:18Z" user="spughetti" uid="16155068" lat="37.7989986" lon="-122.4509016"/>
 <node id="10253080876" visible="true" version="1" changeset="129960458" timestamp="2022-12-11T12:04:18Z" user="spughetti" uid="16155068" lat="37.7989970" lon="-122.4508968"/>
 <node id="10253080877" visible="true" version="1" changeset="129960458" timestamp="2022-12-11T12:04:18Z" user="spughetti" uid="16155068" lat="37.7990000" lon="-122.4509066"/>
 <node id="10253080878" visible="true" version="1" changeset="129960458" timestamp="2022-12-11T12:04:18Z" user="spughetti" uid="16155068" lat="37.7989916" lon="-122.4508882"/>
 <node id="10253080879" visible="true" version="1" changeset="129960458" timestamp="2022-12-11T12:04:18Z" user="spughetti" uid="16155068" lat="37.7989836" lon="-122.4508819"/>
 <node id="10253080880" visible="true" version="1" changeset="129960458" timestamp="2022-12-11T12:04:18Z" user="spughetti" uid="16155068" lat="37.7989557" lon="-122.4508891"/>
 <node id="10253080881" visible="true" version="1" changeset="129960458" timestamp="2022-12-11T12:04:18Z" user="spughetti" uid="16155068" lat="37.7989663" lon="-122.4508804"/>
 <node id="10253080882" visible="true" version="1" changeset="129960458" timestamp="2022-12-11T12:04:18Z" user="spughetti" uid="16155068" lat="37.7989606" lon="-122.4508837"/>
 <node id="10253080883" visible="true" version="1" changeset="129960458" timestamp="2022-12-11T12:04:18Z" user="spughetti" uid="16155068" lat="37.7989728" lon="-122.4508794"/>
 <node id="10253080884" visible="true" version="1" changeset="129960458" timestamp="2022-12-11T12:04:18Z" user="spughetti" uid="16155068" lat="37.7989482" lon="-122.4508995"/>
 <node id="10253080885" visible="true" version="1" changeset="129960458" timestamp="2022-12-11T12:04:18Z" user="spughetti" uid="16155068" lat="37.7989312" lon="-122.4509556"/>
 <node id="10253080886" visible="true" version="1" changeset="129960458" timestamp="2022-12-11T12:04:18Z" user="spughetti" uid="16155068" lat="37.7989386" lon="-122.4509230"/>
 <node id="10253080887" visible="true" version="1" changeset="129960458" timestamp="2022-12-11T12:04:18Z" user="spughetti" uid="16155068" lat="37.7989348" lon="-122.4509431"/>
 <node id="10253080888" visible="true" version="1" changeset="129960458" timestamp="2022-12-11T12:04:18Z" user="spughetti" uid="16155068" lat="37.7989364" lon="-122.4509327"/>
 <node id="10253080889" visible="true" version="1" changeset="129960458" timestamp="2022-12-11T12:04:18Z" user="spughetti" uid="16155068" lat="37.7989411" lon="-122.4509149"/>
 <node id="10253080890" visible="true" version="1" changeset="129960458" timestamp="2022-12-11T12:04:18Z" user="spughetti" uid="16155068" lat="37.7989519" lon="-122.4508941"/>
 <node id="10253080891" visible="true" version="1" changeset="129960458" timestamp="2022-12-11T12:04:18Z" user="spughetti" uid="16155068" lat="37.7989267" lon="-122.4509667"/>
 <node id="10253080892" visible="true" version="1" changeset="129960458" timestamp="2022-12-11T12:04:18Z" user="spughetti" uid="16155068" lat="37.7989292" lon="-122.4509611"/>
 <node id="10253080893" visible="true" version="1" changeset="129960458" timestamp="2022-12-11T12:04:18Z" user="spughetti" uid="16155068" lat="37.7989236" lon="-122.4509717"/>
 <node id="10253080894" visible="true" version="1" changeset="129960458" timestamp="2022-12-11T12:04:18Z" user="spughetti" uid="16155068" lat="37.7988881" lon="-122.4510136"/>
 <node id="10253080895" visible="true" version="1" changeset="129960458" timestamp="2022-12-11T12:04:18Z" user="spughetti" uid="16155068" lat="37.7989095" lon="-122.4509874"/>
 <node id="10253080896" visible="true" version="1" changeset="129960458" timestamp="2022-12-11T12:04:18Z" user="spughetti" uid="16155068" lat="37.7988958" lon="-122.4510028"/>
 <node id="10253080897" visible="true" version="1" changeset="129960458" timestamp="2022-12-11T12:04:18Z" user="spughetti" uid="16155068" lat="37.7989024" lon="-122.4509948"/>
 <node id="10253080898" visible="true" version="1" changeset="129960458" timestamp="2022-12-11T12:04:18Z" user="spughetti" uid="16155068" lat="37.7988919" lon="-122.4510081"/>
 <node id="10253080899" visible="true" version="1" changeset="129960458" timestamp="2022-12-11T12:04:18Z" user="spughetti" uid="16155068" lat="37.7988715" lon="-122.4510750"/>
 <node id="10253080900" visible="true" version="1" changeset="129960458" timestamp="2022-12-11T12:04:18Z" user="spughetti" uid="16155068" lat="37.7988711" lon="-122.4510605"/>
 <node id="10253080901" visible="true" version="1" changeset="129960458" timestamp="2022-12-11T12:04:18Z" user="spughetti" uid="16155068" lat="37.7988719" lon="-122.4510510"/>
 <node id="10253080902" visible="true" version="1" changeset="129960458" timestamp="2022-12-11T12:04:18Z" user="spughetti" uid="16155068" lat="37.7988711" lon="-122.4510680"/>
 <node id="10253080903" visible="true" version="1" changeset="129960458" timestamp="2022-12-11T12:04:18Z" user="spughetti" uid="16155068" lat="37.7988801" lon="-122.4510268"/>
 <node id="10253080904" visible="true" version="1" changeset="129960458" timestamp="2022-12-11T12:04:18Z" user="spughetti" uid="16155068" lat="37.7988769" lon="-122.4510339"/>
 <node id="10253080905" visible="true" version="1" changeset="129960458" timestamp="2022-12-11T12:04:18Z" user="spughetti" uid="16155068" lat="37.7988839" lon="-122.4510203"/>
 <node id="10253080906" visible="true" version="1" changeset="129960458" timestamp="2022-12-11T12:04:18Z" user="spughetti" uid="16155068" lat="37.7989344" lon="-122.4510545"/>
 <node id="10253080907" visible="true" version="1" changeset="129960458" timestamp="2022-12-11T12:04:18Z" user="spughetti" uid="16155068" lat="37.7989264" lon="-122.4510448"/>
 <node id="10253080908" visible="true" version="1" changeset="129960458" timestamp="2022-12-11T12:04:18Z" user="spughetti" uid="16155068" lat="37.7989210" lon="-122.4510432"/>
 <node id="10253085609" visible="true" version="1" changeset="129960458" timestamp="2022-12-11T12:04:18Z" user="spughetti" uid="16155068" lat="37.7989312" lon="-122.4510488"/>
 <node id="10253085610" visible="true" version="1" changeset="129960458" timestamp="2022-12-11T12:04:18Z" user="spughetti" uid="16155068" lat="37.7989180" lon="-122.4510432"/>
 <node id="10253085611" visible="true" version="1" changeset="129960458" timestamp="2022-12-11T12:04:18Z" user="spughetti" uid="16155068" lat="37.7989238" lon="-122.4510438"/>
 <node id="10253085612" visible="true" version="1" changeset="129960458" timestamp="2022-12-11T12:04:18Z" user="spughetti" uid="16155068" lat="37.7989289" lon="-122.4510465"/>
 <node id="10253085613" visible="true" version="1" changeset="129960458" timestamp="2022-12-11T12:04:18Z" user="spughetti" uid="16155068" lat="37.7989329" lon="-122.4510517"/>
 <node id="10309863655" visible="true" version="1" changeset="130929153" timestamp="2023-01-06T01:16:50Z" user="hcourt" uid="12204396" lat="37.7968785" lon="-122.4555281"/>
 <node id="10309863656" visible="true" version="1" changeset="130929153" timestamp="2023-01-06T01:16:50Z" user="hcourt" uid="12204396" lat="37.7968165" lon="-122.4556955"/>
 <node id="10309863657" visible="true" version="1" changeset="130929153" timestamp="2023-01-06T01:16:50Z" user="hcourt" uid="12204396" lat="37.7967724" lon="-122.4558106"/>
 <node id="10309863658" visible="true" version="1" changeset="130929153" timestamp="2023-01-06T01:16:50Z" user="hcourt" uid="12204396" lat="37.7969035" lon="-122.4549195"/>
 <node id="10309863659" visible="true" version="1" changeset="130929153" timestamp="2023-01-06T01:16:50Z" user="hcourt" uid="12204396" lat="37.7966514" lon="-122.4549970"/>
 <node id="10309863660" visible="true" version="1" changeset="130929153" timestamp="2023-01-06T01:16:50Z" user="hcourt" uid="12204396" lat="37.7964705" lon="-122.4551761"/>
 <node id="10309863661" visible="true" version="1" changeset="130929153" timestamp="2023-01-06T01:16:50Z" user="hcourt" uid="12204396" lat="37.7962169" lon="-122.4552587"/>
 <node id="10309863662" visible="true" version="1" changeset="130929153" timestamp="2023-01-06T01:16:50Z" user="hcourt" uid="12204396" lat="37.7957077" lon="-122.4551688"/>
 <node id="10309863663" visible="true" version="1" changeset="130929153" timestamp="2023-01-06T01:16:50Z" user="hcourt" uid="12204396" lat="37.7947694" lon="-122.4550659"/>
 <node id="10309863664" visible="true" version="1" changeset="130929153" timestamp="2023-01-06T01:16:50Z" user="hcourt" uid="12204396" lat="37.7941064" lon="-122.4550093"/>
 <node id="10309863665" visible="true" version="1" changeset="130929153" timestamp="2023-01-06T01:16:50Z" user="hcourt" uid="12204396" lat="37.7955044" lon="-122.4537113"/>
 <node id="10309863666" visible="true" version="1" changeset="130929153" timestamp="2023-01-06T01:16:50Z" user="hcourt" uid="12204396" lat="37.7958285" lon="-122.4537220"/>
 <node id="10799178277" visible="true" version="1" changeset="134725963" timestamp="2023-04-10T11:48:54Z" user="spughetti" uid="16155068" lat="37.7993796" lon="-122.4538462"/>
 <node id="10799178278" visible="true" version="1" changeset="134725963" timestamp="2023-04-10T11:48:54Z" user="spughetti" uid="16155068" lat="37.7993688" lon="-122.4538544"/>
 <node id="10799178279" visible="true" version="1" changeset="134725963" timestamp="2023-04-10T11:48:54Z" user="spughetti" uid="16155068" lat="37.7993911" lon="-122.4538388"/>
 <node id="10799178280" visible="true" version="1" changeset="134725963" timestamp="2023-04-10T11:48:54Z" user="spughetti" uid="16155068" lat="37.7995066" lon="-122.4538138"/>
 <node id="10799178281" visible="true" version="1" changeset="134725963" timestamp="2023-04-10T11:48:54Z" user="spughetti" uid="16155068" lat="37.7994812" lon="-122.4538092"/>
 <node id="10799178282" visible="true" version="1" changeset="134725963" timestamp="2023-04-10T11:48:54Z" user="spughetti" uid="16155068" lat="37.7994676" lon="-122.4538090"/>
 <node id="10799178283" visible="true" version="1" changeset="134725963" timestamp="2023-04-10T11:48:54Z" user="spughetti" uid="16155068" lat="37.7994941" lon="-122.4538102"/>
 <node id="10799178284" visible="true" version="1" changeset="134725963" timestamp="2023-04-10T11:48:54Z" user="spughetti" uid="16155068" lat="37.7995318" lon="-122.4538247"/>
 <node id="10799178285" visible="true" version="1" changeset="134725963" timestamp="2023-04-10T11:48:54Z" user="spughetti" uid="16155068" lat="37.7995916" lon="-122.4538618"/>
 <node id="10799178286" visible="true" version="1" changeset="134725963" timestamp="2023-04-10T11:48:54Z" user="spughetti" uid="16155068" lat="37.7993597" lon="-122.4538631"/>
 <node id="10799178287" visible="true" version="1" changeset="134725963" timestamp="2023-04-10T11:48:54Z" user="spughetti" uid="16155068" lat="37.7993309" lon="-122.4539152"/>
 <node id="10799178288" visible="true" version="1" changeset="134725963" timestamp="2023-04-10T11:48:54Z" user="spughetti" uid="16155068" lat="37.7992781" lon="-122.4540692"/>
 <node id="10799178289" visible="true" version="1" changeset="134725963" timestamp="2023-04-10T11:48:54Z" user="spughetti" uid="16155068" lat="37.7992612" lon="-122.4541044"/>
 <node id="10799178290" visible="true" version="1" changeset="134725963" timestamp="2023-04-10T11:48:54Z" user="spughetti" uid="16155068" lat="37.7992477" lon="-122.4541281"/>
 <node id="10799178291" visible="true" version="1" changeset="134725963" timestamp="2023-04-10T11:48:54Z" user="spughetti" uid="16155068" lat="37.7991956" lon="-122.4542112"/>
 <node id="10799178292" visible="true" version="1" changeset="134725963" timestamp="2023-04-10T11:48:54Z" user="spughetti" uid="16155068" lat="37.7992091" lon="-122.4541969"/>
 <node id="10799178293" visible="true" version="1" changeset="134725963" timestamp="2023-04-10T11:48:54Z" user="spughetti" uid="16155068" lat="37.7991763" lon="-122.4542235"/>
 <node id="10799178294" visible="true" version="1" changeset="134725963" timestamp="2023-04-10T11:48:54Z" user="spughetti" uid="16155068" lat="37.7991860" lon="-122.4542194"/>
 <node id="10799178295" visible="true" version="1" changeset="134725963" timestamp="2023-04-10T11:48:54Z" user="spughetti" uid="16155068" lat="37.7991659" lon="-122.4542260"/>
 <node id="10799178296" visible="true" version="1" changeset="134725963" timestamp="2023-04-10T11:48:54Z" user="spughetti" uid="16155068" lat="37.7991411" lon="-122.4542084"/>
 <node id="10799178297" visible="true" version="1" changeset="134725963" timestamp="2023-04-10T11:48:54Z" user="spughetti" uid="16155068" lat="37.7991348" lon="-122.4541990"/>
 <node id="10799178298" visible="true" version="1" changeset="134725963" timestamp="2023-04-10T11:48:54Z" user="spughetti" uid="16155068" lat="37.7991480" lon="-122.4542178"/>
 <node id="10799178299" visible="true" version="1" changeset="134725963" timestamp="2023-04-10T11:48:54Z" user="spughetti" uid="16155068" lat="37.7991137" lon="-122.4541580"/>
 <node id="10799178300" visible="true" version="1" changeset="134725963" timestamp="2023-04-10T11:48:54Z" user="spughetti" uid="16155068" lat="37.7991071" lon="-122.4541419"/>
 <node id="10799178301" visible="true" version="1" changeset="134725963" timestamp="2023-04-10T11:48:54Z" user="spughetti" uid="16155068" lat="37.7991211" lon="-122.4541749"/>
 <node id="10799178302" visible="true" version="1" changeset="134725963" timestamp="2023-04-10T11:48:54Z" user="spughetti" uid="16155068" lat="37.7990957" lon="-122.4540870"/>
 <node id="10799178303" visible="true" version="1" changeset="134725963" timestamp="2023-04-10T11:48:54Z" user="spughetti" uid="16155068" lat="37.7990981" lon="-122.4541058"/>
 <node id="10799178304" visible="true" version="1" changeset="134725963" timestamp="2023-04-10T11:48:54Z" user="spughetti" uid="16155068" lat="37.7990935" lon="-122.4540683"/>
 <node id="10799184405" visible="true" version="1" changeset="134725963" timestamp="2023-04-10T11:48:54Z" user="spughetti" uid="16155068" lat="37.7990954" lon="-122.4540252"/>
 <node id="10799184406" visible="true" version="1" changeset="134725963" timestamp="2023-04-10T11:48:54Z" user="spughetti" uid="16155068" lat="37.7990941" lon="-122.4540379"/>
 <node id="10799184407" visible="true" version="1" changeset="134725963" timestamp="2023-04-10T11:48:54Z" user="spughetti" uid="16155068" lat="37.7991125" lon="-122.4539395"/>
 <node id="10799184408" visible="true" version="1" changeset="134725963" timestamp="2023-04-10T11:48:54Z" user="spughetti" uid="16155068" lat="37.7991079" lon="-122.4539220"/>
 <node id="10799184409" visible="true" version="1" changeset="134725963" timestamp="2023-04-10T11:48:54Z" user="spughetti" uid="16155068" lat="37.7991122" lon="-122.4539598"/>
 <node id="10799184410" visible="true" version="1" changeset="134725963" timestamp="2023-04-10T11:48:54Z" user="spughetti" uid="16155068" lat="37.7991129" lon="-122.4539497"/>
 <node id="10799184411" visible="true" version="1" changeset="134725963" timestamp="2023-04-10T11:48:54Z" user="spughetti" uid="16155068" lat="37.7991106" lon="-122.4539687"/>
 <node id="10799184412" visible="true" version="1" changeset="134725963" timestamp="2023-04-10T11:48:54Z" user="spughetti" uid="16155068" lat="37.7991108" lon="-122.4539307"/>
 <node id="10799184413" visible="true" version="1" changeset="134725963" timestamp="2023-04-10T11:48:54Z" user="spughetti" uid="16155068" lat="37.7991037" lon="-122.4539145"/>
 <node id="10799184414" visible="true" version="1" changeset="134725963" timestamp="2023-04-10T11:48:54Z" user="spughetti" uid="16155068" lat="37.7990931" lon="-122.4539035"/>
 <node id="10799184415" visible="true" version="1" changeset="134725963" timestamp="2023-04-10T11:48:54Z" user="spughetti" uid="16155068" lat="37.7990761" lon="-122.4539000"/>
 <node id="10799184416" visible="true" version="1" changeset="134725963" timestamp="2023-04-10T11:48:54Z" user="spughetti" uid="16155068" lat="37.7990525" lon="-122.4539072"/>
 <node id="10799184417" visible="true" version="1" changeset="134725963" timestamp="2023-04-10T11:48:54Z" user="spughetti" uid="16155068" lat="37.7990198" lon="-122.4539355"/>
 <node id="10799184418" visible="true" version="1" changeset="134725963" timestamp="2023-04-10T11:48:54Z" user="spughetti" uid="16155068" lat="37.7989877" lon="-122.4539877"/>
 <node id="11506432723" visible="true" version="1" changeset="146113486" timestamp="2024-01-10T17:56:51Z" user="spughetti" uid="16155068" lat="37.7990169" lon="-122.4550917"/>
 <node id="11506432724" visible="true" version="1" changeset="146113486" timestamp="2024-01-10T17:56:51Z" user="spughetti" uid="16155068" lat="37.7990252" lon="-122.4549796"/>
 <node id="11506432725" visible="true" version="1" changeset="146113486" timestamp="2024-01-10T17:56:51Z" user="spughetti" uid="16155068" lat="37.7986460" lon="-122.4549346"/>
 <node id="11506432726" visible="true" version="1" changeset="146113486" timestamp="2024-01-10T17:56:51Z" user="spughetti" uid="16155068" lat="37.7986377" lon="-122.4550467"/>
 <node id="11506471738" visible="true" version="1" changeset="146113341" timestamp="2024-01-10T17:52:29Z" user="spughetti" uid="16155068" lat="37.7988538" lon="-122.4544595"/>
 <node id="11506471739" visible="true" version="1" changeset="146113341" timestamp="2024-01-10T17:52:29Z" user="spughetti" uid="16155068" lat="37.7990408" lon="-122.4547815"/>
 <node id="11506471740" visible="true" version="1" changeset="146113341" timestamp="2024-01-10T17:52:29Z" user="spughetti" uid="16155068" lat="37.7991460" lon="-122.4548037"/>
 <node id="11506471741" visible="true" version="1" changeset="146113341" timestamp="2024-01-10T17:52:29Z" user="spughetti" uid="16155068" lat="37.7991757" lon="-122.4548562"/>
 <node id="11506471742" visible="true" version="1" changeset="146113341" timestamp="2024-01-10T17:52:29Z" user="spughetti" uid="16155068" lat="37.7991080" lon="-122.4550183"/>
 <node id="11506471743" visible="true" version="1" changeset="146113341" timestamp="2024-01-10T17:52:29Z" user="spughetti" uid="16155068" lat="37.7991686" lon="-122.4549666"/>
 <node id="11506471744" visible="true" version="1" changeset="146113341" timestamp="2024-01-10T17:52:29Z" user="spughetti" uid="16155068" lat="37.7991019" lon="-122.4547784"/>
 <node id="11506471745" visible="true" version="1" changeset="146113341" timestamp="2024-01-10T17:52:29Z" user="spughetti" uid="16155068" lat="37.7988946" lon="-122.4545559"/>
 <node id="11506471746" visible="true" version="1" changeset="146113341" timestamp="2024-01-10T17:52:29Z" user="spughetti" uid="16155068" lat="37.7990470" lon="-122.4550409"/>
 <node id="11506471747" visible="true" version="1" changeset="146113341" timestamp="2024-01-10T17:52:29Z" user="spughetti" uid="16155068" lat="37.7991816" lon="-122.4549127"/>
 <node id="11506471748" visible="true" version="1" changeset="146113341" timestamp="2024-01-10T17:52:29Z" user="spughetti" uid="16155068" lat="37.7991421" lon="-122.4549986"/>
 <node id="11506471749" visible="true" version="1" changeset="146113341" timestamp="2024-01-10T17:52:29Z" user="spughetti" uid="16155068" lat="37.7991804" lon="-122.4548845"/>
 <node id="11506471750" visible="true" version="1" changeset="146113341" timestamp="2024-01-10T17:52:29Z" user="spughetti" uid="16155068" lat="37.7991775" lon="-122.4549406"/>
 <node id="11506471751" visible="true" version="1" changeset="146113341" timestamp="2024-01-10T17:52:29Z" user="spughetti" uid="16155068" lat="37.7991574" lon="-122.4549848"/>
 <node id="11506471752" visible="true" version="1" changeset="146113341" timestamp="2024-01-10T17:52:29Z" user="spughetti" uid="16155068" lat="37.7991261" lon="-122.4550093"/>
 <node id="11506471753" visible="true" version="1" changeset="146113341" timestamp="2024-01-10T17:52:29Z" user="spughetti" uid="16155068" lat="37.7993046" lon="-122.4548060"/>
 <node id="11506471754" visible="true" version="1" changeset="146113341" timestamp="2024-01-10T17:52:29Z" user="spughetti" uid="16155068" lat="37.7992954" lon="-122.4547768"/>
 <node id="11506471755" visible="true" version="1" changeset="146113341" timestamp="2024-01-10T17:52:29Z" user="spughetti" uid="16155068" lat="37.7992857" lon="-122.4547842"/>
 <node id="11506471756" visible="true" version="1" changeset="146113341" timestamp="2024-01-10T17:52:29Z" user="spughetti" uid="16155068" lat="37.7991783" lon="-122.4548715"/>
 <node id="11506486156" visible="true" version="1" changeset="146113432" timestamp="2024-01-10T17:55:28Z" user="spughetti" uid="16155068" lat="37.7989949" lon="-122.4546407"/>
 <node id="11506486157" visible="true" version="1" changeset="146113432" timestamp="2024-01-10T17:55:28Z" user="spughetti" uid="16155068" lat="37.7990617" lon="-122.4547509"/>
 <node id="11506486158" visible="true" version="1" changeset="146113432" timestamp="2024-01-10T17:55:28Z" user="spughetti" uid="16155068" lat="37.7991051" lon="-122.4547434"/>
 <node id="11506486159" visible="true" version="1" changeset="146113432" timestamp="2024-01-10T17:55:28Z" user="spughetti" uid="16155068" lat="37.7991624" lon="-122.4547757"/>
 <node id="11506486160" visible="true" version="1" changeset="146113432" timestamp="2024-01-10T17:55:28Z" user="spughetti" uid="16155068" lat="37.7991956" lon="-122.4548359"/>
 <node id="11506486161" visible="true" version="1" changeset="146113432" timestamp="2024-01-10T17:55:28Z" user="spughetti" uid="16155068" lat="37.7992383" lon="-122.4546106"/>
 <node id="11506486162" visible="true" version="1" changeset="146113432" timestamp="2024-01-10T17:55:28Z" user="spughetti" uid="16155068" lat="37.7992856" lon="-122.4547626"/>
 <node id="11506486163" visible="true" version="1" changeset="146113432" timestamp="2024-01-10T17:55:28Z" user="spughetti" uid="16155068" lat="37.7991609" lon="-122.4547065"/>
 <node id="11506486164" visible="true" version="1" changeset="146113432" timestamp="2024-01-10T17:55:28Z" user="spughetti" uid="16155068" lat="37.7992359" lon="-122.4546973"/>
 <node id="11506486165" visible="true" version="1" changeset="146113432" timestamp="2024-01-10T17:55:28Z" user="spughetti" uid="16155068" lat="37.7992312" lon="-122.4546353"/>
 <node id="11506486166" visible="true" version="1" changeset="146113432" timestamp="2024-01-10T17:55:28Z" user="spughetti" uid="16155068" lat="37.7991561" lon="-122.4546445"/>
 <node id="11834035213" visible="true" version="1" changeset="150284622" timestamp="2024-04-21T01:24:05Z" user="lasagna" uid="7572965" lat="37.7997267" lon="-122.4526286">
  <tag k="amenity" v="vending_machine"/>
  <tag k="check_date" v="2024-04-20"/>
  <tag k="operator" v="Presidio Trust"/>
  <tag k="payment:cash" v="yes"/>
  <tag k="payment:mastercard" v="yes"/>
  <tag k="payment:visa" v="yes"/>
  <tag k="vending" v="parking_tickets"/>
 </node>
 <node id="11834035214" visible="true" version="1" changeset="150284622" timestamp="2024-04-21T01:24:05Z" user="lasagna" uid="7572965" lat="37.7999098" lon="-122.4525711">
  <tag k="amenity" v="bicycle_parking"/>
  <tag k="bicycle_parking" v="stands"/>
  <tag k="capacity" v="6"/>
  <tag k="covered" v="no"/>
 </node>
 <node id="12067130218" visible="true" version="1" changeset="154240461" timestamp="2024-07-22T00:04:53Z" user="dhya" uid="15913714" lat="37.7948362" lon="-122.4483398"/>
 <node id="12142936368" visible="true" version="3" changeset="173038410" timestamp="2025-10-09T08:48:23Z" user="PedestrianMapping_CartoBypass" uid="23065539" lat="37.7965339" lon="-122.4517434">
  <tag k="crossing" v="uncontrolled"/>
  <tag k="crossing:island" v="no"/>
  <tag k="crossing:markings" v="zebra"/>
  <tag k="crossing:signals" v="no"/>
  <tag k="highway" v="crossing"/>
 </node>
 <node id="12143004051" visible="true" version="3" changeset="172044136" timestamp="2025-09-17T05:23:14Z" user="PedestrianMapping_TraceVeil" uid="23065794" lat="37.7998956" lon="-122.4528994">
  <tag k="crossing" v="uncontrolled"/>
  <tag k="crossing:markings" v="zebra"/>
  <tag k="crossing:signals" v="no"/>
  <tag k="highway" v="crossing"/>
 </node>
 <node id="12144504860" visible="true" version="3" changeset="173038410" timestamp="2025-10-09T08:48:23Z" user="PedestrianMapping_CartoBypass" uid="23065539" lat="37.7966407" lon="-122.4515877">
  <tag k="crossing" v="uncontrolled"/>
  <tag k="crossing:island" v="no"/>
  <tag k="crossing:markings" v="zebra"/>
  <tag k="crossing:signals" v="no"/>
  <tag k="highway" v="crossing"/>
 </node>
 <node id="12292750222" visible="true" version="1" changeset="158435310" timestamp="2024-10-27T23:56:58Z" user="mthalvorson" uid="20476667" lat="37.7964963" lon="-122.4516266"/>
 <node id="12292750223" visible="true" version="2" changeset="167144313" timestamp="2025-06-03T17:04:18Z" user="jhaluska80" uid="20446106" lat="37.7963459" lon="-122.4510988"/>
 <node id="12321150256" visible="true" version="2" changeset="173038410" timestamp="2025-10-09T08:48:23Z" user="PedestrianMapping_CartoBypass" uid="23065539" lat="37.7976882" lon="-122.4512572"/>
 <node id="12450268655" visible="true" version="1" changeset="160589787" timestamp="2024-12-24T22:59:09Z" user="hcourt" uid="12204396" lat="37.7969333" lon="-122.4547001"/>
 <node id="12741073544" visible="true" version="1" changeset="164717537" timestamp="2025-04-09T10:32:53Z" user="Dogman15" uid="14845392" lat="37.7988135" lon="-122.4505142"/>
 <node id="12741073545" visible="true" version="1" changeset="164717537" timestamp="2025-04-09T10:32:53Z" user="Dogman15" uid="14845392" lat="37.7988426" lon="-122.4504976"/>
 <node id="12741073546" visible="true" version="1" changeset="164717537" timestamp="2025-04-09T10:32:53Z" user="Dogman15" uid="14845392" lat="37.7988291" lon="-122.4504617"/>
 <node id="12741073547" visible="true" version="1" changeset="164717537" timestamp="2025-04-09T10:32:53Z" user="Dogman15" uid="14845392" lat="37.7988010" lon="-122.4504786"/>
 <node id="12837545562" visible="true" version="1" changeset="166273443" timestamp="2025-05-14T19:23:19Z" user="TheNightRider" uid="1968961" lat="37.7984260" lon="-122.4479293"/>
 <node id="12837545563" visible="true" version="1" changeset="166273443" timestamp="2025-05-14T19:23:19Z" user="TheNightRider" uid="1968961" lat="37.7983308" lon="-122.4480742"/>
 <node id="12837545564" visible="true" version="1" changeset="166273443" timestamp="2025-05-14T19:23:19Z" user="TheNightRider" uid="1968961" lat="37.7982367" lon="-122.4481643"/>
 <node id="12837545565" visible="true" version="1" changeset="166273443" timestamp="2025-05-14T19:23:19Z" user="TheNightRider" uid="1968961" lat="37.7980618" lon="-122.4482796"/>
 <node id="12837545566" visible="true" version="1" changeset="166273443" timestamp="2025-05-14T19:23:19Z" user="TheNightRider" uid="1968961" lat="37.7977840" lon="-122.4486016"/>
 <node id="12837545567" visible="true" version="1" changeset="166273443" timestamp="2025-05-14T19:23:19Z" user="TheNightRider" uid="1968961" lat="37.7979104" lon="-122.4484125"/>
 <node id="12837545568" visible="true" version="1" changeset="166273443" timestamp="2025-05-14T19:23:19Z" user="TheNightRider" uid="1968961" lat="37.7976627" lon="-122.4488848"/>
 <node id="12837545569" visible="true" version="1" changeset="166273443" timestamp="2025-05-14T19:23:19Z" user="TheNightRider" uid="1968961" lat="37.7976960" lon="-122.4490223"/>
 <node id="12837545570" visible="true" version="1" changeset="166273443" timestamp="2025-05-14T19:23:19Z" user="TheNightRider" uid="1968961" lat="37.7978362" lon="-122.4492103"/>
 <node id="12837545571" visible="true" version="1" changeset="166273443" timestamp="2025-05-14T19:23:19Z" user="TheNightRider" uid="1968961" lat="37.7985206" lon="-122.4510246"/>
 <node id="12838602450" visible="true" version="1" changeset="166281511" timestamp="2025-05-15T01:01:14Z" user="TheNightRider" uid="1968961" lat="37.7981879" lon="-122.4487365">
  <tag k="access" v="yes"/>
  <tag k="amenity" v="parking_entrance"/>
  <tag k="description" v="Entrance to 1,500-vehicle underground parking garage."/>
  <tag k="level" v="-1"/>
  <tag k="parking" v="underground"/>
  <tag k="website" v="https://www.onelettermandrive.com"/>
 </node>
 <node id="12840365731" visible="true" version="1" changeset="166314381" timestamp="2025-05-15T16:45:21Z" user="TheNightRider" uid="1968961" lat="37.7983732" lon="-122.4492182"/>
 <node id="12840365732" visible="true" version="1" changeset="166314381" timestamp="2025-05-15T16:45:21Z" user="TheNightRider" uid="1968961" lat="37.7983679" lon="-122.4491731"/>
 <node id="12840365733" visible="true" version="1" changeset="166314381" timestamp="2025-05-15T16:45:21Z" user="TheNightRider" uid="1968961" lat="37.7983658" lon="-122.4491233"/>
 <node id="12840365734" visible="true" version="1" changeset="166314381" timestamp="2025-05-15T16:45:21Z" user="TheNightRider" uid="1968961" lat="37.7983640" lon="-122.4490614"/>
 <node id="12840365735" visible="true" version="1" changeset="166314381" timestamp="2025-05-15T16:45:21Z" user="TheNightRider" uid="1968961" lat="37.7983645" lon="-122.4489995"/>
 <node id="12840365736" visible="true" version="1" changeset="166314381" timestamp="2025-05-15T16:45:21Z" user="TheNightRider" uid="1968961" lat="37.7983658" lon="-122.4489681"/>
 <node id="12840365737" visible="true" version="1" changeset="166314381" timestamp="2025-05-15T16:45:21Z" user="TheNightRider" uid="1968961" lat="37.7983701" lon="-122.4489084"/>
 <node id="12840365738" visible="true" version="1" changeset="166314381" timestamp="2025-05-15T16:45:21Z" user="TheNightRider" uid="1968961" lat="37.7983158" lon="-122.4489021"/>
 <node id="12840365739" visible="true" version="1" changeset="166314381" timestamp="2025-05-15T16:45:21Z" user="TheNightRider" uid="1968961" lat="37.7983192" lon="-122.4488512"/>
 <node id="12840365740" visible="true" version="1" changeset="166314381" timestamp="2025-05-15T16:45:21Z" user="TheNightRider" uid="1968961" lat="37.7982506" lon="-122.4488454"/>
 <node id="12840365741" visible="true" version="1" changeset="166314381" timestamp="2025-05-15T16:45:21Z" user="TheNightRider" uid="1968961" lat="37.7982471" lon="-122.4489184"/>
 <node id="12840365742" visible="true" version="1" changeset="166314381" timestamp="2025-05-15T16:45:21Z" user="TheNightRider" uid="1968961" lat="37.7982457" lon="-122.4490012"/>
 <node id="12840365743" visible="true" version="1" changeset="166314381" timestamp="2025-05-15T16:45:21Z" user="TheNightRider" uid="1968961" lat="37.7982440" lon="-122.4491282"/>
 <node id="12840365744" visible="true" version="1" changeset="166314381" timestamp="2025-05-15T16:45:21Z" user="TheNightRider" uid="1968961" lat="37.7983208" lon="-122.4492293"/>
 <node id="12840381469" visible="true" version="1" changeset="166314586" timestamp="2025-05-15T16:50:27Z" user="TheNightRider" uid="1968961" lat="37.7983871" lon="-122.4495619"/>
 <node id="12859825216" visible="true" version="2" changeset="169711843" timestamp="2025-07-30T10:09:58Z" user="democat" uid="20300551" lat="37.7999232" lon="-122.4509246">
  <tag k="barrier" v="kerb"/>
  <tag k="kerb" v="lowered"/>
  <tag k="tactile_paving" v="yes"/>
 </node>
 <node id="12859825217" visible="true" version="1" changeset="166678394" timestamp="2025-05-24T00:35:53Z" user="mapadu" uid="9755853" lat="37.7992712" lon="-122.4493254">
  <tag k="access" v="employees"/>
  <tag k="door" v="hinged"/>
  <tag k="entrance" v="yes"/>
 </node>
 <node id="12859825220" visible="true" version="1" changeset="166678394" timestamp="2025-05-24T00:35:53Z" user="mapadu" uid="9755853" lat="37.8003741" lon="-122.4520498">
  <tag k="door" v="hinged"/>
  <tag k="entrance" v="yes"/>
  <tag k="wheelchair" v="no"/>
 </node>
 <node id="12859825221" visible="true" version="1" changeset="166678394" timestamp="2025-05-24T00:35:53Z" user="mapadu" uid="9755853" lat="37.7994150" lon="-122.4496804">
  <tag k="barrier" v="bollard"/>
  <tag k="colour" v="green"/>
 </node>
 <node id="12859825222" visible="true" version="1" changeset="166678394" timestamp="2025-05-24T00:35:53Z" user="mapadu" uid="9755853" lat="37.7997086" lon="-122.4500956">
  <tag k="amenity" v="bench"/>
  <tag k="armrest" v="yes"/>
  <tag k="backrest" v="yes"/>
  <tag k="direction" v="216"/>
 </node>
 <node id="12859825224" visible="true" version="1" changeset="166678394" timestamp="2025-05-24T00:35:53Z" user="mapadu" uid="9755853" lat="37.8000786" lon="-122.4518467">
  <tag k="entrance" v="main"/>
 </node>
 <node id="12859825225" visible="true" version="1" changeset="166678394" timestamp="2025-05-24T00:35:53Z" user="mapadu" uid="9755853" lat="37.8001755" lon="-122.4514960"/>
 <node id="12859825226" visible="true" version="2" changeset="169711843" timestamp="2025-07-30T10:09:58Z" user="democat" uid="20300551" lat="37.8011536" lon="-122.4508031"/>
 <node id="12859825227" visible="true" version="2" changeset="169711843" timestamp="2025-07-30T10:09:58Z" user="democat" uid="20300551" lat="37.7998719" lon="-122.4516332"/>
 <node id="12859825228" visible="true" version="2" changeset="169711843" timestamp="2025-07-30T10:09:58Z" user="democat" uid="20300551" lat="37.8001670" lon="-122.4514752">
  <tag k="crossing" v="unmarked"/>
  <tag k="crossing:markings" v="no"/>
  <tag k="highway" v="crossing"/>
 </node>
 <node id="12859825229" visible="true" version="1" changeset="166678394" timestamp="2025-05-24T00:35:53Z" user="mapadu" uid="9755853" lat="37.7989017" lon="-122.4518904">
  <tag k="amenity" v="vending_machine"/>
  <tag k="indoor" v="no"/>
  <tag k="vending" v="parking_tickets"/>
 </node>
 <node id="12859825230" visible="true" version="2" changeset="169711843" timestamp="2025-07-30T10:09:58Z" user="democat" uid="20300551" lat="37.8011168" lon="-122.4507709"/>
 <node id="12859825232" visible="true" version="1" changeset="166678394" timestamp="2025-05-24T00:35:53Z" user="mapadu" uid="9755853" lat="37.7998074" lon="-122.4520398"/>
 <node id="12859825234" visible="true" version="1" changeset="166678394" timestamp="2025-05-24T00:35:53Z" user="mapadu" uid="9755853" lat="37.7999076" lon="-122.4508436">
  <tag k="barrier" v="bollard"/>
  <tag k="colour" v="green"/>
 </node>
 <node id="12859825235" visible="true" version="1" changeset="166678394" timestamp="2025-05-24T00:35:53Z" user="mapadu" uid="9755853" lat="37.7998057" lon="-122.4521035"/>
 <node id="12859825236" visible="true" version="1" changeset="166678394" timestamp="2025-05-24T00:35:53Z" user="mapadu" uid="9755853" lat="37.7993280" lon="-122.4493505"/>
 <node id="12859825237" visible="true" version="1" changeset="166678394" timestamp="2025-05-24T00:35:53Z" user="mapadu" uid="9755853" lat="37.8000819" lon="-122.4511798"/>
 <node id="12859825238" visible="true" version="1" changeset="166678394" timestamp="2025-05-24T00:35:53Z" user="mapadu" uid="9755853" lat="37.7994137" lon="-122.4494371">
  <tag k="board_type" v="history"/>
  <tag k="direction" v="207"/>
  <tag k="information" v="board"/>
  <tag k="name" v="Building In A Historic Landscape"/>
  <tag k="subject:wikidata" v="Q6533683"/>
  <tag k="tourism" v="information"/>
 </node>
 <node id="12859825239" visible="true" version="1" changeset="166678394" timestamp="2025-05-24T00:35:53Z" user="mapadu" uid="9755853" lat="37.7999097" lon="-122.4519545"/>
 <node id="12859825240" visible="true" version="1" changeset="166678394" timestamp="2025-05-24T00:35:53Z" user="mapadu" uid="9755853" lat="37.7993040" lon="-122.4494832">
  <tag k="access" v="permissive"/>
  <tag k="door" v="hinged"/>
  <tag k="entrance" v="yes"/>
  <tag k="operator:wikidata" v="Q37158"/>
 </node>
 <node id="12859825243" visible="true" version="1" changeset="166678394" timestamp="2025-05-24T00:35:53Z" user="mapadu" uid="9755853" lat="37.8000419" lon="-122.4509973"/>
 <node id="12859825244" visible="true" version="2" changeset="169711843" timestamp="2025-07-30T10:09:58Z" user="democat" uid="20300551" lat="37.8011453" lon="-122.4507729"/>
 <node id="12859825246" visible="true" version="1" changeset="166678394" timestamp="2025-05-24T00:35:53Z" user="mapadu" uid="9755853" lat="37.7996981" lon="-122.4501661">
  <tag k="amenity" v="bench"/>
  <tag k="armrest" v="yes"/>
  <tag k="backrest" v="yes"/>
  <tag k="direction" v="104"/>
 </node>
 <node id="12859825247" visible="true" version="1" changeset="166678394" timestamp="2025-05-24T00:35:53Z" user="mapadu" uid="9755853" lat="37.7993828" lon="-122.4495031"/>
 <node id="12859825248" visible="true" version="1" changeset="166678394" timestamp="2025-05-24T00:35:53Z" user="mapadu" uid="9755853" lat="37.7998277" lon="-122.4521099"/>
 <node id="12859825250" visible="true" version="1" changeset="166678394" timestamp="2025-05-24T00:35:53Z" user="mapadu" uid="9755853" lat="37.7996844" lon="-122.4501671">
  <tag k="amenity" v="waste_basket"/>
  <tag k="indoor" v="no"/>
 </node>
 <node id="12859825252" visible="true" version="1" changeset="166678394" timestamp="2025-05-24T00:35:53Z" user="mapadu" uid="9755853" lat="37.8001374" lon="-122.4515213"/>
 <node id="12859825253" visible="true" version="2" changeset="169711843" timestamp="2025-07-30T10:09:58Z" user="democat" uid="20300551" lat="37.8011358" lon="-122.4508425"/>
 <node id="12859825254" visible="true" version="2" changeset="169711843" timestamp="2025-07-30T10:09:58Z" user="democat" uid="20300551" lat="37.8001354" lon="-122.4513993">
  <tag k="barrier" v="kerb"/>
  <tag k="kerb" v="raised"/>
 </node>
 <node id="12859825257" visible="true" version="1" changeset="166678394" timestamp="2025-05-24T00:35:53Z" user="mapadu" uid="9755853" lat="37.7993657" lon="-122.4494600">
  <tag k="barrier" v="entrance"/>
 </node>
 <node id="12859825258" visible="true" version="1" changeset="166678394" timestamp="2025-05-24T00:35:53Z" user="mapadu" uid="9755853" lat="37.7998857" lon="-122.4522371"/>
 <node id="12859825259" visible="true" version="2" changeset="169711843" timestamp="2025-07-30T10:09:58Z" user="democat" uid="20300551" lat="37.7998615" lon="-122.4516100"/>
 <node id="12859825262" visible="true" version="1" changeset="166678394" timestamp="2025-05-24T00:35:53Z" user="mapadu" uid="9755853" lat="37.7998426" lon="-122.4509222">
  <tag k="amenity" v="bicycle_parking"/>
  <tag k="bicycle_parking" v="bollard"/>
  <tag k="capacity" v="6"/>
  <tag k="covered" v="no"/>
  <tag k="indoor" v="no"/>
 </node>
 <node id="12859825263" visible="true" version="1" changeset="166678394" timestamp="2025-05-24T00:35:53Z" user="mapadu" uid="9755853" lat="37.7987881" lon="-122.4519751">
  <tag k="amenity" v="post_box"/>
  <tag k="colour" v="blue"/>
  <tag k="drive_through" v="yes"/>
  <tag k="indoor" v="no"/>
  <tag k="operator" v="United States Postal Service"/>
  <tag k="operator:short" v="USPS"/>
  <tag k="operator:type" v="public"/>
  <tag k="operator:wikidata" v="Q668687"/>
 </node>
 <node id="12859825264" visible="true" version="1" changeset="166678394" timestamp="2025-05-24T00:35:53Z" user="mapadu" uid="9755853" lat="37.7996432" lon="-122.4499899">
  <tag k="amenity" v="bench"/>
  <tag k="armrest" v="yes"/>
  <tag k="backrest" v="yes"/>
  <tag k="direction" v="216"/>
 </node>
 <node id="12859825266" visible="true" version="1" changeset="166678394" timestamp="2025-05-24T00:35:53Z" user="mapadu" uid="9755853" lat="37.7997209" lon="-122.4501267">
  <tag k="amenity" v="bench"/>
  <tag k="armrest" v="yes"/>
  <tag k="backrest" v="yes"/>
  <tag k="direction" v="216"/>
 </node>
 <node id="12859825267" visible="true" version="1" changeset="166678394" timestamp="2025-05-24T00:35:53Z" user="mapadu" uid="9755853" lat="37.7993464" lon="-122.4492799"/>
 <node id="12859825268" visible="true" version="2" changeset="169711843" timestamp="2025-07-30T10:09:58Z" user="democat" uid="20300551" lat="37.7998693" lon="-122.4515755"/>
 <node id="12859825269" visible="true" version="1" changeset="166678394" timestamp="2025-05-24T00:35:53Z" user="mapadu" uid="9755853" lat="37.7999043" lon="-122.4521129"/>
 <node id="12859825270" visible="true" version="1" changeset="166678394" timestamp="2025-05-24T00:35:53Z" user="mapadu" uid="9755853" lat="37.7998016" lon="-122.4503031">
  <tag k="artwork_type" v="statue"/>
  <tag k="description" v="Man wearing suit standing with small skeleton standing on the man's level right palm."/>
  <tag k="indoor" v="yes"/>
  <tag k="level" v="0"/>
  <tag k="tourism" v="artwork"/>
 </node>
 <node id="12859825271" visible="true" version="1" changeset="166678394" timestamp="2025-05-24T00:35:53Z" user="mapadu" uid="9755853" lat="37.7999059" lon="-122.4519568">
  <tag k="barrier" v="kerb"/>
  <tag k="kerb" v="flush"/>
  <tag k="tactile_paving" v="yes"/>
 </node>
 <node id="12859825273" visible="true" version="2" changeset="169711843" timestamp="2025-07-30T10:09:58Z" user="democat" uid="20300551" lat="37.8001616" lon="-122.4514610">
  <tag k="barrier" v="kerb"/>
  <tag k="kerb" v="raised"/>
 </node>
 <node id="12859825274" visible="true" version="1" changeset="166678394" timestamp="2025-05-24T00:35:53Z" user="mapadu" uid="9755853" lat="37.7999734" lon="-122.4509605"/>
 <node id="12859825276" visible="true" version="2" changeset="168104972" timestamp="2025-06-25T17:11:27Z" user="VLD282" uid="21556038" lat="37.7999648" lon="-122.4524890"/>
 <node id="12859825277" visible="true" version="1" changeset="166678394" timestamp="2025-05-24T00:35:53Z" user="mapadu" uid="9755853" lat="37.7994015" lon="-122.4493698">
  <tag k="colour" v="yellow"/>
  <tag k="emergency" v="fire_hydrant"/>
  <tag k="fire_hydrant:type" v="pillar"/>
 </node>
 <node id="12859825278" visible="true" version="1" changeset="166678394" timestamp="2025-05-24T00:35:53Z" user="mapadu" uid="9755853" lat="37.7993065" lon="-122.4494924"/>
 <node id="12859825279" visible="true" version="1" changeset="166678394" timestamp="2025-05-24T00:35:53Z" user="mapadu" uid="9755853" lat="37.7997055" lon="-122.4503066">
  <tag k="camera:direction" v="0-360"/>
  <tag k="camera:mount" v="building"/>
  <tag k="camera:type" v="dome"/>
  <tag k="description" v="Camera on underside of bridge looking down on foot path below."/>
  <tag k="man_made" v="surveillance"/>
  <tag k="surveillance" v="public"/>
  <tag k="surveillance:type" v="camera"/>
  <tag k="surveillance:zone" v="public"/>
 </node>
 <node id="12859825281" visible="true" version="1" changeset="166678394" timestamp="2025-05-24T00:35:53Z" user="mapadu" uid="9755853" lat="37.7998275" lon="-122.4520905">
  <tag k="barrier" v="kerb"/>
  <tag k="kerb" v="lowered"/>
  <tag k="tactile_paving" v="no"/>
 </node>
 <node id="12859825282" visible="true" version="2" changeset="169711843" timestamp="2025-07-30T10:09:58Z" user="democat" uid="20300551" lat="37.7999202" lon="-122.4509054"/>
 <node id="12859825283" visible="true" version="2" changeset="169711843" timestamp="2025-07-30T10:09:58Z" user="democat" uid="20300551" lat="37.7999451" lon="-122.4509788">
  <tag k="barrier" v="kerb"/>
  <tag k="kerb" v="lowered"/>
  <tag k="tactile_paving" v="yes"/>
 </node>
 <node id="12859825284" visible="true" version="1" changeset="166678394" timestamp="2025-05-24T00:35:53Z" user="mapadu" uid="9755853" lat="37.7999425" lon="-122.4508293">
  <tag k="boundary" v="marker"/>
  <tag k="direction" v="298"/>
  <tag k="inscription" v="This site is managed and maintained by Letterman Digital Arts Ltd."/>
 </node>
 <node id="12859825286" visible="true" version="2" changeset="169711843" timestamp="2025-07-30T10:09:58Z" user="democat" uid="20300551" lat="37.7998929" lon="-122.4516339"/>
 <node id="12859825288" visible="true" version="1" changeset="166678394" timestamp="2025-05-24T00:35:53Z" user="mapadu" uid="9755853" lat="37.8001721" lon="-122.4516044">
  <tag k="entrance" v="yes"/>
  <tag k="wheelchair" v="no"/>
 </node>
 <node id="12859825289" visible="true" version="1" changeset="166678394" timestamp="2025-05-24T00:35:53Z" user="mapadu" uid="9755853" lat="37.7996502" lon="-122.4502785">
  <tag k="amenity" v="bench"/>
  <tag k="armrest" v="yes"/>
  <tag k="backrest" v="yes"/>
  <tag k="direction" v="292"/>
  <tag k="material" v="wood"/>
 </node>
 <node id="12859825290" visible="true" version="1" changeset="166678394" timestamp="2025-05-24T00:35:53Z" user="mapadu" uid="9755853" lat="37.7998178" lon="-122.4517234"/>
 <node id="12859825291" visible="true" version="1" changeset="166678394" timestamp="2025-05-24T00:35:53Z" user="mapadu" uid="9755853" lat="37.7996333" lon="-122.4502902">
  <tag k="amenity" v="waste_basket"/>
  <tag k="indoor" v="no"/>
 </node>
 <node id="12859825292" visible="true" version="1" changeset="166678394" timestamp="2025-05-24T00:35:53Z" user="mapadu" uid="9755853" lat="37.7997772" lon="-122.4520329"/>
 <node id="12859825293" visible="true" version="1" changeset="166678394" timestamp="2025-05-24T00:35:53Z" user="mapadu" uid="9755853" lat="37.8000651" lon="-122.4511904"/>
 <node id="12859825294" visible="true" version="2" changeset="171651646" timestamp="2025-09-08T18:50:22Z" user="VLD317" uid="22891840" lat="37.7998792" lon="-122.4519732">
  <tag k="crossing" v="uncontrolled"/>
  <tag k="crossing:island" v="no"/>
  <tag k="crossing:markings" v="zebra"/>
  <tag k="crossing:signals" v="no"/>
  <tag k="highway" v="crossing"/>
 </node>
 <node id="12859825295" visible="true" version="1" changeset="166678394" timestamp="2025-05-24T00:35:53Z" user="mapadu" uid="9755853" lat="37.8001287" lon="-122.4513228">
  <tag k="kerb" v="no"/>
 </node>
 <node id="12859825297" visible="true" version="1" changeset="166678394" timestamp="2025-05-24T00:35:53Z" user="mapadu" uid="9755853" lat="37.7998522" lon="-122.4519897">
  <tag k="barrier" v="kerb"/>
  <tag k="kerb" v="lowered"/>
  <tag k="tactile_paving" v="yes"/>
 </node>
 <node id="12859825300" visible="true" version="1" changeset="166678394" timestamp="2025-05-24T00:35:53Z" user="mapadu" uid="9755853" lat="37.7998822" lon="-122.4520569"/>
 <node id="12859845201" visible="true" version="1" changeset="166678394" timestamp="2025-05-24T00:35:53Z" user="mapadu" uid="9755853" lat="37.8002361" lon="-122.4514572"/>
 <node id="12859845202" visible="true" version="1" changeset="166678394" timestamp="2025-05-24T00:35:53Z" user="mapadu" uid="9755853" lat="37.7996639" lon="-122.4500473">
  <tag k="amenity" v="bench"/>
  <tag k="armrest" v="yes"/>
  <tag k="backrest" v="yes"/>
  <tag k="direction" v="216"/>
 </node>
 <node id="12859845204" visible="true" version="2" changeset="183834191" timestamp="2026-06-08T15:18:13Z" user="LonelyHunter" uid="22234365" lat="37.7996085" lon="-122.4503613">
  <tag k="door" v="no"/>
  <tag k="entrance" v="yes"/>
  <tag k="wheelchair" v="yes"/>
 </node>
 <node id="12859845205" visible="true" version="1" changeset="166678394" timestamp="2025-05-24T00:35:53Z" user="mapadu" uid="9755853" lat="37.7997724" lon="-122.4502644">
  <tag k="door" v="hinged"/>
  <tag k="entrance" v="yes"/>
  <tag k="wheelchair" v="yes"/>
 </node>
 <node id="12859845206" visible="true" version="1" changeset="166678394" timestamp="2025-05-24T00:35:53Z" user="mapadu" uid="9755853" lat="37.7998562" lon="-122.4521809"/>
 <node id="12859845207" visible="true" version="1" changeset="166678394" timestamp="2025-05-24T00:35:53Z" user="mapadu" uid="9755853" lat="37.7999674" lon="-122.4522727"/>
 <node id="12883950429" visible="true" version="1" changeset="167144313" timestamp="2025-06-03T17:04:18Z" user="jhaluska80" uid="20446106" lat="37.7952834" lon="-122.4507533"/>
 <node id="12883950430" visible="true" version="1" changeset="167144313" timestamp="2025-06-03T17:04:18Z" user="jhaluska80" uid="20446106" lat="37.7952293" lon="-122.4503297"/>
 <node id="12883950431" visible="true" version="1" changeset="167144313" timestamp="2025-06-03T17:04:18Z" user="jhaluska80" uid="20446106" lat="37.7955106" lon="-122.4510245">
  <tag k="direction" v="120"/>
  <tag k="maxspeed" v="25 mph"/>
  <tag k="traffic_sign" v="maxspeed"/>
 </node>
 <node id="12883950432" visible="true" version="1" changeset="167144313" timestamp="2025-06-03T17:04:18Z" user="jhaluska80" uid="20446106" lat="37.7954670" lon="-122.4507753"/>
 <node id="12883950433" visible="true" version="1" changeset="167144313" timestamp="2025-06-03T17:04:18Z" user="jhaluska80" uid="20446106" lat="37.7954744" lon="-122.4507376"/>
 <node id="12883950434" visible="true" version="1" changeset="167144313" timestamp="2025-06-03T17:04:18Z" user="jhaluska80" uid="20446106" lat="37.7954628" lon="-122.4508144"/>
 <node id="12883950435" visible="true" version="1" changeset="167144313" timestamp="2025-06-03T17:04:18Z" user="jhaluska80" uid="20446106" lat="37.7951912" lon="-122.4499535"/>
 <node id="12883950436" visible="true" version="1" changeset="167144313" timestamp="2025-06-03T17:04:18Z" user="jhaluska80" uid="20446106" lat="37.7954128" lon="-122.4505028"/>
 <node id="12883950437" visible="true" version="1" changeset="167144313" timestamp="2025-06-03T17:04:18Z" user="jhaluska80" uid="20446106" lat="37.7951479" lon="-122.4496276"/>
 <node id="12883950438" visible="true" version="1" changeset="167144313" timestamp="2025-06-03T17:04:18Z" user="jhaluska80" uid="20446106" lat="37.7944472" lon="-122.4479661"/>
 <node id="12883950439" visible="true" version="1" changeset="167144313" timestamp="2025-06-03T17:04:18Z" user="jhaluska80" uid="20446106" lat="37.7960707" lon="-122.4509382"/>
 <node id="12883950440" visible="true" version="1" changeset="167144313" timestamp="2025-06-03T17:04:18Z" user="jhaluska80" uid="20446106" lat="37.7960913" lon="-122.4508536"/>
 <node id="12883950441" visible="true" version="1" changeset="167144313" timestamp="2025-06-03T17:04:18Z" user="jhaluska80" uid="20446106" lat="37.7960979" lon="-122.4507831"/>
 <node id="12883950442" visible="true" version="1" changeset="167144313" timestamp="2025-06-03T17:04:18Z" user="jhaluska80" uid="20446106" lat="37.7962047" lon="-122.4506621"/>
 <node id="12883950443" visible="true" version="1" changeset="167144313" timestamp="2025-06-03T17:04:18Z" user="jhaluska80" uid="20446106" lat="37.7962648" lon="-122.4509682"/>
 <node id="12883950444" visible="true" version="1" changeset="167144313" timestamp="2025-06-03T17:04:18Z" user="jhaluska80" uid="20446106" lat="37.7964558" lon="-122.4511928"/>
 <node id="12883950445" visible="true" version="1" changeset="167144313" timestamp="2025-06-03T17:04:18Z" user="jhaluska80" uid="20446106" lat="37.7961683" lon="-122.4506346"/>
 <node id="12883950446" visible="true" version="1" changeset="167144313" timestamp="2025-06-03T17:04:18Z" user="jhaluska80" uid="20446106" lat="37.7960167" lon="-122.4505263"/>
 <node id="12883950447" visible="true" version="1" changeset="167144313" timestamp="2025-06-03T17:04:18Z" user="jhaluska80" uid="20446106" lat="37.7959641" lon="-122.4504486"/>
 <node id="12883950448" visible="true" version="1" changeset="167144313" timestamp="2025-06-03T17:04:18Z" user="jhaluska80" uid="20446106" lat="37.7960562" lon="-122.4505909"/>
 <node id="12883950449" visible="true" version="1" changeset="167144313" timestamp="2025-06-03T17:04:18Z" user="jhaluska80" uid="20446106" lat="37.7958692" lon="-122.4498432"/>
 <node id="12883950450" visible="true" version="1" changeset="167144313" timestamp="2025-06-03T17:04:18Z" user="jhaluska80" uid="20446106" lat="37.7960661" lon="-122.4512935"/>
 <node id="12883950451" visible="true" version="1" changeset="167144313" timestamp="2025-06-03T17:04:18Z" user="jhaluska80" uid="20446106" lat="37.7960341" lon="-122.4511330"/>
 <node id="12883950452" visible="true" version="1" changeset="167144313" timestamp="2025-06-03T17:04:18Z" user="jhaluska80" uid="20446106" lat="37.7960491" lon="-122.4509939"/>
 <node id="12883950453" visible="true" version="1" changeset="167144313" timestamp="2025-06-03T17:04:18Z" user="jhaluska80" uid="20446106" lat="37.7956533" lon="-122.4507639"/>
 <node id="12883950454" visible="true" version="1" changeset="167144313" timestamp="2025-06-03T17:04:18Z" user="jhaluska80" uid="20446106" lat="37.7957912" lon="-122.4490059"/>
 <node id="12918200266" visible="true" version="1" changeset="167669314" timestamp="2025-06-15T22:06:02Z" user="DeadLetterQueue" uid="3486044" lat="37.7978114" lon="-122.4540256">
  <tag k="amenity" v="bicycle_parking"/>
 </node>
 <node id="12918200269" visible="true" version="2" changeset="172544187" timestamp="2025-09-27T20:48:22Z" user="d3ef" uid="20167236" lat="37.7986852" lon="-122.4504793">
  <tag k="amenity" v="bicycle_parking"/>
  <tag k="bicycle_parking" v="stands"/>
  <tag k="capacity" v="6"/>
  <tag k="covered" v="no"/>
  <tag k="fee" v="no"/>
 </node>
 <node id="12944743566" visible="true" version="8" changeset="187193788" timestamp="2026-08-09T18:03:06Z" user="TheNightRider" uid="1968961" lat="37.7985100" lon="-122.4498500">
  <tag k="access" v="customers"/>
  <tag k="addr:city" v="San Francisco"/>
  <tag k="addr:country" v="US"/>
  <tag k="addr:housenumber" v="1"/>
  <tag k="addr:postcode" v="94129"/>
  <tag k="addr:state" v="CA"/>
  <tag k="addr:street" v="Letterman Drive"/>
  <tag k="amenity" v="charging_station"/>
  <tag k="authentication:app" v="yes"/>
  <tag k="bicycle" v="no"/>
  <tag k="branch" v="San Francisco, CA - Letterman Drive"/>
  <tag k="brand" v="Tesla Supercharger"/>
  <tag k="brand:website" v="https://www.tesla.com/supercharger"/>
  <tag k="brand:wikidata" v="Q17089620"/>
  <tag k="bus" v="no"/>
  <tag k="capacity" v="6"/>
  <tag k="description" v="Located in parking garage, floor G1. Currently, only Tesla vehicles can charge here. Posts do not have either MagicDock (CCS1 adapter) or non-Tesla NACS port/adapter support."/>
  <tag k="ele" v="18"/>
  <tag k="fee" v="yes"/>
  <tag k="frequency" v="0"/>
  <tag k="hgv" v="no"/>
  <tag k="host" v="One Letterman"/>
  <tag k="maxstay" v="no"/>
  <tag k="motorcar" v="designated"/>
  <tag k="name" v="Tesla Supercharger"/>
  <tag k="network" v="Supercharger"/>
  <tag k="network:website" v="https://www.tesla.com/supercharger"/>
  <tag k="network:wikidata" v="Q17089620"/>
  <tag k="not:brand:wikidata" v="Q478214"/>
  <tag k="opening_hours" v="Mo-Su 07:00-24:00"/>
  <tag k="operator" v="Tesla"/>
  <tag k="operator:wikidata" v="Q478214"/>
  <tag k="parking:fee" v="yes"/>
  <tag k="payment:app:tesla" v="yes"/>
  <tag k="ref:plugshare" v="193263"/>
  <tag k="ref:supercharge_info" v="1980"/>
  <tag k="reservation" v="no"/>
  <tag k="scooter" v="no"/>
  <tag k="socket:nacs" v="6"/>
  <tag k="socket:nacs:output" v="72"/>
  <tag k="start_date" v="2019-05-23"/>
  <tag k="website" v="https://www.tesla.com/findus/location/supercharger/qbdestinationsiteid83342"/>
  <tag k="wheelchair" v="no"/>
 </node>
 <node id="12952288532" visible="true" version="1" changeset="168105137" timestamp="2025-06-25T17:16:25Z" user="VLD282" uid="21556038" lat="37.7998976" lon="-122.4509196"/>
 <node id="12952288533" visible="true" version="1" changeset="168105137" timestamp="2025-06-25T17:16:25Z" user="VLD282" uid="21556038" lat="37.7995112" lon="-122.4511576"/>
 <node id="12952297138" visible="true" version="1" changeset="168104972" timestamp="2025-06-25T17:11:27Z" user="VLD282" uid="21556038" lat="37.8000526" lon="-122.4525023"/>
 <node id="12952297139" visible="true" version="1" changeset="168104972" timestamp="2025-06-25T17:11:27Z" user="VLD282" uid="21556038" lat="37.7999997" lon="-122.4525007"/>
 <node id="12952297140" visible="true" version="1" changeset="168104972" timestamp="2025-06-25T17:11:27Z" user="VLD282" uid="21556038" lat="37.7995064" lon="-122.4521264"/>
 <node id="12952297141" visible="true" version="1" changeset="168104972" timestamp="2025-06-25T17:11:27Z" user="VLD282" uid="21556038" lat="37.7994872" lon="-122.4520968"/>
 <node id="12952297142" visible="true" version="1" changeset="168104972" timestamp="2025-06-25T17:11:27Z" user="VLD282" uid="21556038" lat="37.7997491" lon="-122.4523728"/>
 <node id="12952297144" visible="true" version="1" changeset="168104972" timestamp="2025-06-25T17:11:27Z" user="VLD282" uid="21556038" lat="37.8000136" lon="-122.4528104"/>
 <node id="12952297145" visible="true" version="1" changeset="168104972" timestamp="2025-06-25T17:11:27Z" user="VLD282" uid="21556038" lat="37.7999580" lon="-122.4527895"/>
 <node id="12952297146" visible="true" version="1" changeset="168104972" timestamp="2025-06-25T17:11:27Z" user="VLD282" uid="21556038" lat="37.7996206" lon="-122.4526998"/>
 <node id="12952297147" visible="true" version="1" changeset="168104972" timestamp="2025-06-25T17:11:27Z" user="VLD282" uid="21556038" lat="37.7999048" lon="-122.4527721"/>
 <node id="12952297148" visible="true" version="1" changeset="168104972" timestamp="2025-06-25T17:11:27Z" user="VLD282" uid="21556038" lat="37.7990779" lon="-122.4526055"/>
 <node id="12952297149" visible="true" version="1" changeset="168104972" timestamp="2025-06-25T17:11:27Z" user="VLD282" uid="21556038" lat="37.7990618" lon="-122.4525803"/>
 <node id="12952297150" visible="true" version="1" changeset="168104972" timestamp="2025-06-25T17:11:27Z" user="VLD282" uid="21556038" lat="37.7988130" lon="-122.4522868"/>
 <node id="12952297151" visible="true" version="1" changeset="168104972" timestamp="2025-06-25T17:11:27Z" user="VLD282" uid="21556038" lat="37.7990537" lon="-122.4522691"/>
 <node id="12952297152" visible="true" version="1" changeset="168104972" timestamp="2025-06-25T17:11:27Z" user="VLD282" uid="21556038" lat="37.7989895" lon="-122.4521380"/>
 <node id="12952297153" visible="true" version="1" changeset="168104972" timestamp="2025-06-25T17:11:27Z" user="VLD282" uid="21556038" lat="37.7988213" lon="-122.4517162"/>
 <node id="12952297154" visible="true" version="1" changeset="168104972" timestamp="2025-06-25T17:11:27Z" user="VLD282" uid="21556038" lat="37.7987623" lon="-122.4515429"/>
 <node id="12952297155" visible="true" version="1" changeset="168104972" timestamp="2025-06-25T17:11:27Z" user="VLD282" uid="21556038" lat="37.7987385" lon="-122.4515560"/>
 <node id="12952297156" visible="true" version="1" changeset="168104972" timestamp="2025-06-25T17:11:27Z" user="VLD282" uid="21556038" lat="37.7987023" lon="-122.4514425"/>
 <node id="12952297157" visible="true" version="1" changeset="168104972" timestamp="2025-06-25T17:11:27Z" user="VLD282" uid="21556038" lat="37.7989163" lon="-122.4519673"/>
 <node id="12952297158" visible="true" version="1" changeset="168104972" timestamp="2025-06-25T17:11:27Z" user="VLD282" uid="21556038" lat="37.7999011" lon="-122.4528087"/>
 <node id="12952764718" visible="true" version="1" changeset="168113667" timestamp="2025-06-25T21:41:50Z" user="VLD299" uid="22891835" lat="37.7993799" lon="-122.4475744"/>
 <node id="12952764773" visible="true" version="1" changeset="168113667" timestamp="2025-06-25T21:41:50Z" user="VLD299" uid="22891835" lat="37.7976441" lon="-122.4489180"/>
 <node id="12952764774" visible="true" version="1" changeset="168113667" timestamp="2025-06-25T21:41:50Z" user="VLD299" uid="22891835" lat="37.7975979" lon="-122.4490995"/>
 <node id="12952764775" visible="true" version="1" changeset="168113667" timestamp="2025-06-25T21:41:50Z" user="VLD299" uid="22891835" lat="37.7975971" lon="-122.4491360"/>
 <node id="13037019295" visible="true" version="1" changeset="169711843" timestamp="2025-07-30T10:09:58Z" user="democat" uid="20300551" lat="37.8011370" lon="-122.4507303">
  <tag k="direction" v="forward"/>
  <tag k="highway" v="stop"/>
 </node>
 <node id="13037033652" visible="true" version="1" changeset="169711843" timestamp="2025-07-30T10:09:58Z" user="democat" uid="20300551" lat="37.8003360" lon="-122.4506900">
  <tag k="crossing" v="uncontrolled"/>
  <tag k="crossing:markings" v="ladder:skewed"/>
  <tag k="highway" v="crossing"/>
 </node>
 <node id="13128857035" visible="true" version="1" changeset="171651646" timestamp="2025-09-08T18:50:22Z" user="VLD317" uid="22891840" lat="37.7999058" lon="-122.4523460"/>
 <node id="13128857036" visible="true" version="1" changeset="171651646" timestamp="2025-09-08T18:50:22Z" user="VLD317" uid="22891840" lat="37.7999857" lon="-122.4522931"/>
 <node id="13128857037" visible="true" version="1" changeset="171651646" timestamp="2025-09-08T18:50:22Z" user="VLD317" uid="22891840" lat="37.8000318" lon="-122.4522626"/>
 <node id="13128857038" visible="true" version="1" changeset="171651646" timestamp="2025-09-08T18:50:22Z" user="VLD317" uid="22891840" lat="37.8000059" lon="-122.4522797">
  <tag k="crossing" v="marked"/>
  <tag k="crossing:markings" v="zebra"/>
  <tag k="highway" v="crossing"/>
 </node>
 <node id="13148772042" visible="true" version="1" changeset="172043829" timestamp="2025-09-17T05:14:55Z" user="PedestrianMapping_CartoBypass" uid="23065539" lat="37.7949248" lon="-122.4517786">
  <tag k="crossing" v="uncontrolled"/>
  <tag k="crossing:markings" v="zebra"/>
  <tag k="crossing:signals" v="no"/>
  <tag k="highway" v="crossing"/>
 </node>
 <node id="13148772043" visible="true" version="2" changeset="179723577" timestamp="2026-03-11T21:47:22Z" user="jumbanho" uid="38487" lat="37.7953662" lon="-122.4517793">
  <tag k="crossing" v="uncontrolled"/>
  <tag k="crossing:markings" v="lines"/>
  <tag k="crossing:signals" v="no"/>
  <tag k="highway" v="crossing"/>
  <tag k="tactile_paving" v="yes"/>
 </node>
 <node id="13148772044" visible="true" version="1" changeset="172043829" timestamp="2025-09-17T05:14:55Z" user="PedestrianMapping_CartoBypass" uid="23065539" lat="37.7954179" lon="-122.4517483"/>
 <node id="13148772045" visible="true" version="3" changeset="179723632" timestamp="2026-03-11T21:46:58Z" user="jumbanho" uid="38487" lat="37.7954655" lon="-122.4518042">
  <tag k="barrier" v="kerb"/>
  <tag k="kerb" v="lowered"/>
  <tag k="tactile_paving" v="yes"/>
 </node>
 <node id="13148796017" visible="true" version="1" changeset="172044136" timestamp="2025-09-17T05:23:14Z" user="PedestrianMapping_TraceVeil" uid="23065794" lat="37.7998030" lon="-122.4516749">
  <tag k="crossing" v="uncontrolled"/>
  <tag k="crossing:markings" v="lines"/>
  <tag k="crossing:signals" v="no"/>
  <tag k="highway" v="crossing"/>
 </node>
 <node id="13148796018" visible="true" version="1" changeset="172044136" timestamp="2025-09-17T05:23:14Z" user="PedestrianMapping_TraceVeil" uid="23065794" lat="37.7997907" lon="-122.4516487">
  <tag k="crossing" v="uncontrolled"/>
  <tag k="crossing:markings" v="lines"/>
  <tag k="crossing:signals" v="no"/>
  <tag k="highway" v="crossing"/>
 </node>
 <node id="13148796019" visible="true" version="1" changeset="172044136" timestamp="2025-09-17T05:23:14Z" user="PedestrianMapping_TraceVeil" uid="23065794" lat="37.7999948" lon="-122.4526480">
  <tag k="crossing" v="uncontrolled"/>
  <tag k="crossing:markings" v="zebra"/>
  <tag k="crossing:signals" v="no"/>
  <tag k="highway" v="crossing"/>
 </node>
 <node id="13149073418" visible="true" version="2" changeset="175089021" timestamp="2025-11-24T23:32:47Z" user="VLD170" uid="11417369" lat="37.7986919" lon="-122.4535759">
  <tag k="crossing" v="uncontrolled"/>
  <tag k="crossing:markings" v="lines"/>
  <tag k="crossing:signals" v="no"/>
  <tag k="highway" v="crossing"/>
 </node>
 <node id="13149073419" visible="true" version="1" changeset="172052397" timestamp="2025-09-17T08:57:16Z" user="PedestrianMapping_TraceVeil" uid="23065794" lat="37.7987311" lon="-122.4536712">
  <tag k="crossing" v="uncontrolled"/>
  <tag k="crossing:markings" v="zebra"/>
  <tag k="crossing:signals" v="no"/>
  <tag k="highway" v="crossing"/>
 </node>
 <node id="13204459603" visible="true" version="3" changeset="186839592" timestamp="2026-08-02T22:47:10Z" user="John Gilmore" uid="314930" lat="37.7966737" lon="-122.4517256">
  <tag k="barrier" v="kerb"/>
  <tag k="kerb" v="lowered"/>
  <tag k="tactile_paving" v="yes"/>
 </node>
 <node id="13204459604" visible="true" version="1" changeset="173038410" timestamp="2025-10-09T08:48:23Z" user="PedestrianMapping_CartoBypass" uid="23065539" lat="37.7966675" lon="-122.4517729"/>
 <node id="13204459605" visible="true" version="1" changeset="173038410" timestamp="2025-10-09T08:48:23Z" user="PedestrianMapping_CartoBypass" uid="23065539" lat="37.7965827" lon="-122.4517552"/>
 <node id="13204459606" visible="true" version="1" changeset="173038410" timestamp="2025-10-09T08:48:23Z" user="PedestrianMapping_CartoBypass" uid="23065539" lat="37.7965101" lon="-122.4517376"/>
 <node id="13204459607" visible="true" version="1" changeset="173038410" timestamp="2025-10-09T08:48:23Z" user="PedestrianMapping_CartoBypass" uid="23065539" lat="37.7964180" lon="-122.4517545"/>
 <node id="13204459608" visible="true" version="1" changeset="173038410" timestamp="2025-10-09T08:48:23Z" user="PedestrianMapping_CartoBypass" uid="23065539" lat="37.7963644" lon="-122.4517453"/>
 <node id="13204459609" visible="true" version="1" changeset="173038410" timestamp="2025-10-09T08:48:23Z" user="PedestrianMapping_CartoBypass" uid="23065539" lat="37.7963058" lon="-122.4517475"/>
 <node id="13204459610" visible="true" version="1" changeset="173038410" timestamp="2025-10-09T08:48:23Z" user="PedestrianMapping_CartoBypass" uid="23065539" lat="37.7967166" lon="-122.4517772"/>
 <node id="13204459611" visible="true" version="1" changeset="173038410" timestamp="2025-10-09T08:48:23Z" user="PedestrianMapping_CartoBypass" uid="23065539" lat="37.7968003" lon="-122.4517705"/>
 <node id="13204459612" visible="true" version="1" changeset="173038410" timestamp="2025-10-09T08:48:23Z" user="PedestrianMapping_CartoBypass" uid="23065539" lat="37.7968715" lon="-122.4517213"/>
 <node id="13204459613" visible="true" version="1" changeset="173038410" timestamp="2025-10-09T08:48:23Z" user="PedestrianMapping_CartoBypass" uid="23065539" lat="37.7969499" lon="-122.4516195"/>
 <node id="13204459614" visible="true" version="1" changeset="173038410" timestamp="2025-10-09T08:48:23Z" user="PedestrianMapping_CartoBypass" uid="23065539" lat="37.7970310" lon="-122.4515244"/>
 <node id="13204459615" visible="true" version="1" changeset="173038410" timestamp="2025-10-09T08:48:23Z" user="PedestrianMapping_CartoBypass" uid="23065539" lat="37.7971695" lon="-122.4514193"/>
 <node id="13204459616" visible="true" version="1" changeset="173038410" timestamp="2025-10-09T08:48:23Z" user="PedestrianMapping_CartoBypass" uid="23065539" lat="37.7973277" lon="-122.4513517"/>
 <node id="13204459617" visible="true" version="1" changeset="173038410" timestamp="2025-10-09T08:48:23Z" user="PedestrianMapping_CartoBypass" uid="23065539" lat="37.7974021" lon="-122.4513376"/>
 <node id="13204459618" visible="true" version="1" changeset="173038410" timestamp="2025-10-09T08:48:23Z" user="PedestrianMapping_CartoBypass" uid="23065539" lat="37.7975155" lon="-122.4513351"/>
 <node id="13204459619" visible="true" version="1" changeset="173038410" timestamp="2025-10-09T08:48:23Z" user="PedestrianMapping_CartoBypass" uid="23065539" lat="37.7976170" lon="-122.4513726"/>
 <node id="13204459620" visible="true" version="1" changeset="173038410" timestamp="2025-10-09T08:48:23Z" user="PedestrianMapping_CartoBypass" uid="23065539" lat="37.7976539" lon="-122.4513879"/>
 <node id="13204459621" visible="true" version="1" changeset="173038410" timestamp="2025-10-09T08:48:23Z" user="PedestrianMapping_CartoBypass" uid="23065539" lat="37.7976586" lon="-122.4513675"/>
 <node id="13204459622" visible="true" version="2" changeset="186839590" timestamp="2026-08-02T22:47:08Z" user="John Gilmore" uid="314930" lat="37.7966937" lon="-122.4515963">
  <tag k="barrier" v="kerb"/>
  <tag k="kerb" v="lowered"/>
 </node>
 <node id="13204459623" visible="true" version="1" changeset="173038410" timestamp="2025-10-09T08:48:23Z" user="PedestrianMapping_CartoBypass" uid="23065539" lat="37.7966943" lon="-122.4515752"/>
 <node id="13204459624" visible="true" version="2" changeset="186839590" timestamp="2026-08-02T22:47:11Z" user="John Gilmore" uid="314930" lat="37.7966849" lon="-122.4515778">
  <tag k="barrier" v="kerb"/>
  <tag k="kerb" v="lowered"/>
 </node>
 <node id="13204459625" visible="true" version="1" changeset="173038410" timestamp="2025-10-09T08:48:23Z" user="PedestrianMapping_CartoBypass" uid="23065539" lat="37.7965904" lon="-122.4515848"/>
 <node id="13204459626" visible="true" version="1" changeset="173038410" timestamp="2025-10-09T08:48:23Z" user="PedestrianMapping_CartoBypass" uid="23065539" lat="37.7966095" lon="-122.4515859"/>
 <node id="13204459627" visible="true" version="1" changeset="173038410" timestamp="2025-10-09T08:48:23Z" user="PedestrianMapping_CartoBypass" uid="23065539" lat="37.7954775" lon="-122.4518177"/>
 <node id="13204459628" visible="true" version="1" changeset="173038410" timestamp="2025-10-09T08:48:23Z" user="PedestrianMapping_CartoBypass" uid="23065539" lat="37.7956142" lon="-122.4517844"/>
 <node id="13204459629" visible="true" version="1" changeset="173038410" timestamp="2025-10-09T08:48:23Z" user="PedestrianMapping_CartoBypass" uid="23065539" lat="37.7958123" lon="-122.4517589"/>
 <node id="13204459630" visible="true" version="1" changeset="173038410" timestamp="2025-10-09T08:48:23Z" user="PedestrianMapping_CartoBypass" uid="23065539" lat="37.7959530" lon="-122.4517533"/>
 <node id="13204459631" visible="true" version="1" changeset="173038410" timestamp="2025-10-09T08:48:23Z" user="PedestrianMapping_CartoBypass" uid="23065539" lat="37.7961422" lon="-122.4517752"/>
 <node id="13204459632" visible="true" version="1" changeset="173038410" timestamp="2025-10-09T08:48:23Z" user="PedestrianMapping_CartoBypass" uid="23065539" lat="37.7962263" lon="-122.4518089"/>
 <node id="13204459633" visible="true" version="1" changeset="173038410" timestamp="2025-10-09T08:48:23Z" user="PedestrianMapping_CartoBypass" uid="23065539" lat="37.7962387" lon="-122.4518010"/>
 <node id="13204459634" visible="true" version="1" changeset="173038410" timestamp="2025-10-09T08:48:23Z" user="PedestrianMapping_CartoBypass" uid="23065539" lat="37.7962720" lon="-122.4517781">
  <tag k="crossing" v="uncontrolled"/>
  <tag k="crossing:markings" v="zebra"/>
  <tag k="crossing:signals" v="no"/>
  <tag k="highway" v="crossing"/>
 </node>
 <node id="13204459635" visible="true" version="2" changeset="186839590" timestamp="2026-08-02T22:47:06Z" user="John Gilmore" uid="314930" lat="37.7977080" lon="-122.4512263">
  <tag k="barrier" v="kerb"/>
  <tag k="kerb" v="lowered"/>
 </node>
 <node id="13204459636" visible="true" version="1" changeset="173038410" timestamp="2025-10-09T08:48:23Z" user="PedestrianMapping_CartoBypass" uid="23065539" lat="37.7977318" lon="-122.4512115">
  <tag k="crossing" v="uncontrolled"/>
  <tag k="crossing:markings" v="zebra"/>
  <tag k="crossing:signals" v="no"/>
  <tag k="highway" v="crossing"/>
  <tag k="tactile_paving" v="yes"/>
 </node>
 <node id="13231024672" visible="true" version="1" changeset="173238324" timestamp="2025-10-13T16:59:25Z" user="akshay_Lyft" uid="22704881" lat="37.7995561" lon="-122.4528160"/>
 <node id="13245066518" visible="true" version="1" changeset="173516533" timestamp="2025-10-20T03:41:48Z" user="lasagna" uid="7572965" lat="37.7977243" lon="-122.4511897">
  <tag k="direction" v="forward"/>
  <tag k="highway" v="stop"/>
  <tag k="stop" v="minor"/>
 </node>
 <node id="13329303941" visible="true" version="1" changeset="175089021" timestamp="2025-11-24T23:32:47Z" user="VLD170" uid="11417369" lat="37.7985592" lon="-122.4519848"/>
 <node id="13329303942" visible="true" version="1" changeset="175089021" timestamp="2025-11-24T23:32:47Z" user="VLD170" uid="11417369" lat="37.7987835" lon="-122.4522274"/>
 <node id="13329303943" visible="true" version="1" changeset="175089021" timestamp="2025-11-24T23:32:47Z" user="VLD170" uid="11417369" lat="37.7987418" lon="-122.4521571"/>
 <node id="13329303944" visible="true" version="1" changeset="175089021" timestamp="2025-11-24T23:32:47Z" user="VLD170" uid="11417369" lat="37.7986201" lon="-122.4520325"/>
 <node id="13329303945" visible="true" version="1" changeset="175089021" timestamp="2025-11-24T23:32:47Z" user="VLD170" uid="11417369" lat="37.7980459" lon="-122.4515858"/>
 <node id="13329303946" visible="true" version="1" changeset="175089021" timestamp="2025-11-24T23:32:47Z" user="VLD170" uid="11417369" lat="37.7977323" lon="-122.4514198"/>
 <node id="13329303947" visible="true" version="1" changeset="175089021" timestamp="2025-11-24T23:32:47Z" user="VLD170" uid="11417369" lat="37.7987547" lon="-122.4534528"/>
 <node id="13329303948" visible="true" version="1" changeset="175089021" timestamp="2025-11-24T23:32:47Z" user="VLD170" uid="11417369" lat="37.7989070" lon="-122.4529153"/>
 <node id="13329303949" visible="true" version="1" changeset="175089021" timestamp="2025-11-24T23:32:47Z" user="VLD170" uid="11417369" lat="37.7989729" lon="-122.4529495"/>
 <node id="13329303950" visible="true" version="1" changeset="175089021" timestamp="2025-11-24T23:32:47Z" user="VLD170" uid="11417369" lat="37.7987828" lon="-122.4534180"/>
 <node id="13329303951" visible="true" version="1" changeset="175089021" timestamp="2025-11-24T23:32:47Z" user="VLD170" uid="11417369" lat="37.7991796" lon="-122.4528020"/>
 <node id="13329303952" visible="true" version="1" changeset="175089021" timestamp="2025-11-24T23:32:47Z" user="VLD170" uid="11417369" lat="37.7990853" lon="-122.4529917"/>
 <node id="13329303953" visible="true" version="1" changeset="175089021" timestamp="2025-11-24T23:32:47Z" user="VLD170" uid="11417369" lat="37.7989081" lon="-122.4533958"/>
 <node id="13329303954" visible="true" version="1" changeset="175089021" timestamp="2025-11-24T23:32:47Z" user="VLD170" uid="11417369" lat="37.7988624" lon="-122.4535016"/>
 <node id="13329303955" visible="true" version="1" changeset="175089021" timestamp="2025-11-24T23:32:47Z" user="VLD170" uid="11417369" lat="37.7987862" lon="-122.4537040"/>
 <node id="13329303956" visible="true" version="1" changeset="175089021" timestamp="2025-11-24T23:32:47Z" user="VLD170" uid="11417369" lat="37.7986790" lon="-122.4536446"/>
 <node id="13329303957" visible="true" version="1" changeset="175089021" timestamp="2025-11-24T23:32:47Z" user="VLD170" uid="11417369" lat="37.7987261" lon="-122.4534688"/>
 <node id="13329303958" visible="true" version="1" changeset="175089021" timestamp="2025-11-24T23:32:47Z" user="VLD170" uid="11417369" lat="37.7986881" lon="-122.4534049"/>
 <node id="13329303959" visible="true" version="1" changeset="175089021" timestamp="2025-11-24T23:32:47Z" user="VLD170" uid="11417369" lat="37.7987005" lon="-122.4533137"/>
 <node id="13329303960" visible="true" version="1" changeset="175089021" timestamp="2025-11-24T23:32:47Z" user="VLD170" uid="11417369" lat="37.7986858" lon="-122.4533406"/>
 <node id="13329303961" visible="true" version="1" changeset="175089021" timestamp="2025-11-24T23:32:47Z" user="VLD170" uid="11417369" lat="37.7987218" lon="-122.4525659"/>
 <node id="13329303962" visible="true" version="1" changeset="175089021" timestamp="2025-11-24T23:32:47Z" user="VLD170" uid="11417369" lat="37.7987379" lon="-122.4530913"/>
 <node id="13329303963" visible="true" version="1" changeset="175089021" timestamp="2025-11-24T23:32:47Z" user="VLD170" uid="11417369" lat="37.7987522" lon="-122.4528775"/>
 <node id="13618913494" visible="true" version="1" changeset="179369640" timestamp="2026-03-04T21:23:42Z" user="mapadu" uid="9755853" lat="37.7988761" lon="-122.4506414">
  <tag k="access" v="permissive"/>
  <tag k="door" v="hinged"/>
  <tag k="entrance" v="yes"/>
  <tag k="level" v="0"/>
  <tag k="wheelchair" v="yes"/>
 </node>
 <node id="13618913495" visible="true" version="1" changeset="179369640" timestamp="2026-03-04T21:23:42Z" user="mapadu" uid="9755853" lat="37.7988800" lon="-122.4506739">
  <tag k="artwork_type" v="statue"/>
  <tag k="indoor" v="yes"/>
  <tag k="level" v="0"/>
  <tag k="subject:wikidata" v="Q51788"/>
  <tag k="tourism" v="artwork"/>
 </node>
 <node id="13618913496" visible="true" version="1" changeset="179369640" timestamp="2026-03-04T21:23:42Z" user="mapadu" uid="9755853" lat="37.7989218" lon="-122.4507928">
  <tag k="artwork_type" v="statue"/>
  <tag k="indoor" v="yes"/>
  <tag k="level" v="0"/>
  <tag k="subject:wikidata" v="Q1386416"/>
  <tag k="tourism" v="artwork"/>
 </node>
 <node id="13753050454" visible="true" version="1" changeset="181684151" timestamp="2026-04-22T17:31:22Z" user="DaveSchweisguth" uid="21613413" lat="37.7985532" lon="-122.4514131">
  <tag k="addr:housenumber" v="558"/>
  <tag k="addr:street" v="Presidio Boulevard"/>
  <tag k="addr:unit" v="B"/>
  <tag k="amenity" v="post_office"/>
  <tag k="operator" v="United States Postal Service"/>
  <tag k="operator:short" v="USPS"/>
  <tag k="operator:type" v="public"/>
  <tag k="operator:wikidata" v="Q668687"/>
  <tag k="phone" v="+1 415-440-1875"/>
 </node>
 <node id="13807109644" visible="true" version="4" changeset="182357395" timestamp="2026-05-07T21:13:30Z" user="Dipesh Chauhan" uid="24109813" lat="37.7991037" lon="-122.4508245">
  <tag k="addr:city" v="San Francisco"/>
  <tag k="addr:housenumber" v="1"/>
  <tag k="addr:postcode" v="94129"/>
  <tag k="addr:state" v="CA"/>
  <tag k="addr:street" v="Letterman Drive"/>
  <tag k="addr:unit" v="B"/>
  <tag k="amenity" v="childcare"/>
  <tag k="name" v="Bright Horizons at One Letterman"/>
  <tag k="not:brand:wikidata" v="Q4967421"/>
  <tag k="operator" v="Bright Horizons"/>
  <tag k="website" v="https://www.brighthorizons.com/daycare-centers/ca/san-francisco/one-letterman-drive-bldg-b-94129"/>
 </node>
 <node id="13879336759" visible="true" version="1" changeset="183182503" timestamp="2026-05-26T01:28:53Z" user="NAParish" uid="174586" lat="37.7957160" lon="-122.4529920"/>
 <node id="13920438455" visible="true" version="1" changeset="183834191" timestamp="2026-06-08T15:18:13Z" user="LonelyHunter" uid="22234365" lat="37.7996194" lon="-122.4503915"/>
 <node id="13920438456" visible="true" version="1" changeset="183834191" timestamp="2026-06-08T15:18:13Z" user="LonelyHunter" uid="22234365" lat="37.7995965" lon="-122.4503279"/>
 <node id="13920438457" visible="true" version="1" changeset="183834191" timestamp="2026-06-08T15:18:13Z" user="LonelyHunter" uid="22234365" lat="37.7996316" lon="-122.4503082"/>
 <node id="13920438458" visible="true" version="1" changeset="183834191" timestamp="2026-06-08T15:18:13Z" user="LonelyHunter" uid="22234365" lat="37.7996203" lon="-122.4503939"/>
 <node id="13920438459" visible="true" version="1" changeset="183834191" timestamp="2026-06-08T15:18:13Z" user="LonelyHunter" uid="22234365" lat="37.7997196" lon="-122.4502586"/>
 <node id="14103912216" visible="true" version="1" changeset="187660844" timestamp="2026-08-18T21:06:05Z" user="Sonicguy32" uid="24336791" lat="37.7991570" lon="-122.4491103"/>
 <node id="14103912217" visible="true" version="1" changeset="187660844" timestamp="2026-08-18T21:06:05Z" user="Sonicguy32" uid="24336791" lat="37.7991865" lon="-122.4492084"/>
 <node id="14103912218" visible="true" version="1" changeset="187660844" timestamp="2026-08-18T21:06:05Z" user="Sonicguy32" uid="24336791" lat="37.7989788" lon="-122.4491874"/>
 <node id="14103912219" visible="true" version="1" changeset="187660844" timestamp="2026-08-18T21:06:05Z" user="Sonicguy32" uid="24336791" lat="37.7987332" lon="-122.4494648"/>
 <node id="14103912220" visible="true" version="1" changeset="187660844" timestamp="2026-08-18T21:06:05Z" user="Sonicguy32" uid="24336791" lat="37.7986880" lon="-122.4493049"/>
 <node id="14103912221" visible="true" version="1" changeset="187660844" timestamp="2026-08-18T21:06:05Z" user="Sonicguy32" uid="24336791" lat="37.7986677" lon="-122.4492162"/>
 <node id="14103912222" visible="true" version="1" changeset="187660844" timestamp="2026-08-18T21:06:05Z" user="Sonicguy32" uid="24336791" lat="37.7986624" lon="-122.4491414"/>
 <node id="14103912223" visible="true" version="1" changeset="187660844" timestamp="2026-08-18T21:06:05Z" user="Sonicguy32" uid="24336791" lat="37.7989631" lon="-122.4490864"/>
 <way id="8915251" visible="true" version="5" changeset="5292167" timestamp="2010-07-23T02:07:58Z" user="rabbitface" uid="321578">
  <nd ref="65283652"/>
  <nd ref="65283654"/>
  <nd ref="65283656"/>
  <tag k="highway" v="footway"/>
  <tag k="tiger:cfcc" v="A71"/>
  <tag k="tiger:county" v="San Francisco, CA"/>
  <tag k="tiger:reviewed" v="no"/>
  <tag k="tiger:source" v="tiger_import_dch_v0.6_20070809"/>
  <tag k="tiger:tlid" v="192279198"/>
  <tag k="tiger:upload_uuid" v="bulk_upload.pl-4ddcfcfe-e298-4ca3-a789-35779f3bf445"/>
 </way>
 <way id="8916380" visible="true" version="5" changeset="11740644" timestamp="2012-05-29T18:01:15Z" user="Gregory Arenius" uid="116029">
  <nd ref="65295619"/>
  <nd ref="65295621"/>
  <nd ref="1769694418"/>
  <nd ref="1769694416"/>
  <nd ref="65295623"/>
  <nd ref="1769694414"/>
  <nd ref="1769694409"/>
  <nd ref="65295625"/>
  <nd ref="65295629"/>
  <nd ref="65295632"/>
  <nd ref="1769694225"/>
  <nd ref="65295636"/>
  <nd ref="1769694216"/>
  <nd ref="1769694215"/>
  <nd ref="65295645"/>
  <tag k="highway" v="service"/>
  <tag k="name" v="McRae Street"/>
  <tag k="oneway" v="yes"/>
  <tag k="tiger:cfcc" v="A41"/>
  <tag k="tiger:county" v="San Francisco, CA"/>
  <tag k="tiger:name_base" v="McRae"/>
  <tag k="tiger:name_type" v="St"/>
  <tag k="tiger:separated" v="no"/>
  <tag k="tiger:source" v="tiger_import_dch_v0.6_20070809"/>
  <tag k="tiger:tlid" v="192279205"/>
 </way>
 <way id="8916657" visible="true" version="9" changeset="160589787" timestamp="2024-12-24T22:59:09Z" user="hcourt" uid="12204396">
  <nd ref="65301453"/>
  <nd ref="65301457"/>
  <nd ref="12450268655"/>
  <nd ref="1769694521"/>
  <nd ref="65301459"/>
  <nd ref="65301461"/>
  <tag k="highway" v="residential"/>
  <tag k="lanes" v="2"/>
  <tag k="name" v="Portola Street"/>
  <tag k="surface" v="asphalt"/>
  <tag k="tiger:cfcc" v="A41"/>
  <tag k="tiger:county" v="San Francisco, CA"/>
  <tag k="tiger:name_base" v="Portola"/>
  <tag k="tiger:name_type" v="St"/>
 </way>
 <way id="8917062" visible="true" version="25" changeset="173238324" timestamp="2025-10-13T16:59:25Z" user="akshay_Lyft" uid="22704881">
  <nd ref="13231024672"/>
  <nd ref="65309274"/>
  <nd ref="12143004051"/>
  <nd ref="6696711125"/>
  <nd ref="8452365270"/>
  <nd ref="65309277"/>
  <nd ref="8452365269"/>
  <nd ref="6696711122"/>
  <tag k="cycleway:left" v="lane"/>
  <tag k="cycleway:right" v="shared_lane"/>
  <tag k="highway" v="tertiary"/>
  <tag k="lanes" v="3"/>
  <tag k="lanes:backward" v="1"/>
  <tag k="lanes:forward" v="2"/>
  <tag k="lcn_ref" v="4;55"/>
  <tag k="lit" v="yes"/>
  <tag k="name" v="Lincoln Boulevard"/>
  <tag k="name:etymology:wikidata" v="Q91"/>
  <tag k="sidewalk:both" v="separate"/>
  <tag k="surface" v="asphalt"/>
  <tag k="tiger:cfcc" v="A41"/>
  <tag k="tiger:county" v="San Francisco, CA"/>
  <tag k="tiger:name_base" v="Lincoln"/>
  <tag k="tiger:name_type" v="Blvd"/>
 </way>
 <way id="8917066" visible="true" version="16" changeset="179723661" timestamp="2026-03-11T21:46:46Z" user="jumbanho" uid="38487">
  <nd ref="13204459634"/>
  <nd ref="5634306000"/>
  <nd ref="5634305999"/>
  <nd ref="5634305998"/>
  <nd ref="300726882"/>
  <tag k="highway" v="unclassified"/>
  <tag k="lane_markings" v="no"/>
  <tag k="lit" v="yes"/>
  <tag k="name" v="Liggett Avenue"/>
  <tag k="name:etymology:wikidata" v="Q1638139"/>
  <tag k="sidewalk:left" v="no"/>
  <tag k="sidewalk:right" v="separate"/>
  <tag k="surface" v="asphalt"/>
 </way>
 <way id="8917068" visible="true" version="7" changeset="172043829" timestamp="2025-09-17T05:14:55Z" user="PedestrianMapping_CartoBypass" uid="23065539">
  <nd ref="5427637920"/>
  <nd ref="13148772042"/>
  <nd ref="65309510"/>
  <nd ref="65309512"/>
  <nd ref="65283457"/>
  <tag k="highway" v="residential"/>
  <tag k="name" v="Liggett Avenue"/>
  <tag k="name:etymology:wikidata" v="Q1638139"/>
  <tag k="oneway" v="yes"/>
  <tag k="tiger:cfcc" v="A41"/>
  <tag k="tiger:county" v="San Francisco, CA"/>
  <tag k="tiger:name_base" v="Liggett"/>
  <tag k="tiger:name_type" v="Ave"/>
  <tag k="tiger:reviewed" v="no"/>
 </way>
 <way id="8917303" visible="true" version="9" changeset="183182503" timestamp="2026-05-26T01:28:53Z" user="NAParish" uid="174586">
  <nd ref="65301461"/>
  <nd ref="65314601"/>
  <nd ref="1769694502"/>
  <nd ref="1769694501"/>
  <nd ref="65314603"/>
  <nd ref="1769694495"/>
  <nd ref="65314606"/>
  <nd ref="1769694488"/>
  <nd ref="65314607"/>
  <nd ref="65314608"/>
  <nd ref="65314609"/>
  <nd ref="65314613"/>
  <nd ref="5427642729"/>
  <nd ref="5427642737"/>
  <nd ref="13879336759"/>
  <nd ref="65314618"/>
  <nd ref="65314620"/>
  <nd ref="65314622"/>
  <nd ref="5427637920"/>
  <tag k="highway" v="residential"/>
  <tag k="name" v="Morton Street"/>
  <tag k="surface" v="asphalt"/>
  <tag k="tiger:cfcc" v="A41"/>
  <tag k="tiger:county" v="San Francisco, CA"/>
  <tag k="tiger:name_base" v="Morton"/>
  <tag k="tiger:name_type" v="St"/>
 </way>
 <way id="8917411" visible="true" version="7" changeset="141142029" timestamp="2023-09-12T04:33:41Z" user="dpaschich" uid="621202">
  <nd ref="65283442"/>
  <nd ref="65317261"/>
  <nd ref="1769694168"/>
  <nd ref="65317259"/>
  <nd ref="1769694157"/>
  <nd ref="65317258"/>
  <nd ref="1769694150"/>
  <nd ref="65317254"/>
  <nd ref="1769694151"/>
  <nd ref="65317252"/>
  <nd ref="1769694158"/>
  <nd ref="65317250"/>
  <nd ref="1769694164"/>
  <nd ref="65317247"/>
  <nd ref="1769694172"/>
  <nd ref="1769694179"/>
  <nd ref="65317245"/>
  <nd ref="1769694184"/>
  <nd ref="65317242"/>
  <nd ref="1769694193"/>
  <nd ref="65317238"/>
  <nd ref="65316958"/>
  <nd ref="369131351"/>
  <nd ref="65317236"/>
  <nd ref="65317233"/>
  <nd ref="65317231"/>
  <nd ref="65317229"/>
  <nd ref="65317227"/>
  <nd ref="65314622"/>
  <tag k="highway" v="residential"/>
  <tag k="name" v="Sibley Road"/>
  <tag k="name_1" v="Sibly Road"/>
  <tag k="oneway" v="yes"/>
  <tag k="tiger:cfcc" v="A41"/>
  <tag k="tiger:county" v="San Francisco, CA"/>
  <tag k="tiger:name_base" v="Sibley"/>
  <tag k="tiger:name_base_1" v="Sibly"/>
  <tag k="tiger:name_type" v="Rd"/>
  <tag k="tiger:name_type_1" v="Rd"/>
  <tag k="tiger:reviewed" v="no"/>
 </way>
 <way id="8917818" visible="true" version="5" changeset="11740644" timestamp="2012-05-29T18:01:21Z" user="Gregory Arenius" uid="116029">
  <nd ref="65301465"/>
  <nd ref="65325509"/>
  <nd ref="65325511"/>
  <nd ref="1769694188"/>
  <nd ref="65325514"/>
  <nd ref="65325518"/>
  <nd ref="65325522"/>
  <nd ref="65325524"/>
  <nd ref="65314607"/>
  <tag k="highway" v="residential"/>
  <tag k="name" v="Rodriguez Street"/>
  <tag k="oneway" v="yes"/>
  <tag k="tiger:cfcc" v="A41"/>
  <tag k="tiger:county" v="San Francisco, CA"/>
  <tag k="tiger:name_base" v="Rodriguez"/>
  <tag k="tiger:name_type" v="St"/>
  <tag k="tiger:separated" v="no"/>
  <tag k="tiger:tlid" v="192279202:192279204"/>
 </way>
 <way id="8917993" visible="true" version="14" changeset="155935884" timestamp="2024-08-29T15:57:15Z" user="VLD300" uid="16226524">
  <nd ref="613315053"/>
  <nd ref="12144504860"/>
  <nd ref="828416092"/>
  <nd ref="65326780"/>
  <nd ref="65326783"/>
  <nd ref="65326786"/>
  <nd ref="65326788"/>
  <nd ref="65314426"/>
  <tag k="highway" v="residential"/>
  <tag k="lit" v="no"/>
  <tag k="name" v="Simonds Loop"/>
  <tag k="name:etymology:wikidata" v="Q5544201"/>
  <tag k="sidewalk" v="left"/>
  <tag k="surface" v="asphalt"/>
  <tag k="tiger:cfcc" v="A41"/>
  <tag k="tiger:county" v="San Francisco, CA"/>
  <tag k="tiger:name_base" v="Simonds"/>
  <tag k="tiger:name_type" v="Loop"/>
 </way>
 <way id="8919729" visible="true" version="7" changeset="179723749" timestamp="2026-03-11T21:47:54Z" user="jumbanho" uid="38487">
  <nd ref="65283457"/>
  <nd ref="65346976"/>
  <nd ref="1769694196"/>
  <nd ref="1769694197"/>
  <nd ref="65346974"/>
  <nd ref="65346973"/>
  <nd ref="65346971"/>
  <nd ref="65346968"/>
  <nd ref="13148772043"/>
  <nd ref="65309495"/>
  <tag k="highway" v="residential"/>
  <tag k="name" v="Clarke Street"/>
  <tag k="oneway" v="yes"/>
  <tag k="surface" v="asphalt"/>
  <tag k="tiger:cfcc" v="A41"/>
  <tag k="tiger:county" v="San Francisco, CA"/>
  <tag k="tiger:name_base" v="Clark"/>
  <tag k="tiger:name_type" v="St"/>
  <tag k="tiger:reviewed" v="no"/>
 </way>
 <way id="8919811" visible="true" version="13" changeset="172052397" timestamp="2025-09-17T08:57:16Z" user="PedestrianMapping_TraceVeil" uid="23065794">
  <nd ref="65347882"/>
  <nd ref="13149073418"/>
  <nd ref="367076969"/>
  <nd ref="3704616825"/>
  <nd ref="65347885"/>
  <nd ref="65347889"/>
  <nd ref="65347891"/>
  <nd ref="65347896"/>
  <nd ref="65283666"/>
  <nd ref="65325530"/>
  <nd ref="65347897"/>
  <nd ref="369132506"/>
  <nd ref="1769694525"/>
  <nd ref="65301453"/>
  <nd ref="65284190"/>
  <nd ref="65346890"/>
  <nd ref="5428824717"/>
  <nd ref="5428824711"/>
  <tag k="highway" v="residential"/>
  <tag k="lanes" v="2"/>
  <tag k="name" v="MacArthur Avenue"/>
  <tag k="surface" v="asphalt"/>
  <tag k="tiger:cfcc" v="A41"/>
  <tag k="tiger:county" v="San Francisco, CA"/>
  <tag k="tiger:name_base" v="Macarthur"/>
  <tag k="tiger:name_type" v="Ave"/>
 </way>
 <way id="8920530" visible="true" version="13" changeset="169711843" timestamp="2025-07-30T10:09:58Z" user="democat" uid="20300551">
  <nd ref="65318410"/>
  <nd ref="355784974"/>
  <nd ref="13037033652"/>
  <nd ref="65342609"/>
  <tag k="highway" v="residential"/>
  <tag k="name" v="O'Reilly Avenue"/>
  <tag k="oneway" v="yes"/>
  <tag k="parking:left" v="lane"/>
  <tag k="parking:left:orientation" v="parallel"/>
 </way>
 <way id="8920639" visible="true" version="5" changeset="112018110" timestamp="2021-10-03T00:16:41Z" user="ZeLonewolf" uid="219297">
  <nd ref="65358430"/>
  <nd ref="65358433"/>
  <nd ref="65358438"/>
  <nd ref="65358441"/>
  <nd ref="65358443"/>
  <nd ref="65358444"/>
  <nd ref="65358446"/>
  <nd ref="65358448"/>
  <nd ref="65358449"/>
  <nd ref="65358451"/>
  <nd ref="65358453"/>
  <nd ref="65358456"/>
  <nd ref="65358460"/>
  <nd ref="65314447"/>
  <tag k="highway" v="residential"/>
  <tag k="name" v="Sherman Road"/>
  <tag k="sidewalk" v="no"/>
  <tag k="surface" v="asphalt"/>
  <tag k="tiger:cfcc" v="A41"/>
  <tag k="tiger:county" v="San Francisco, CA"/>
  <tag k="tiger:name_base" v="Sherman"/>
  <tag k="tiger:name_type" v="Rd"/>
 </way>
 <way id="8920946" visible="true" version="15" changeset="159796641" timestamp="2024-12-01T07:44:58Z" user="John Gilmore" uid="314930">
  <nd ref="65309270"/>
  <nd ref="3722672439"/>
  <nd ref="3722672447"/>
  <nd ref="65361854"/>
  <nd ref="3722672038"/>
  <nd ref="65361857"/>
  <nd ref="3722672075"/>
  <nd ref="65361858"/>
  <nd ref="3722672040"/>
  <nd ref="65361862"/>
  <nd ref="3722672113"/>
  <nd ref="8551871120"/>
  <nd ref="65361864"/>
  <nd ref="3722672089"/>
  <nd ref="3722672425"/>
  <nd ref="3722672077"/>
  <tag k="cycleway" v="lane"/>
  <tag k="highway" v="residential"/>
  <tag k="lcn_ref" v="4"/>
  <tag k="lit" v="yes"/>
  <tag k="name" v="Letterman Drive"/>
  <tag k="sidewalk" v="right"/>
  <tag k="surface" v="asphalt"/>
  <tag k="tiger:cfcc" v="A41"/>
  <tag k="tiger:county" v="San Francisco, CA"/>
  <tag k="tiger:name_base" v="Letterman"/>
  <tag k="tiger:name_type" v="Dr"/>
 </way>
 <way id="8922317" visible="true" version="15" changeset="177357999" timestamp="2026-01-18T02:13:10Z" user="DaveSchweisguth" uid="21613413">
  <nd ref="65361877"/>
  <nd ref="65373612"/>
  <tag k="highway" v="service"/>
  <tag k="oneway" v="yes"/>
  <tag k="service" v="driveway"/>
  <tag k="sidewalk" v="right"/>
  <tag k="tiger:county" v="San Francisco, CA"/>
 </way>
 <way id="8922881" visible="true" version="5" changeset="167144313" timestamp="2025-06-03T17:04:18Z" user="jhaluska80" uid="20446106">
  <nd ref="12883950453"/>
  <nd ref="65376024"/>
  <nd ref="65376029"/>
  <nd ref="65376031"/>
  <nd ref="65376039"/>
  <nd ref="65376044"/>
  <nd ref="65376101"/>
  <nd ref="65376058"/>
  <nd ref="65376060"/>
  <nd ref="12067130218"/>
  <nd ref="65376063"/>
  <nd ref="65376065"/>
  <nd ref="65376067"/>
  <nd ref="65376070"/>
  <nd ref="65376072"/>
  <tag k="highway" v="service"/>
  <tag k="name" v="Shafter Road"/>
  <tag k="surface" v="asphalt"/>
  <tag k="tiger:cfcc" v="A41"/>
  <tag k="tiger:county" v="San Francisco, CA"/>
  <tag k="tiger:name_base" v="Shafter"/>
  <tag k="tiger:name_type" v="Rd"/>
  <tag k="tiger:reviewed" v="no"/>
 </way>
 <way id="16646724" visible="true" version="14" changeset="169977467" timestamp="2025-08-04T21:29:43Z" user="ericw" uid="152959">
  <nd ref="171965456"/>
  <nd ref="10252826836"/>
  <nd ref="355784858"/>
  <nd ref="10252826837"/>
  <nd ref="171965457"/>
  <nd ref="5637989472"/>
  <nd ref="10252826828"/>
  <nd ref="10252826902"/>
  <nd ref="171965458"/>
  <nd ref="10252826901"/>
  <nd ref="10252826827"/>
  <nd ref="10252826900"/>
  <nd ref="5637989471"/>
  <nd ref="10252826899"/>
  <nd ref="10252826829"/>
  <nd ref="10252826898"/>
  <nd ref="171965460"/>
  <nd ref="10252826830"/>
  <nd ref="3065919084"/>
  <nd ref="10252826897"/>
  <nd ref="10252826831"/>
  <nd ref="10252826896"/>
  <nd ref="171965461"/>
  <nd ref="10252826895"/>
  <nd ref="10252826832"/>
  <nd ref="10252826894"/>
  <nd ref="171965462"/>
  <nd ref="10252826903"/>
  <nd ref="3065919083"/>
  <tag k="foot" v="yes"/>
  <tag k="highway" v="footway"/>
  <tag k="surface" v="asphalt"/>
 </way>
 <way id="26765716" visible="true" version="11" changeset="177357999" timestamp="2026-01-18T02:13:10Z" user="DaveSchweisguth" uid="21613413">
  <nd ref="65373612"/>
  <nd ref="5760414283"/>
  <nd ref="3722672107"/>
  <nd ref="3722672435"/>
  <nd ref="3722672443"/>
  <nd ref="3722672057"/>
  <tag k="highway" v="service"/>
  <tag k="oneway" v="no"/>
  <tag k="sidewalk" v="right"/>
 </way>
 <way id="26765718" visible="true" version="6" changeset="166314478" timestamp="2025-05-15T16:47:46Z" user="TheNightRider" uid="1968961">
  <nd ref="3722672057"/>
  <nd ref="3722672123"/>
  <nd ref="293576460"/>
  <nd ref="3722672115"/>
  <nd ref="3722672097"/>
  <tag k="highway" v="service"/>
  <tag k="note" v="Road to the 1500-stall underground parking garage."/>
  <tag k="sidewalk" v="left"/>
 </way>
 <way id="27041340" visible="true" version="19" changeset="175125040" timestamp="2025-11-25T19:24:48Z" user="VLD170" uid="11417369">
  <nd ref="5241967578"/>
  <nd ref="65363408"/>
  <nd ref="4009111048"/>
  <nd ref="4009111063"/>
  <nd ref="65363406"/>
  <nd ref="4009111013"/>
  <nd ref="3454073837"/>
  <nd ref="613315052"/>
  <nd ref="65363401"/>
  <nd ref="65363395"/>
  <nd ref="3454073841"/>
  <nd ref="613315050"/>
  <nd ref="4009111019"/>
  <tag k="cycleway" v="lane"/>
  <tag k="highway" v="tertiary"/>
  <tag k="lanes" v="3"/>
  <tag k="lanes:backward" v="2"/>
  <tag k="lanes:forward" v="1"/>
  <tag k="lcn_ref" v="55"/>
  <tag k="lit" v="yes"/>
  <tag k="name" v="Presidio Boulevard"/>
  <tag k="sidewalk:left" v="separate"/>
  <tag k="sidewalk:right" v="no"/>
  <tag k="surface" v="asphalt"/>
  <tag k="tiger:cfcc" v="A41"/>
  <tag k="tiger:county" v="San Francisco, CA"/>
  <tag k="tiger:name_base" v="Presidio"/>
  <tag k="tiger:name_type" v="Blvd"/>
 </way>
 <way id="27394332" visible="true" version="6" changeset="153425599" timestamp="2024-07-01T19:27:43Z" user="John Gilmore" uid="314930">
  <nd ref="8451935778"/>
  <nd ref="300726858"/>
  <nd ref="300726868"/>
  <tag k="highway" v="footway"/>
  <tag k="name" v="Lovers' Lane"/>
  <tag k="surface" v="asphalt"/>
 </way>
 <way id="30130628" visible="true" version="4" changeset="166678394" timestamp="2025-05-24T00:35:53Z" user="mapadu" uid="9755853">
  <nd ref="332031426"/>
  <nd ref="332031520"/>
  <nd ref="10252861388"/>
  <nd ref="332031521"/>
  <nd ref="5637989945"/>
  <nd ref="5637989930"/>
  <nd ref="332031522"/>
  <nd ref="10252861387"/>
  <nd ref="5637989943"/>
  <nd ref="332031523"/>
  <nd ref="5637989932"/>
  <nd ref="5637989939"/>
  <nd ref="332031524"/>
  <nd ref="5637989940"/>
  <nd ref="5637989933"/>
  <nd ref="5637989941"/>
  <nd ref="332031525"/>
  <nd ref="5637989942"/>
  <nd ref="5637989934"/>
  <nd ref="10252861386"/>
  <nd ref="332031526"/>
  <nd ref="5637989935"/>
  <nd ref="5637989936"/>
  <nd ref="332031527"/>
  <nd ref="5637989938"/>
  <nd ref="5637989937"/>
  <nd ref="10252861385"/>
  <nd ref="332031528"/>
  <nd ref="12859825221"/>
  <nd ref="332031529"/>
  <tag k="foot" v="yes"/>
  <tag k="highway" v="footway"/>
 </way>
 <way id="30130713" visible="true" version="2" changeset="124457626" timestamp="2022-08-04T01:09:02Z" user="user4816003805" uid="4186070">
  <nd ref="332032021"/>
  <nd ref="332032022"/>
  <nd ref="332032023"/>
  <nd ref="332032024"/>
  <nd ref="332032021"/>
  <tag k="amenity" v="parking"/>
  <tag k="created_by" v="Potlatch 0.10f"/>
  <tag k="parking" v="surface"/>
 </way>
 <way id="30130726" visible="true" version="10" changeset="168105137" timestamp="2025-06-25T17:16:25Z" user="VLD282" uid="21556038">
  <nd ref="12859825282"/>
  <nd ref="12952288532"/>
  <nd ref="5241967557"/>
  <nd ref="12952288533"/>
  <nd ref="332032191"/>
  <nd ref="5241967575"/>
  <nd ref="332032192"/>
  <nd ref="332032195"/>
  <nd ref="332032197"/>
  <nd ref="332032199"/>
  <nd ref="332032202"/>
  <nd ref="12952297141"/>
  <nd ref="12952297140"/>
  <nd ref="332032204"/>
  <nd ref="332032206"/>
  <nd ref="12952297142"/>
  <nd ref="332032208"/>
  <nd ref="332032210"/>
  <nd ref="12859825276"/>
  <nd ref="12952297139"/>
  <nd ref="842953279"/>
  <nd ref="12952297138"/>
  <tag k="foot" v="yes"/>
  <tag k="highway" v="footway"/>
 </way>
 <way id="30130728" visible="true" version="4" changeset="101533652" timestamp="2021-03-22T23:42:54Z" user="jnmiller" uid="2733735">
  <nd ref="332032197"/>
  <nd ref="829661482"/>
  <nd ref="8551871121"/>
  <nd ref="8551871122"/>
  <nd ref="8551871123"/>
  <tag k="foot" v="yes"/>
  <tag k="highway" v="footway"/>
 </way>
 <way id="30831529" visible="true" version="20" changeset="172052397" timestamp="2025-09-17T08:57:16Z" user="PedestrianMapping_TraceVeil" uid="23065794">
  <nd ref="65340630"/>
  <nd ref="8451935757"/>
  <nd ref="5241902012"/>
  <nd ref="8451935768"/>
  <nd ref="65363476"/>
  <nd ref="65363477"/>
  <nd ref="8451935780"/>
  <nd ref="65286623"/>
  <nd ref="7221708809"/>
  <nd ref="65363481"/>
  <nd ref="13149073419"/>
  <nd ref="65347882"/>
  <nd ref="8419775651"/>
  <nd ref="5424774866"/>
  <nd ref="65363490"/>
  <nd ref="65363493"/>
  <nd ref="8551871021"/>
  <nd ref="65309270"/>
  <tag k="highway" v="residential"/>
  <tag k="lit" v="yes"/>
  <tag k="name" v="Presidio Boulevard"/>
  <tag k="surface" v="asphalt"/>
  <tag k="tiger:cfcc" v="A41"/>
  <tag k="tiger:county" v="San Francisco, CA"/>
  <tag k="tiger:name_base" v="Presidio"/>
  <tag k="tiger:name_type" v="Blvd"/>
 </way>
 <way id="30831533" visible="true" version="25" changeset="173042900" timestamp="2025-10-09T10:39:37Z" user="PedestrianMapping_CartoBypass" uid="23065539">
  <nd ref="613315053"/>
  <nd ref="65309488"/>
  <nd ref="6918895970"/>
  <nd ref="12292750222"/>
  <nd ref="4009111052"/>
  <nd ref="5080086119"/>
  <nd ref="4009111016"/>
  <nd ref="4009111046"/>
  <nd ref="65326852"/>
  <nd ref="4009111014"/>
  <nd ref="65363420"/>
  <nd ref="4009111036"/>
  <nd ref="4009111005"/>
  <nd ref="4009111058"/>
  <nd ref="4009111039"/>
  <nd ref="65363422"/>
  <nd ref="4009111033"/>
  <nd ref="65363426"/>
  <nd ref="5321012522"/>
  <nd ref="65363424"/>
  <nd ref="4009111059"/>
  <nd ref="12883950429"/>
  <nd ref="4009111044"/>
  <nd ref="4009111028"/>
  <nd ref="65363427"/>
  <nd ref="65363428"/>
  <nd ref="4009111035"/>
  <nd ref="4009111055"/>
  <nd ref="4009111049"/>
  <nd ref="65363429"/>
  <nd ref="4009111061"/>
  <nd ref="65363431"/>
  <nd ref="4009111037"/>
  <nd ref="4009111026"/>
  <nd ref="4009111006"/>
  <nd ref="4009111010"/>
  <nd ref="4009111023"/>
  <nd ref="4009111034"/>
  <nd ref="65363433"/>
  <nd ref="4009111031"/>
  <nd ref="65363436"/>
  <nd ref="4009111054"/>
  <nd ref="65363437"/>
  <nd ref="4009111003"/>
  <nd ref="65363439"/>
  <nd ref="4009111040"/>
  <nd ref="65363442"/>
  <nd ref="4009111032"/>
  <nd ref="4009111020"/>
  <nd ref="65363445"/>
  <nd ref="65363448"/>
  <nd ref="65363451"/>
  <nd ref="4009111042"/>
  <nd ref="4009111041"/>
  <nd ref="4009111025"/>
  <nd ref="4009111051"/>
  <nd ref="65363455"/>
  <nd ref="4009111056"/>
  <nd ref="4009111053"/>
  <nd ref="65314056"/>
  <nd ref="65363457"/>
  <nd ref="65360444"/>
  <nd ref="4009111029"/>
  <nd ref="4009111024"/>
  <nd ref="342569296"/>
  <nd ref="342569297"/>
  <nd ref="4009111011"/>
  <tag k="cycleway:left" v="shared_lane"/>
  <tag k="cycleway:left:lane" v="pictogram"/>
  <tag k="cycleway:right" v="lane"/>
  <tag k="highway" v="tertiary"/>
  <tag k="lanes" v="2"/>
  <tag k="lcn_ref" v="55"/>
  <tag k="lit" v="yes"/>
  <tag k="maxspeed" v="25 mph"/>
  <tag k="name" v="Presidio Boulevard"/>
  <tag k="surface" v="asphalt"/>
  <tag k="tiger:cfcc" v="A41"/>
  <tag k="tiger:county" v="San Francisco, CA"/>
  <tag k="tiger:name_base" v="Presidio"/>
  <tag k="tiger:name_type" v="Blvd"/>
 </way>
 <way id="31779943" visible="true" version="12" changeset="185760130" timestamp="2026-07-15T04:53:37Z" user="ReturnOfCactusJ" uid="20556719">
  <nd ref="10252855770"/>
  <nd ref="332031529"/>
  <nd ref="171964769"/>
  <nd ref="12859825267"/>
  <nd ref="355785031"/>
  <nd ref="355785032"/>
  <nd ref="355785033"/>
  <nd ref="332031368"/>
  <nd ref="10252861382"/>
  <nd ref="10252826906"/>
  <nd ref="355785034"/>
  <nd ref="10252826907"/>
  <nd ref="355785035"/>
  <nd ref="10252855715"/>
  <nd ref="355785036"/>
  <nd ref="10252855716"/>
  <nd ref="12952764718"/>
  <tag k="bicycle" v="no"/>
  <tag k="highway" v="footway"/>
 </way>
 <way id="31779976" visible="true" version="9" changeset="172044136" timestamp="2025-09-17T05:23:14Z" user="PedestrianMapping_TraceVeil" uid="23065794">
  <nd ref="65288552"/>
  <nd ref="12859825228"/>
  <nd ref="355786218"/>
  <nd ref="13148796017"/>
  <nd ref="65288554"/>
  <tag k="highway" v="residential"/>
  <tag k="name" v="General Kennedy Avenue"/>
  <tag k="oneway" v="yes"/>
  <tag k="parking:left" v="no"/>
  <tag k="parking:right" v="lane"/>
  <tag k="parking:right:orientation" v="parallel"/>
 </way>
 <way id="31779977" visible="true" version="7" changeset="172044136" timestamp="2025-09-17T05:23:14Z" user="PedestrianMapping_TraceVeil" uid="23065794">
  <nd ref="65288554"/>
  <nd ref="13148796018"/>
  <nd ref="355786326"/>
  <nd ref="828411483"/>
  <nd ref="13037019295"/>
  <nd ref="355786327"/>
  <tag k="highway" v="residential"/>
  <tag k="name" v="General Kennedy Avenue"/>
  <tag k="oneway" v="yes"/>
  <tag k="parking:left" v="no"/>
  <tag k="parking:right" v="lane"/>
  <tag k="parking:right:orientation" v="parallel"/>
 </way>
 <way id="32651216" visible="true" version="9" changeset="168114538" timestamp="2025-06-25T22:23:28Z" user="VLD299" uid="22891835">
  <nd ref="8551871086"/>
  <nd ref="367073666"/>
  <nd ref="367073667"/>
  <nd ref="367073669"/>
  <nd ref="367073670"/>
  <nd ref="367073671"/>
  <nd ref="367073672"/>
  <nd ref="367073673"/>
  <nd ref="367073996"/>
  <nd ref="842953287"/>
  <nd ref="367073997"/>
  <nd ref="842953291"/>
  <nd ref="367073862"/>
  <nd ref="8551871109"/>
  <nd ref="8551871110"/>
  <nd ref="8551871111"/>
  <nd ref="367073998"/>
  <nd ref="367073999"/>
  <nd ref="367074000"/>
  <nd ref="367074001"/>
  <nd ref="367073671"/>
  <tag k="foot" v="yes"/>
  <tag k="highway" v="footway"/>
 </way>
 <way id="32651238" visible="true" version="3" changeset="101533652" timestamp="2021-03-22T23:42:54Z" user="jnmiller" uid="2733735">
  <nd ref="367073673"/>
  <nd ref="8551871118"/>
  <nd ref="8551871117"/>
  <nd ref="367073674"/>
  <nd ref="367073675"/>
  <nd ref="8551871059"/>
  <tag k="foot" v="yes"/>
  <tag k="highway" v="footway"/>
 </way>
 <way id="32651243" visible="true" version="3" changeset="101533652" timestamp="2021-03-22T23:42:54Z" user="jnmiller" uid="2733735">
  <nd ref="367073673"/>
  <nd ref="8551871112"/>
  <nd ref="367073806"/>
  <nd ref="8551871113"/>
  <nd ref="8551854616"/>
  <nd ref="8551871114"/>
  <tag k="foot" v="yes"/>
  <tag k="highway" v="footway"/>
 </way>
 <way id="32651256" visible="true" version="6" changeset="158867807" timestamp="2024-11-07T18:36:47Z" user="ericspellman" uid="19361972">
  <nd ref="367073862"/>
  <nd ref="8551871108"/>
  <nd ref="8551871107"/>
  <nd ref="367073863"/>
  <nd ref="8551871106"/>
  <nd ref="367073864"/>
  <nd ref="5241967561"/>
  <tag k="foot" v="yes"/>
  <tag k="highway" v="footway"/>
  <tag k="surface" v="asphalt"/>
 </way>
 <way id="32651274" visible="true" version="5" changeset="129955977" timestamp="2022-12-11T09:18:43Z" user="spughetti" uid="16155068">
  <nd ref="293576002"/>
  <nd ref="367074045"/>
  <nd ref="367074046"/>
  <nd ref="367074048"/>
  <nd ref="65361877"/>
  <tag k="foot" v="yes"/>
  <tag k="highway" v="footway"/>
  <tag k="lit" v="yes"/>
  <tag k="surface" v="paving_stones"/>
 </way>
 <way id="32651413" visible="true" version="4" changeset="155695691" timestamp="2024-08-24T13:13:50Z" user="spughetti" uid="16155068">
  <nd ref="367074905"/>
  <nd ref="367074909"/>
  <nd ref="367074913"/>
  <nd ref="367074916"/>
  <nd ref="367074905"/>
  <tag k="addr:housenumber" v="534"/>
  <tag k="addr:street" v="Simonds Loop"/>
  <tag k="building" v="yes"/>
  <tag k="height" v="9"/>
  <tag k="roof:colour" v="red"/>
  <tag k="roof:shape" v="hipped"/>
 </way>
 <way id="32651424" visible="true" version="4" changeset="155695691" timestamp="2024-08-24T13:13:50Z" user="spughetti" uid="16155068">
  <nd ref="367074993"/>
  <nd ref="367074994"/>
  <nd ref="367074995"/>
  <nd ref="367074997"/>
  <nd ref="367074993"/>
  <tag k="addr:housenumber" v="535"/>
  <tag k="addr:street" v="Simonds Loop"/>
  <tag k="building" v="yes"/>
  <tag k="height" v="9"/>
  <tag k="roof:colour" v="red"/>
  <tag k="roof:shape" v="hipped"/>
 </way>
 <way id="32651429" visible="true" version="4" changeset="155695691" timestamp="2024-08-24T13:13:50Z" user="spughetti" uid="16155068">
  <nd ref="367075023"/>
  <nd ref="367075025"/>
  <nd ref="367075026"/>
  <nd ref="367075027"/>
  <nd ref="367075023"/>
  <tag k="addr:housenumber" v="536"/>
  <tag k="addr:street" v="Simonds Loop"/>
  <tag k="building" v="yes"/>
  <tag k="height" v="9"/>
  <tag k="roof:colour" v="red"/>
  <tag k="roof:shape" v="hipped"/>
 </way>
 <way id="32651435" visible="true" version="5" changeset="87774779" timestamp="2020-07-09T16:16:30Z" user="Yury_Yatsynovich_--_OSM_Imports" uid="11362402">
  <nd ref="367075099"/>
  <nd ref="367075100"/>
  <nd ref="367075101"/>
  <nd ref="367075102"/>
  <nd ref="367075099"/>
  <tag k="addr:housenumber" v="537"/>
  <tag k="addr:street" v="Simonds Loop"/>
  <tag k="building" v="yes"/>
  <tag k="height" v="9"/>
  <tag k="roof:colour" v="red"/>
  <tag k="roof:shape" v="hipped"/>
 </way>
 <way id="32651439" visible="true" version="5" changeset="87774779" timestamp="2020-07-09T16:16:30Z" user="Yury_Yatsynovich_--_OSM_Imports" uid="11362402">
  <nd ref="367075138"/>
  <nd ref="367075139"/>
  <nd ref="367075140"/>
  <nd ref="367075141"/>
  <nd ref="367075138"/>
  <tag k="addr:housenumber" v="538"/>
  <tag k="addr:street" v="Simonds Loop"/>
  <tag k="building" v="yes"/>
  <tag k="height" v="8"/>
  <tag k="roof:colour" v="red"/>
  <tag k="roof:shape" v="hipped"/>
 </way>
 <way id="32651449" visible="true" version="5" changeset="87774779" timestamp="2020-07-09T16:16:30Z" user="Yury_Yatsynovich_--_OSM_Imports" uid="11362402">
  <nd ref="367075200"/>
  <nd ref="367075202"/>
  <nd ref="367075204"/>
  <nd ref="367075205"/>
  <nd ref="367075200"/>
  <tag k="addr:housenumber" v="539"/>
  <tag k="addr:street" v="Simonds Loop"/>
  <tag k="building" v="yes"/>
  <tag k="height" v="9"/>
  <tag k="roof:colour" v="red"/>
  <tag k="roof:shape" v="hipped"/>
 </way>
 <way id="32651650" visible="true" version="5" changeset="175089021" timestamp="2025-11-24T23:32:47Z" user="VLD170" uid="11417369">
  <nd ref="613315058"/>
  <nd ref="367077313"/>
  <nd ref="367076957"/>
  <nd ref="13329303961"/>
  <nd ref="367076959"/>
  <nd ref="13329303963"/>
  <nd ref="367076962"/>
  <nd ref="13329303962"/>
  <nd ref="367076964"/>
  <tag k="foot" v="yes"/>
  <tag k="highway" v="footway"/>
 </way>
 <way id="32651669" visible="true" version="4" changeset="175089021" timestamp="2025-11-24T23:32:47Z" user="VLD170" uid="11417369">
  <nd ref="367077215"/>
  <nd ref="367077221"/>
  <nd ref="842953261"/>
  <nd ref="13329303948"/>
  <nd ref="367077223"/>
  <nd ref="613315051"/>
  <tag k="foot" v="yes"/>
  <tag k="highway" v="footway"/>
 </way>
 <way id="32651911" visible="true" version="6" changeset="129955449" timestamp="2022-12-11T08:51:26Z" user="spughetti" uid="16155068">
  <nd ref="10252769608"/>
  <nd ref="10252769607"/>
  <nd ref="10252835911"/>
  <nd ref="10252835910"/>
  <nd ref="10252835909"/>
  <nd ref="10252835912"/>
  <nd ref="10252835913"/>
  <nd ref="10252835914"/>
  <nd ref="10252835919"/>
  <nd ref="10252835915"/>
  <nd ref="10252769606"/>
  <nd ref="10252835917"/>
  <nd ref="10252835916"/>
  <nd ref="10252835918"/>
  <nd ref="10252769605"/>
  <nd ref="10252835920"/>
  <nd ref="10252769604"/>
  <nd ref="10252835924"/>
  <nd ref="10252835922"/>
  <nd ref="10252835928"/>
  <nd ref="10252835925"/>
  <nd ref="10252835927"/>
  <nd ref="10252835921"/>
  <nd ref="10252835929"/>
  <nd ref="10252835923"/>
  <nd ref="10252835926"/>
  <nd ref="10252769603"/>
  <nd ref="10252769602"/>
  <nd ref="10252835931"/>
  <nd ref="10252835930"/>
  <nd ref="10252769601"/>
  <nd ref="10252835934"/>
  <nd ref="10252835933"/>
  <nd ref="10252835935"/>
  <nd ref="10252835932"/>
  <nd ref="10252769600"/>
  <nd ref="10252835937"/>
  <nd ref="10252835936"/>
  <nd ref="10252769599"/>
  <nd ref="10252769598"/>
  <nd ref="10252835940"/>
  <nd ref="10252835938"/>
  <nd ref="10252835939"/>
  <nd ref="10252769597"/>
  <nd ref="10252769596"/>
  <nd ref="10252769595"/>
  <nd ref="10252835941"/>
  <nd ref="10252835944"/>
  <nd ref="10252835943"/>
  <nd ref="10252835945"/>
  <nd ref="10252769594"/>
  <nd ref="10252835946"/>
  <nd ref="10252835942"/>
  <nd ref="10252835947"/>
  <nd ref="10252769593"/>
  <nd ref="10252835948"/>
  <nd ref="10252769592"/>
  <nd ref="10252835949"/>
  <nd ref="10252769591"/>
  <nd ref="10252835950"/>
  <nd ref="10252769590"/>
  <nd ref="10252769589"/>
  <nd ref="367079723"/>
  <nd ref="10252769579"/>
  <tag k="waterway" v="stream"/>
 </way>
 <way id="32652594" visible="true" version="2" changeset="100878125" timestamp="2021-03-12T05:18:50Z" user="jnmiller" uid="2733735">
  <nd ref="367090265"/>
  <nd ref="367090266"/>
  <nd ref="367090267"/>
  <nd ref="367090268"/>
  <nd ref="367090269"/>
  <nd ref="8509078779"/>
  <nd ref="8509078781"/>
  <nd ref="8509078783"/>
  <nd ref="8509078780"/>
  <nd ref="367090270"/>
  <nd ref="367090271"/>
  <nd ref="8509078785"/>
  <nd ref="367090272"/>
  <nd ref="8509078784"/>
  <nd ref="367090265"/>
  <tag k="amenity" v="parking"/>
  <tag k="area" v="yes"/>
 </way>
 <way id="32774905" visible="true" version="4" changeset="33698583" timestamp="2015-08-31T09:09:09Z" user="KindredCoda" uid="14293">
  <nd ref="369130291"/>
  <nd ref="369130292"/>
  <nd ref="3722672102"/>
  <nd ref="3722672111"/>
  <nd ref="3722672429"/>
  <nd ref="369130293"/>
  <nd ref="369130294"/>
  <nd ref="369130295"/>
  <nd ref="369130296"/>
  <nd ref="369130297"/>
  <nd ref="3722672087"/>
  <nd ref="369130298"/>
  <nd ref="369130291"/>
  <tag k="amenity" v="parking"/>
  <tag k="area" v="yes"/>
 </way>
 <way id="32775112" visible="true" version="3" changeset="47002323" timestamp="2017-03-20T05:53:48Z" user="nyuriks" uid="339581">
  <nd ref="369131646"/>
  <nd ref="369131647"/>
  <nd ref="369131648"/>
  <nd ref="369131649"/>
  <nd ref="369131646"/>
  <tag k="leisure" v="pitch"/>
  <tag k="name" v="Morton Street Field"/>
  <tag k="sport" v="soccer"/>
 </way>
 <way id="32775130" visible="true" version="3" changeset="153374310" timestamp="2024-06-30T15:26:10Z" user="AliveInColma" uid="21280879">
  <nd ref="369131756"/>
  <nd ref="369131758"/>
  <nd ref="369131759"/>
  <nd ref="369131760"/>
  <nd ref="5427642728"/>
  <nd ref="369131756"/>
  <tag k="amenity" v="parking"/>
  <tag k="parking" v="surface"/>
 </way>
 <way id="32775166" visible="true" version="2" changeset="153374310" timestamp="2024-06-30T15:26:10Z" user="AliveInColma" uid="21280879">
  <nd ref="369132115"/>
  <nd ref="369132116"/>
  <nd ref="369132117"/>
  <nd ref="369132118"/>
  <nd ref="369132115"/>
  <tag k="amenity" v="parking"/>
  <tag k="parking" v="surface"/>
 </way>
 <way id="32775171" visible="true" version="3" changeset="104919253" timestamp="2021-05-19T00:35:11Z" user="espenh" uid="1239687">
  <nd ref="369132307"/>
  <nd ref="369132308"/>
  <nd ref="369132309"/>
  <nd ref="369132310"/>
  <nd ref="369132307"/>
  <tag k="access" v="private"/>
  <tag k="amenity" v="parking"/>
  <tag k="area" v="yes"/>
  <tag k="created_by" v="Potlatch 0.10f"/>
  <tag k="parking" v="street_side"/>
 </way>
 <way id="32775182" visible="true" version="5" changeset="153425599" timestamp="2024-07-01T19:27:53Z" user="John Gilmore" uid="314930">
  <nd ref="369132506"/>
  <nd ref="369132507"/>
  <nd ref="6064793569"/>
  <tag k="foot" v="yes"/>
  <tag k="highway" v="footway"/>
  <tag k="surface" v="concrete"/>
  <tag k="width" v="2 feet"/>
 </way>
 <way id="48268183" visible="true" version="4" changeset="153425599" timestamp="2024-07-01T19:28:09Z" user="John Gilmore" uid="314930">
  <nd ref="65301461"/>
  <nd ref="65295619"/>
  <nd ref="65295645"/>
  <nd ref="613315049"/>
  <nd ref="65301465"/>
  <tag k="highway" v="residential"/>
  <tag k="name" v="Portola Street"/>
  <tag k="oneway" v="yes"/>
  <tag k="surface" v="asphalt"/>
  <tag k="tiger:cfcc" v="A41"/>
  <tag k="tiger:county" v="San Francisco, CA"/>
  <tag k="tiger:name_base" v="Portola"/>
  <tag k="tiger:name_type" v="St"/>
 </way>
 <way id="69020085" visible="true" version="6" changeset="146356024" timestamp="2024-01-17T09:57:54Z" user="ZeLonewolf" uid="219297">
  <nd ref="828416030"/>
  <nd ref="828416031"/>
  <nd ref="828416032"/>
  <nd ref="828416033"/>
  <nd ref="828416030"/>
  <tag k="addr:housenumber" v="63"/>
  <tag k="addr:street" v="Funston Avenue"/>
  <tag k="brand" v="YMCA"/>
  <tag k="brand:wikidata" v="Q157169"/>
  <tag k="building" v="yes"/>
  <tag k="height" v="8"/>
  <tag k="leisure" v="sports_centre"/>
  <tag k="name" v="Presidio YMCA"/>
 </way>
 <way id="69020086" visible="true" version="2" changeset="56524066" timestamp="2018-02-20T15:36:45Z" user="Irina Karachevtseva" uid="5288591">
  <nd ref="332786694"/>
  <nd ref="828416034"/>
  <nd ref="828416035"/>
  <nd ref="828416036"/>
  <nd ref="828416037"/>
  <tag k="highway" v="service"/>
  <tag k="oneway" v="yes"/>
  <tag k="service" v="parking_aisle"/>
 </way>
 <way id="69020088" visible="true" version="1" changeset="5283752" timestamp="2010-07-22T02:50:40Z" user="rabbitface" uid="321578">
  <nd ref="332786692"/>
  <nd ref="828416035"/>
  <tag k="highway" v="service"/>
  <tag k="service" v="parking_aisle"/>
 </way>
 <way id="69020096" visible="true" version="5" changeset="172044136" timestamp="2025-09-17T05:23:14Z" user="PedestrianMapping_TraceVeil" uid="23065794">
  <nd ref="65318397"/>
  <nd ref="13148796019"/>
  <nd ref="842953229"/>
  <nd ref="828416082"/>
  <tag k="highway" v="service"/>
  <tag k="surface" v="asphalt"/>
 </way>
 <way id="69020100" visible="true" version="7" changeset="167144313" timestamp="2025-06-03T17:04:18Z" user="jhaluska80" uid="20446106">
  <nd ref="65326828"/>
  <nd ref="828416089"/>
  <nd ref="12883950454"/>
  <nd ref="828416090"/>
  <nd ref="828416091"/>
  <nd ref="65326789"/>
  <tag k="foot" v="yes"/>
  <tag k="handrail" v="no"/>
  <tag k="highway" v="steps"/>
  <tag k="incline" v="down"/>
  <tag k="lit" v="no"/>
  <tag k="ramp" v="no"/>
  <tag k="surface" v="paving_stones"/>
 </way>
 <way id="69020101" visible="true" version="8" changeset="167144313" timestamp="2025-06-03T17:04:18Z" user="jhaluska80" uid="20446106">
  <nd ref="12292750222"/>
  <nd ref="828416093"/>
  <nd ref="828416094"/>
  <nd ref="12883950444"/>
  <nd ref="12292750223"/>
  <nd ref="828416095"/>
  <nd ref="12883950443"/>
  <nd ref="828416096"/>
  <nd ref="12883950442"/>
  <nd ref="12883950445"/>
  <nd ref="828416097"/>
  <nd ref="65326840"/>
  <tag k="foot" v="yes"/>
  <tag k="handrail" v="no"/>
  <tag k="highway" v="steps"/>
  <tag k="incline" v="up"/>
  <tag k="lit" v="no"/>
  <tag k="ramp" v="no"/>
  <tag k="surface" v="paving_stones"/>
 </way>
 <way id="69020102" visible="true" version="13" changeset="186839573" timestamp="2026-08-02T22:47:15Z" user="John Gilmore" uid="314930">
  <nd ref="8451935782"/>
  <nd ref="2706006982"/>
  <nd ref="4037897635"/>
  <nd ref="4009111030"/>
  <nd ref="4009111000"/>
  <nd ref="4009111015"/>
  <nd ref="1769694103"/>
  <nd ref="4009111050"/>
  <nd ref="1469069162"/>
  <nd ref="332787270"/>
  <nd ref="332787268"/>
  <nd ref="332787266"/>
  <nd ref="65314068"/>
  <nd ref="4009111045"/>
  <nd ref="4009111012"/>
  <nd ref="828416098"/>
  <nd ref="4009111009"/>
  <nd ref="4009111017"/>
  <nd ref="5321012525"/>
  <nd ref="13148772044"/>
  <tag k="foot" v="yes"/>
  <tag k="highway" v="footway"/>
  <tag k="name" v="Lovers' Lane"/>
  <tag k="surface" v="asphalt"/>
 </way>
 <way id="69200140" visible="true" version="4" changeset="87774779" timestamp="2020-07-09T16:16:30Z" user="Yury_Yatsynovich_--_OSM_Imports" uid="11362402">
  <nd ref="829661469"/>
  <nd ref="829661471"/>
  <nd ref="829661473"/>
  <nd ref="829661475"/>
  <nd ref="829661469"/>
  <tag k="addr:housenumber" v="67"/>
  <tag k="addr:street" v="Martinez Street"/>
  <tag k="building" v="yes"/>
  <tag k="height" v="7"/>
 </way>
 <way id="69200143" visible="true" version="7" changeset="101533652" timestamp="2021-03-22T23:42:54Z" user="jnmiller" uid="2733735">
  <nd ref="8551871049"/>
  <nd ref="829661484"/>
  <nd ref="829661485"/>
  <nd ref="829661486"/>
  <nd ref="829661487"/>
  <nd ref="8551871022"/>
  <nd ref="8551871018"/>
  <tag k="foot" v="yes"/>
  <tag k="highway" v="footway"/>
 </way>
 <way id="70656340" visible="true" version="2" changeset="175089021" timestamp="2025-11-24T23:32:47Z" user="VLD170" uid="11417369">
  <nd ref="13329303941"/>
  <nd ref="613315058"/>
  <tag k="foot" v="yes"/>
  <tag k="highway" v="steps"/>
 </way>
 <way id="70656341" visible="true" version="2" changeset="166678394" timestamp="2025-05-24T00:35:53Z" user="mapadu" uid="9755853">
  <nd ref="367076957"/>
  <nd ref="367077215"/>
  <tag k="access" v="yes"/>
  <tag k="covered" v="no"/>
  <tag k="foot" v="yes"/>
  <tag k="handrail" v="yes"/>
  <tag k="highway" v="steps"/>
  <tag k="incline" v="down"/>
  <tag k="indoor" v="no"/>
  <tag k="surface" v="concrete"/>
 </way>
 <way id="70656342" visible="true" version="1" changeset="5377432" timestamp="2010-08-02T06:36:05Z" user="rabbitface" uid="321578">
  <nd ref="367076959"/>
  <nd ref="367077221"/>
  <tag k="foot" v="yes"/>
  <tag k="highway" v="steps"/>
 </way>
 <way id="70656343" visible="true" version="5" changeset="175089021" timestamp="2025-11-24T23:32:47Z" user="VLD170" uid="11417369">
  <nd ref="13329303957"/>
  <nd ref="842953116"/>
  <nd ref="13329303958"/>
  <nd ref="842953119"/>
  <nd ref="13329303960"/>
  <nd ref="13329303959"/>
  <nd ref="842953121"/>
  <nd ref="842953122"/>
  <nd ref="367076964"/>
  <tag k="foot" v="yes"/>
  <tag k="handrail" v="no"/>
  <tag k="highway" v="steps"/>
  <tag k="incline" v="up"/>
  <tag k="surface" v="rock"/>
 </way>
 <way id="70656344" visible="true" version="3" changeset="116527395" timestamp="2022-01-24T07:15:56Z" user="willkmis" uid="11523236">
  <nd ref="300726868"/>
  <nd ref="842953237"/>
  <tag k="bridge" v="yes"/>
  <tag k="highway" v="footway"/>
  <tag k="name" v="Lovers' Lane Bridge"/>
  <tag k="surface" v="wood"/>
 </way>
 <way id="84788982" visible="true" version="2" changeset="167144313" timestamp="2025-06-03T17:04:18Z" user="jhaluska80" uid="20446106">
  <nd ref="12883950438"/>
  <nd ref="984567729"/>
  <nd ref="984567731"/>
  <nd ref="984567733"/>
  <nd ref="984567736"/>
  <nd ref="12883950437"/>
  <nd ref="12883950435"/>
  <nd ref="12883950430"/>
  <nd ref="12883950436"/>
  <nd ref="65376019"/>
  <nd ref="984567745"/>
  <tag k="barrier" v="fence"/>
 </way>
 <way id="133376112" visible="true" version="10" changeset="158867873" timestamp="2024-11-07T18:39:35Z" user="ericspellman" uid="19361972">
  <nd ref="65361886"/>
  <nd ref="4025590920"/>
  <nd ref="3722672036"/>
  <nd ref="65364369"/>
  <nd ref="3722672093"/>
  <nd ref="65364364"/>
  <nd ref="65364360"/>
  <nd ref="3722672086"/>
  <nd ref="65364357"/>
  <nd ref="65364353"/>
  <nd ref="3722672091"/>
  <nd ref="65364349"/>
  <nd ref="3722672068"/>
  <nd ref="3722672063"/>
  <nd ref="342563796"/>
  <nd ref="3722672104"/>
  <nd ref="3722672049"/>
  <nd ref="5241967569"/>
  <tag k="cycleway" v="lane"/>
  <tag k="highway" v="tertiary"/>
  <tag k="lanes" v="2"/>
  <tag k="lit" v="yes"/>
  <tag k="name" v="Lombard Street"/>
  <tag k="name:etymology:wikidata" v="Q15242635"/>
  <tag k="sidewalk:left" v="no"/>
  <tag k="sidewalk:right" v="separate"/>
  <tag k="surface" v="asphalt"/>
  <tag k="tiger:cfcc" v="A41"/>
  <tag k="tiger:county" v="San Francisco, CA"/>
  <tag k="tiger:name_base" v="Lombard"/>
  <tag k="tiger:name_type" v="St"/>
 </way>
 <way id="288352520" visible="true" version="3" changeset="87774779" timestamp="2020-07-09T16:16:32Z" user="Yury_Yatsynovich_--_OSM_Imports" uid="11362402">
  <nd ref="2919104939"/>
  <nd ref="2919104947"/>
  <nd ref="2919104946"/>
  <nd ref="2919104961"/>
  <nd ref="2919104963"/>
  <nd ref="2919104967"/>
  <nd ref="2919104968"/>
  <nd ref="2919104964"/>
  <nd ref="2919104966"/>
  <nd ref="2919104959"/>
  <nd ref="2919104960"/>
  <nd ref="2919104952"/>
  <nd ref="2919104951"/>
  <nd ref="2919104950"/>
  <nd ref="2919104949"/>
  <nd ref="2919104942"/>
  <nd ref="2919104939"/>
  <tag k="addr:housenumber" v="752"/>
  <tag k="addr:street" v="Portola Street"/>
  <tag k="building" v="yes"/>
  <tag k="height" v="8"/>
 </way>
 <way id="288352522" visible="true" version="3" changeset="87774779" timestamp="2020-07-09T16:16:32Z" user="Yury_Yatsynovich_--_OSM_Imports" uid="11362402">
  <nd ref="2919104962"/>
  <nd ref="2919104965"/>
  <nd ref="2919104957"/>
  <nd ref="2919104958"/>
  <nd ref="2919104941"/>
  <nd ref="2919104940"/>
  <nd ref="2919104936"/>
  <nd ref="2919104935"/>
  <nd ref="2919104938"/>
  <nd ref="2919104937"/>
  <nd ref="2919104944"/>
  <nd ref="2919104943"/>
  <nd ref="2919104953"/>
  <nd ref="2919104954"/>
  <nd ref="2919104955"/>
  <nd ref="2919104956"/>
  <nd ref="2919104962"/>
  <tag k="addr:housenumber" v="753"/>
  <tag k="addr:street" v="Portola Street"/>
  <tag k="building" v="yes"/>
  <tag k="height" v="9"/>
 </way>
 <way id="288352523" visible="true" version="3" changeset="87774779" timestamp="2020-07-09T16:16:32Z" user="Yury_Yatsynovich_--_OSM_Imports" uid="11362402">
  <nd ref="2919104999"/>
  <nd ref="2919105000"/>
  <nd ref="2919104997"/>
  <nd ref="2919104998"/>
  <nd ref="2919104991"/>
  <nd ref="2919104992"/>
  <nd ref="2919104984"/>
  <nd ref="2919104983"/>
  <nd ref="2919104982"/>
  <nd ref="2919104981"/>
  <nd ref="2919104976"/>
  <nd ref="2919104973"/>
  <nd ref="2919104980"/>
  <nd ref="2919104979"/>
  <nd ref="2919104994"/>
  <nd ref="2919104995"/>
  <nd ref="2919104999"/>
  <tag k="addr:housenumber" v="750"/>
  <tag k="addr:street" v="Portola Street"/>
  <tag k="building" v="yes"/>
  <tag k="height" v="8"/>
 </way>
 <way id="288352525" visible="true" version="3" changeset="87774779" timestamp="2020-07-09T16:16:32Z" user="Yury_Yatsynovich_--_OSM_Imports" uid="11362402">
  <nd ref="2919104993"/>
  <nd ref="2919104996"/>
  <nd ref="2919104989"/>
  <nd ref="2919104990"/>
  <nd ref="2919104975"/>
  <nd ref="2919104974"/>
  <nd ref="2919104970"/>
  <nd ref="2919104969"/>
  <nd ref="2919104972"/>
  <nd ref="2919104971"/>
  <nd ref="2919104978"/>
  <nd ref="2919104977"/>
  <nd ref="2919104985"/>
  <nd ref="2919104986"/>
  <nd ref="2919104987"/>
  <nd ref="2919104988"/>
  <nd ref="2919104993"/>
  <tag k="addr:housenumber" v="751"/>
  <tag k="addr:street" v="Portola Street"/>
  <tag k="building" v="yes"/>
  <tag k="height" v="9"/>
 </way>
 <way id="288352530" visible="true" version="3" changeset="87774779" timestamp="2020-07-09T16:16:32Z" user="Yury_Yatsynovich_--_OSM_Imports" uid="11362402">
  <nd ref="2919105169"/>
  <nd ref="2919105176"/>
  <nd ref="2919105175"/>
  <nd ref="2919105186"/>
  <nd ref="2919105183"/>
  <nd ref="2919105191"/>
  <nd ref="2919105192"/>
  <nd ref="2919105199"/>
  <nd ref="2919105196"/>
  <nd ref="2919105301"/>
  <nd ref="2919105302"/>
  <nd ref="2919105303"/>
  <nd ref="2919105304"/>
  <nd ref="2919105312"/>
  <nd ref="2919105313"/>
  <nd ref="2919105317"/>
  <nd ref="2919105318"/>
  <nd ref="2919105315"/>
  <nd ref="2919105316"/>
  <nd ref="2919105309"/>
  <nd ref="2919105310"/>
  <nd ref="2919105188"/>
  <nd ref="2919105187"/>
  <nd ref="2919105178"/>
  <nd ref="2919105177"/>
  <nd ref="2919105172"/>
  <nd ref="2919105169"/>
  <tag k="addr:housenumber" v="746"/>
  <tag k="addr:street" v="Portola Street"/>
  <tag k="building" v="yes"/>
  <tag k="height" v="8"/>
 </way>
 <way id="288352531" visible="true" version="3" changeset="87774779" timestamp="2020-07-09T16:16:32Z" user="Yury_Yatsynovich_--_OSM_Imports" uid="11362402">
  <nd ref="2919105157"/>
  <nd ref="2919105160"/>
  <nd ref="2919105151"/>
  <nd ref="2919105152"/>
  <nd ref="2919105142"/>
  <nd ref="2919105144"/>
  <nd ref="2919105139"/>
  <nd ref="2919105141"/>
  <nd ref="2919105133"/>
  <nd ref="2919105131"/>
  <nd ref="2919105125"/>
  <nd ref="2919105128"/>
  <nd ref="2919105122"/>
  <nd ref="2919105121"/>
  <nd ref="2919105120"/>
  <nd ref="2919105118"/>
  <nd ref="2919105109"/>
  <nd ref="2919105108"/>
  <nd ref="2919105104"/>
  <nd ref="2919105103"/>
  <nd ref="2919105106"/>
  <nd ref="2919105105"/>
  <nd ref="2919105113"/>
  <nd ref="2919105112"/>
  <nd ref="2919105137"/>
  <nd ref="2919105138"/>
  <nd ref="2919105149"/>
  <nd ref="2919105150"/>
  <nd ref="2919105157"/>
  <tag k="addr:housenumber" v="749"/>
  <tag k="addr:street" v="Portola Street"/>
  <tag k="building" v="yes"/>
  <tag k="height" v="8"/>
 </way>
 <way id="288352532" visible="true" version="3" changeset="87774779" timestamp="2020-07-09T16:16:32Z" user="Yury_Yatsynovich_--_OSM_Imports" uid="11362402">
  <nd ref="2919105311"/>
  <nd ref="2919105314"/>
  <nd ref="2919105307"/>
  <nd ref="2919105308"/>
  <nd ref="2919105197"/>
  <nd ref="2919105200"/>
  <nd ref="2919105194"/>
  <nd ref="2919105198"/>
  <nd ref="2919105190"/>
  <nd ref="2919105189"/>
  <nd ref="2919105184"/>
  <nd ref="2919105185"/>
  <nd ref="2919105182"/>
  <nd ref="2919105181"/>
  <nd ref="2919105180"/>
  <nd ref="2919105179"/>
  <nd ref="2919105171"/>
  <nd ref="2919105170"/>
  <nd ref="2919105166"/>
  <nd ref="2919105165"/>
  <nd ref="2919105168"/>
  <nd ref="2919105167"/>
  <nd ref="2919105174"/>
  <nd ref="2919105173"/>
  <nd ref="2919105193"/>
  <nd ref="2919105195"/>
  <nd ref="2919105305"/>
  <nd ref="2919105306"/>
  <nd ref="2919105311"/>
  <tag k="addr:housenumber" v="747"/>
  <tag k="addr:street" v="Portola Street"/>
  <tag k="building" v="yes"/>
  <tag k="height" v="9"/>
 </way>
 <way id="288352533" visible="true" version="3" changeset="87774779" timestamp="2020-07-09T16:16:32Z" user="Yury_Yatsynovich_--_OSM_Imports" uid="11362402">
  <nd ref="2919105370"/>
  <nd ref="2919105373"/>
  <nd ref="2919105366"/>
  <nd ref="2919105367"/>
  <nd ref="2919105357"/>
  <nd ref="2919105358"/>
  <nd ref="2919105354"/>
  <nd ref="2919105356"/>
  <nd ref="2919105349"/>
  <nd ref="2919105347"/>
  <nd ref="2919105341"/>
  <nd ref="2919105343"/>
  <nd ref="2919105337"/>
  <nd ref="2919105336"/>
  <nd ref="2919105335"/>
  <nd ref="2919105332"/>
  <nd ref="2919105325"/>
  <nd ref="2919105324"/>
  <nd ref="2919105320"/>
  <nd ref="2919105319"/>
  <nd ref="2919105322"/>
  <nd ref="2919105321"/>
  <nd ref="2919105328"/>
  <nd ref="2919105327"/>
  <nd ref="2919105352"/>
  <nd ref="2919105353"/>
  <nd ref="2919105364"/>
  <nd ref="2919105365"/>
  <nd ref="2919105370"/>
  <tag k="addr:housenumber" v="745"/>
  <tag k="addr:street" v="Portola Street"/>
  <tag k="building" v="yes"/>
  <tag k="height" v="8"/>
 </way>
 <way id="288352534" visible="true" version="3" changeset="87774779" timestamp="2020-07-09T16:16:32Z" user="Yury_Yatsynovich_--_OSM_Imports" uid="11362402">
  <nd ref="2919105505"/>
  <nd ref="2919105506"/>
  <nd ref="2919105503"/>
  <nd ref="2919105504"/>
  <nd ref="2919105398"/>
  <nd ref="2919105400"/>
  <nd ref="2919105396"/>
  <nd ref="2919105399"/>
  <nd ref="2919105394"/>
  <nd ref="2919105393"/>
  <nd ref="2919105391"/>
  <nd ref="2919105392"/>
  <nd ref="2919105390"/>
  <nd ref="2919105389"/>
  <nd ref="2919105388"/>
  <nd ref="2919105387"/>
  <nd ref="2919105384"/>
  <nd ref="2919105383"/>
  <nd ref="2919105380"/>
  <nd ref="2919105379"/>
  <nd ref="2919105382"/>
  <nd ref="2919105381"/>
  <nd ref="2919105386"/>
  <nd ref="2919105385"/>
  <nd ref="2919105395"/>
  <nd ref="2919105397"/>
  <nd ref="2919105501"/>
  <nd ref="2919105502"/>
  <nd ref="2919105505"/>
  <tag k="addr:housenumber" v="743"/>
  <tag k="addr:street" v="Portola Street"/>
  <tag k="building" v="yes"/>
  <tag k="height" v="9"/>
 </way>
 <way id="288352535" visible="true" version="3" changeset="87774779" timestamp="2020-07-09T16:16:32Z" user="Yury_Yatsynovich_--_OSM_Imports" uid="11362402">
  <nd ref="2919105163"/>
  <nd ref="2919105164"/>
  <nd ref="2919105161"/>
  <nd ref="2919105162"/>
  <nd ref="2919105154"/>
  <nd ref="2919105156"/>
  <nd ref="2919105153"/>
  <nd ref="2919105155"/>
  <nd ref="2919105134"/>
  <nd ref="2919105132"/>
  <nd ref="2919105130"/>
  <nd ref="2919105129"/>
  <nd ref="2919105119"/>
  <nd ref="2919105117"/>
  <nd ref="2919105110"/>
  <nd ref="2919105107"/>
  <nd ref="2919105116"/>
  <nd ref="2919105115"/>
  <nd ref="2919105126"/>
  <nd ref="2919105123"/>
  <nd ref="2919105127"/>
  <nd ref="2919105124"/>
  <nd ref="2919105135"/>
  <nd ref="2919105136"/>
  <nd ref="2919105143"/>
  <nd ref="2919105140"/>
  <nd ref="2919105145"/>
  <nd ref="2919105146"/>
  <nd ref="2919105147"/>
  <nd ref="2919105148"/>
  <nd ref="2919105158"/>
  <nd ref="2919105159"/>
  <nd ref="2919105163"/>
  <tag k="addr:housenumber" v="748"/>
  <tag k="addr:street" v="Portola Street"/>
  <tag k="building" v="yes"/>
  <tag k="height" v="8"/>
 </way>
 <way id="288352536" visible="true" version="3" changeset="87774779" timestamp="2020-07-09T16:16:32Z" user="Yury_Yatsynovich_--_OSM_Imports" uid="11362402">
  <nd ref="2919105377"/>
  <nd ref="2919105378"/>
  <nd ref="2919105374"/>
  <nd ref="2919105375"/>
  <nd ref="2919105376"/>
  <nd ref="2919105368"/>
  <nd ref="2919105369"/>
  <nd ref="2919105348"/>
  <nd ref="2919105346"/>
  <nd ref="2919105345"/>
  <nd ref="2919105344"/>
  <nd ref="2919105334"/>
  <nd ref="2919105333"/>
  <nd ref="2919105331"/>
  <nd ref="2919105326"/>
  <nd ref="2919105323"/>
  <nd ref="2919105330"/>
  <nd ref="2919105329"/>
  <nd ref="2919105340"/>
  <nd ref="2919105338"/>
  <nd ref="2919105342"/>
  <nd ref="2919105339"/>
  <nd ref="2919105350"/>
  <nd ref="2919105351"/>
  <nd ref="2919105359"/>
  <nd ref="2919105355"/>
  <nd ref="2919105360"/>
  <nd ref="2919105361"/>
  <nd ref="2919105362"/>
  <nd ref="2919105363"/>
  <nd ref="2919105371"/>
  <nd ref="2919105372"/>
  <nd ref="2919105377"/>
  <tag k="addr:housenumber" v="744"/>
  <tag k="addr:street" v="Portola Street"/>
  <tag k="building" v="yes"/>
  <tag k="height" v="8"/>
 </way>
 <way id="288352537" visible="true" version="2" changeset="87774779" timestamp="2020-07-09T16:16:32Z" user="Yury_Yatsynovich_--_OSM_Imports" uid="11362402">
  <nd ref="2919105111"/>
  <nd ref="2919105114"/>
  <nd ref="2919105102"/>
  <nd ref="2919105101"/>
  <nd ref="2919105111"/>
  <tag k="addr:housenumber" v="763"/>
  <tag k="addr:street" v="Rodriguez Street"/>
  <tag k="building" v="yes"/>
 </way>
 <way id="288352539" visible="true" version="3" changeset="87774779" timestamp="2020-07-09T16:16:32Z" user="Yury_Yatsynovich_--_OSM_Imports" uid="11362402">
  <nd ref="2919104945"/>
  <nd ref="2919104948"/>
  <nd ref="2919104923"/>
  <nd ref="2919104920"/>
  <nd ref="2919104945"/>
  <tag k="addr:housenumber" v="762"/>
  <tag k="addr:street" v="Rodriguez Street"/>
  <tag k="building" v="yes"/>
  <tag k="height" v="3"/>
 </way>
 <way id="288353469" visible="true" version="3" changeset="87774779" timestamp="2020-07-09T16:16:32Z" user="Yury_Yatsynovich_--_OSM_Imports" uid="11362402">
  <nd ref="2919115702"/>
  <nd ref="2919115592"/>
  <nd ref="2919115591"/>
  <nd ref="2919115594"/>
  <nd ref="2919115593"/>
  <nd ref="2919115595"/>
  <nd ref="2919115596"/>
  <nd ref="2919115598"/>
  <nd ref="2919115597"/>
  <nd ref="2919115599"/>
  <nd ref="2919115600"/>
  <nd ref="2919115701"/>
  <nd ref="2919115702"/>
  <tag k="addr:housenumber" v="780"/>
  <tag k="addr:street" v="Sanches Street"/>
  <tag k="building" v="yes"/>
  <tag k="height" v="6"/>
 </way>
 <way id="288353470" visible="true" version="3" changeset="87774779" timestamp="2020-07-09T16:16:32Z" user="Yury_Yatsynovich_--_OSM_Imports" uid="11362402">
  <nd ref="2919115731"/>
  <nd ref="2919115732"/>
  <nd ref="2919115729"/>
  <nd ref="2919115730"/>
  <nd ref="2919115725"/>
  <nd ref="2919115726"/>
  <nd ref="2919115716"/>
  <nd ref="2919115715"/>
  <nd ref="2919115714"/>
  <nd ref="2919115712"/>
  <nd ref="2919115708"/>
  <nd ref="2919115707"/>
  <nd ref="2919115704"/>
  <nd ref="2919115703"/>
  <nd ref="2919115706"/>
  <nd ref="2919115705"/>
  <nd ref="2919115710"/>
  <nd ref="2919115709"/>
  <nd ref="2919115713"/>
  <nd ref="2919115711"/>
  <nd ref="2919115717"/>
  <nd ref="2919115718"/>
  <nd ref="2919115720"/>
  <nd ref="2919115719"/>
  <nd ref="2919115721"/>
  <nd ref="2919115722"/>
  <nd ref="2919115723"/>
  <nd ref="2919115724"/>
  <nd ref="2919115727"/>
  <nd ref="2919115728"/>
  <nd ref="2919115731"/>
  <tag k="addr:housenumber" v="742"/>
  <tag k="addr:street" v="Portola Street"/>
  <tag k="building" v="yes"/>
  <tag k="height" v="8"/>
 </way>
 <way id="288358687" visible="true" version="3" changeset="87774779" timestamp="2020-07-09T16:16:32Z" user="Yury_Yatsynovich_--_OSM_Imports" uid="11362402">
  <nd ref="2919177130"/>
  <nd ref="2919177128"/>
  <nd ref="2919177129"/>
  <nd ref="2919177125"/>
  <nd ref="2919177127"/>
  <nd ref="2919177123"/>
  <nd ref="2919177122"/>
  <nd ref="2919177117"/>
  <nd ref="2919177113"/>
  <nd ref="2919177112"/>
  <nd ref="2919177108"/>
  <nd ref="2919177110"/>
  <nd ref="2919177107"/>
  <nd ref="2919177111"/>
  <nd ref="2919177109"/>
  <nd ref="2919177116"/>
  <nd ref="2919177118"/>
  <nd ref="2919177121"/>
  <nd ref="2919177124"/>
  <nd ref="2919177126"/>
  <nd ref="2919177130"/>
  <tag k="addr:housenumber" v="715"/>
  <tag k="addr:street" v="Liggett Avenue"/>
  <tag k="building" v="yes"/>
  <tag k="height" v="8"/>
 </way>
 <way id="288358702" visible="true" version="1" changeset="22970948" timestamp="2014-06-16T19:20:24Z" user="Rub21" uid="510836">
  <nd ref="2919177120"/>
  <nd ref="2919177119"/>
  <nd ref="2919177114"/>
  <nd ref="2919177115"/>
  <nd ref="2919177120"/>
  <tag k="building" v="yes"/>
 </way>
 <way id="288360343" visible="true" version="4" changeset="155695691" timestamp="2024-08-24T13:13:50Z" user="spughetti" uid="16155068">
  <nd ref="2919193590"/>
  <nd ref="2919193591"/>
  <nd ref="2919193588"/>
  <nd ref="2919193589"/>
  <nd ref="2919193583"/>
  <nd ref="2919193582"/>
  <nd ref="2919193581"/>
  <nd ref="2919193580"/>
  <nd ref="2919193585"/>
  <nd ref="2919193584"/>
  <nd ref="2919193586"/>
  <nd ref="2919193587"/>
  <nd ref="2919193590"/>
  <tag k="addr:housenumber" v="540"/>
  <tag k="addr:street" v="Presidio Boulevard"/>
  <tag k="building" v="yes"/>
  <tag k="height" v="8"/>
  <tag k="roof:colour" v="red"/>
  <tag k="roof:shape" v="hipped"/>
 </way>
 <way id="288360356" visible="true" version="7" changeset="179723726" timestamp="2026-03-11T21:45:12Z" user="jumbanho" uid="38487">
  <nd ref="2919193579"/>
  <nd ref="2919193578"/>
  <nd ref="2919193577"/>
  <nd ref="2919193576"/>
  <nd ref="2919193574"/>
  <nd ref="2919193575"/>
  <nd ref="2919193571"/>
  <nd ref="2919193570"/>
  <nd ref="2919193568"/>
  <nd ref="2919193569"/>
  <nd ref="2919193564"/>
  <nd ref="2919193565"/>
  <nd ref="2919193579"/>
  <tag k="addr:housenumber" v="777"/>
  <tag k="addr:street" v="Morton Street"/>
  <tag k="addr:unit" v="A;B;C;D"/>
  <tag k="building" v="terrace"/>
  <tag k="building:levels" v="1"/>
  <tag k="height" v="5"/>
  <tag k="roof:levels" v="0"/>
  <tag k="roof:shape" v="gabled"/>
 </way>
 <way id="288360364" visible="true" version="4" changeset="155695691" timestamp="2024-08-24T13:13:50Z" user="spughetti" uid="16155068">
  <nd ref="2919193268"/>
  <nd ref="2919193256"/>
  <nd ref="2919193259"/>
  <nd ref="2919193258"/>
  <nd ref="2919193260"/>
  <nd ref="2919193255"/>
  <nd ref="2919193257"/>
  <nd ref="2919193262"/>
  <nd ref="2919193264"/>
  <nd ref="2919193261"/>
  <nd ref="2919193263"/>
  <nd ref="2919193265"/>
  <nd ref="2919193266"/>
  <nd ref="2919193267"/>
  <nd ref="2919193269"/>
  <nd ref="2919193280"/>
  <nd ref="2919193276"/>
  <nd ref="2919193279"/>
  <nd ref="2919193271"/>
  <nd ref="2919193270"/>
  <nd ref="2919193268"/>
  <tag k="addr:housenumber" v="514"/>
  <tag k="addr:street" v="Simonds Loop"/>
  <tag k="building" v="yes"/>
  <tag k="height" v="8"/>
  <tag k="roof:colour" v="red"/>
  <tag k="roof:shape" v="hipped"/>
 </way>
 <way id="288360367" visible="true" version="4" changeset="155695691" timestamp="2024-08-24T13:13:50Z" user="spughetti" uid="16155068">
  <nd ref="2919193287"/>
  <nd ref="2919193273"/>
  <nd ref="2919193277"/>
  <nd ref="2919193274"/>
  <nd ref="2919193278"/>
  <nd ref="2919193272"/>
  <nd ref="2919193275"/>
  <nd ref="2919193282"/>
  <nd ref="2919193284"/>
  <nd ref="2919193281"/>
  <nd ref="2919193283"/>
  <nd ref="2919193285"/>
  <nd ref="2919193286"/>
  <nd ref="2919193289"/>
  <nd ref="2919193291"/>
  <nd ref="2919193505"/>
  <nd ref="2919193502"/>
  <nd ref="2919193503"/>
  <nd ref="2919193292"/>
  <nd ref="2919193290"/>
  <nd ref="2919193287"/>
  <tag k="addr:housenumber" v="513"/>
  <tag k="addr:street" v="Simonds Loop"/>
  <tag k="building" v="yes"/>
  <tag k="height" v="8"/>
  <tag k="roof:colour" v="red"/>
  <tag k="roof:shape" v="hipped"/>
 </way>
 <way id="288360370" visible="true" version="4" changeset="155695691" timestamp="2024-08-24T13:13:50Z" user="spughetti" uid="16155068">
  <nd ref="2919193529"/>
  <nd ref="2919193525"/>
  <nd ref="2919193527"/>
  <nd ref="2919193514"/>
  <nd ref="2919193513"/>
  <nd ref="2919193510"/>
  <nd ref="2919193295"/>
  <nd ref="2919193297"/>
  <nd ref="2919193296"/>
  <nd ref="2919193298"/>
  <nd ref="2919193293"/>
  <nd ref="2919193294"/>
  <nd ref="2919193501"/>
  <nd ref="2919193504"/>
  <nd ref="2919193299"/>
  <nd ref="2919193300"/>
  <nd ref="2919193506"/>
  <nd ref="2919193507"/>
  <nd ref="2919193508"/>
  <nd ref="2919193509"/>
  <nd ref="2919193529"/>
  <tag k="addr:housenumber" v="512"/>
  <tag k="addr:street" v="Simonds Loop"/>
  <tag k="building" v="yes"/>
  <tag k="height" v="8"/>
  <tag k="roof:colour" v="red"/>
  <tag k="roof:shape" v="hipped"/>
 </way>
 <way id="288360373" visible="true" version="4" changeset="155695691" timestamp="2024-08-24T13:13:50Z" user="spughetti" uid="16155068">
  <nd ref="2919193556"/>
  <nd ref="2919193555"/>
  <nd ref="2919193557"/>
  <nd ref="2919193554"/>
  <nd ref="2919193553"/>
  <nd ref="2919193552"/>
  <nd ref="2919193535"/>
  <nd ref="2919193538"/>
  <nd ref="2919193534"/>
  <nd ref="2919193537"/>
  <nd ref="2919193530"/>
  <nd ref="2919193531"/>
  <nd ref="2919193539"/>
  <nd ref="2919193542"/>
  <nd ref="2919193533"/>
  <nd ref="2919193536"/>
  <nd ref="2919193543"/>
  <nd ref="2919193545"/>
  <nd ref="2919193547"/>
  <nd ref="2919193548"/>
  <nd ref="2919193556"/>
  <tag k="addr:housenumber" v="510"/>
  <tag k="addr:street" v="Simonds Loop"/>
  <tag k="building" v="yes"/>
  <tag k="height" v="9"/>
  <tag k="roof:colour" v="red"/>
  <tag k="roof:shape" v="hipped"/>
 </way>
 <way id="288360376" visible="true" version="4" changeset="155695691" timestamp="2024-08-24T13:13:50Z" user="spughetti" uid="16155068">
  <nd ref="2919193550"/>
  <nd ref="2919193549"/>
  <nd ref="2919193551"/>
  <nd ref="2919193546"/>
  <nd ref="2919193544"/>
  <nd ref="2919193541"/>
  <nd ref="2919193516"/>
  <nd ref="2919193520"/>
  <nd ref="2919193517"/>
  <nd ref="2919193519"/>
  <nd ref="2919193511"/>
  <nd ref="2919193512"/>
  <nd ref="2919193521"/>
  <nd ref="2919193522"/>
  <nd ref="2919193515"/>
  <nd ref="2919193518"/>
  <nd ref="2919193523"/>
  <nd ref="2919193524"/>
  <nd ref="2919193526"/>
  <nd ref="2919193528"/>
  <nd ref="2919193550"/>
  <tag k="addr:housenumber" v="511"/>
  <tag k="addr:street" v="Simonds Loop"/>
  <tag k="building" v="yes"/>
  <tag k="height" v="8"/>
  <tag k="roof:colour" v="red"/>
  <tag k="roof:shape" v="hipped"/>
 </way>
 <way id="288360379" visible="true" version="3" changeset="87774779" timestamp="2020-07-09T16:16:32Z" user="Yury_Yatsynovich_--_OSM_Imports" uid="11362402">
  <nd ref="2919193572"/>
  <nd ref="2919193573"/>
  <nd ref="2919193567"/>
  <nd ref="2919193566"/>
  <nd ref="2919193572"/>
  <tag k="addr:housenumber" v="705"/>
  <tag k="addr:street" v="Rodriguez Street"/>
  <tag k="building" v="yes"/>
  <tag k="height" v="4"/>
 </way>
 <way id="288360384" visible="true" version="6" changeset="179723726" timestamp="2026-03-11T21:45:52Z" user="jumbanho" uid="38487">
  <nd ref="2919193562"/>
  <nd ref="2919193532"/>
  <nd ref="2919193540"/>
  <nd ref="2919193563"/>
  <nd ref="2919193562"/>
  <tag k="addr:housenumber" v="779"/>
  <tag k="addr:street" v="Morton Street"/>
  <tag k="building" v="terrace"/>
  <tag k="building:levels" v="1"/>
  <tag k="height" v="5"/>
  <tag k="roof:levels" v="0"/>
  <tag k="roof:shape" v="gabled"/>
 </way>
 <way id="288360386" visible="true" version="1" changeset="22971118" timestamp="2014-06-16T19:28:32Z" user="Rub21" uid="510836">
  <nd ref="2919193561"/>
  <nd ref="2919193560"/>
  <nd ref="2919193558"/>
  <nd ref="2919193559"/>
  <nd ref="2919193561"/>
  <tag k="building" v="yes"/>
 </way>
 <way id="288361183" visible="true" version="5" changeset="181684151" timestamp="2026-04-22T17:31:22Z" user="DaveSchweisguth" uid="21613413">
  <nd ref="2919198612"/>
  <nd ref="2919198594"/>
  <nd ref="2919198583"/>
  <nd ref="2919198589"/>
  <nd ref="2919198584"/>
  <nd ref="2919198596"/>
  <nd ref="2919198612"/>
  <tag k="addr:housenumber" v="558"/>
  <tag k="addr:street" v="Presidio Boulevard"/>
  <tag k="building" v="yes"/>
  <tag k="height" v="5"/>
  <tag k="name" v="Presidio Residential Leasing"/>
 </way>
 <way id="288361184" visible="true" version="5" changeset="155695691" timestamp="2024-08-24T13:13:50Z" user="spughetti" uid="16155068">
  <nd ref="2919198605"/>
  <nd ref="2919198585"/>
  <nd ref="2919198587"/>
  <nd ref="2919198586"/>
  <nd ref="2919198588"/>
  <nd ref="2919198591"/>
  <nd ref="2919198593"/>
  <nd ref="2919198597"/>
  <nd ref="2919198598"/>
  <nd ref="2919198613"/>
  <nd ref="2919198605"/>
  <tag k="addr:housenumber" v="549"/>
  <tag k="addr:street" v="Presidio Boulevard"/>
  <tag k="building" v="yes"/>
  <tag k="height" v="9"/>
  <tag k="roof:colour" v="red"/>
  <tag k="roof:shape" v="hipped"/>
 </way>
 <way id="288361185" visible="true" version="5" changeset="155695691" timestamp="2024-08-24T13:13:50Z" user="spughetti" uid="16155068">
  <nd ref="2919198543"/>
  <nd ref="2919198537"/>
  <nd ref="2919198534"/>
  <nd ref="2919198536"/>
  <nd ref="2919198535"/>
  <nd ref="2919198538"/>
  <nd ref="2919198539"/>
  <nd ref="2919198540"/>
  <nd ref="2919198541"/>
  <nd ref="2919198542"/>
  <nd ref="2919198543"/>
  <tag k="addr:housenumber" v="545"/>
  <tag k="addr:street" v="Presidio Boulevard"/>
  <tag k="building" v="yes"/>
  <tag k="height" v="9"/>
  <tag k="roof:colour" v="red"/>
  <tag k="roof:shape" v="hipped"/>
 </way>
 <way id="288361186" visible="true" version="5" changeset="155695691" timestamp="2024-08-24T13:13:50Z" user="spughetti" uid="16155068">
  <nd ref="2919198531"/>
  <nd ref="2919198533"/>
  <nd ref="2919198528"/>
  <nd ref="2919198529"/>
  <nd ref="2919198522"/>
  <nd ref="2919198521"/>
  <nd ref="2919198519"/>
  <nd ref="2919198518"/>
  <nd ref="2919198524"/>
  <nd ref="2919198523"/>
  <nd ref="2919198526"/>
  <nd ref="2919198527"/>
  <nd ref="2919198531"/>
  <tag k="addr:housenumber" v="544"/>
  <tag k="addr:street" v="Presidio Boulevard"/>
  <tag k="building" v="yes"/>
  <tag k="height" v="8"/>
  <tag k="roof:colour" v="red"/>
  <tag k="roof:shape" v="hipped"/>
 </way>
 <way id="288361187" visible="true" version="5" changeset="87774779" timestamp="2020-07-09T16:16:32Z" user="Yury_Yatsynovich_--_OSM_Imports" uid="11362402">
  <nd ref="2919198294"/>
  <nd ref="2919198292"/>
  <nd ref="2919198288"/>
  <nd ref="2919198286"/>
  <nd ref="2919198281"/>
  <nd ref="2919198282"/>
  <nd ref="2919198280"/>
  <nd ref="2919198283"/>
  <nd ref="2919198287"/>
  <nd ref="2919198289"/>
  <nd ref="2919198291"/>
  <nd ref="2919198290"/>
  <nd ref="2919198294"/>
  <tag k="addr:housenumber" v="541"/>
  <tag k="addr:street" v="Presidio Boulevard"/>
  <tag k="building" v="yes"/>
  <tag k="height" v="8"/>
  <tag k="roof:colour" v="red"/>
  <tag k="roof:shape" v="hipped"/>
 </way>
 <way id="288361188" visible="true" version="5" changeset="87774779" timestamp="2020-07-09T16:16:32Z" user="Yury_Yatsynovich_--_OSM_Imports" uid="11362402">
  <nd ref="2919198505"/>
  <nd ref="2919198501"/>
  <nd ref="2919198300"/>
  <nd ref="2919198297"/>
  <nd ref="2919198298"/>
  <nd ref="2919198296"/>
  <nd ref="2919198299"/>
  <nd ref="2919198502"/>
  <nd ref="2919198503"/>
  <nd ref="2919198506"/>
  <nd ref="2919198504"/>
  <nd ref="2919198507"/>
  <nd ref="2919198505"/>
  <tag k="addr:housenumber" v="542"/>
  <tag k="addr:street" v="Presidio Boulevard"/>
  <tag k="building" v="yes"/>
  <tag k="height" v="8"/>
  <tag k="roof:colour" v="red"/>
  <tag k="roof:shape" v="hipped"/>
 </way>
 <way id="288361189" visible="true" version="5" changeset="87774779" timestamp="2020-07-09T16:16:32Z" user="Yury_Yatsynovich_--_OSM_Imports" uid="11362402">
  <nd ref="2919198621"/>
  <nd ref="2919198617"/>
  <nd ref="2919198624"/>
  <nd ref="2919198618"/>
  <nd ref="2919198615"/>
  <nd ref="2919198614"/>
  <nd ref="2919198600"/>
  <nd ref="2919198603"/>
  <nd ref="2919198599"/>
  <nd ref="2919198601"/>
  <nd ref="2919198606"/>
  <nd ref="2919198610"/>
  <nd ref="2919198621"/>
  <tag k="addr:housenumber" v="550"/>
  <tag k="addr:street" v="Presidio Boulevard"/>
  <tag k="building" v="yes"/>
  <tag k="height" v="9"/>
  <tag k="roof:colour" v="red"/>
  <tag k="roof:shape" v="hipped"/>
 </way>
 <way id="288361190" visible="true" version="5" changeset="87774779" timestamp="2020-07-09T16:16:32Z" user="Yury_Yatsynovich_--_OSM_Imports" uid="11362402">
  <nd ref="2919198559"/>
  <nd ref="2919198557"/>
  <nd ref="2919198558"/>
  <nd ref="2919198552"/>
  <nd ref="2919198550"/>
  <nd ref="2919198547"/>
  <nd ref="2919198544"/>
  <nd ref="2919198549"/>
  <nd ref="2919198548"/>
  <nd ref="2919198551"/>
  <nd ref="2919198553"/>
  <nd ref="2919198556"/>
  <nd ref="2919198559"/>
  <tag k="addr:housenumber" v="546"/>
  <tag k="addr:street" v="Presidio Boulevard"/>
  <tag k="building" v="yes"/>
  <tag k="height" v="8"/>
  <tag k="roof:colour" v="red"/>
  <tag k="roof:shape" v="hipped"/>
 </way>
 <way id="288361191" visible="true" version="5" changeset="87774779" timestamp="2020-07-09T16:16:32Z" user="Yury_Yatsynovich_--_OSM_Imports" uid="11362402">
  <nd ref="2919198622"/>
  <nd ref="2919198611"/>
  <nd ref="2919198609"/>
  <nd ref="2919198604"/>
  <nd ref="2919198602"/>
  <nd ref="2919198608"/>
  <nd ref="2919198607"/>
  <nd ref="2919198616"/>
  <nd ref="2919198619"/>
  <nd ref="2919198623"/>
  <nd ref="2919198625"/>
  <nd ref="2919198620"/>
  <nd ref="2919198622"/>
  <tag k="addr:housenumber" v="551"/>
  <tag k="addr:street" v="Presidio Boulevard"/>
  <tag k="building" v="yes"/>
  <tag k="height" v="9"/>
  <tag k="roof:colour" v="red"/>
  <tag k="roof:shape" v="hipped"/>
 </way>
 <way id="288361192" visible="true" version="5" changeset="87774779" timestamp="2020-07-09T16:16:32Z" user="Yury_Yatsynovich_--_OSM_Imports" uid="11362402">
  <nd ref="2919198581"/>
  <nd ref="2919198595"/>
  <nd ref="2919198590"/>
  <nd ref="2919198592"/>
  <nd ref="2919198582"/>
  <nd ref="2919198579"/>
  <nd ref="2919198577"/>
  <nd ref="2919198568"/>
  <nd ref="2919198574"/>
  <nd ref="2919198572"/>
  <nd ref="2919198575"/>
  <nd ref="2919198576"/>
  <nd ref="2919198581"/>
  <tag k="addr:housenumber" v="548"/>
  <tag k="addr:street" v="Presidio Boulevard"/>
  <tag k="building" v="yes"/>
  <tag k="height" v="8"/>
  <tag k="roof:colour" v="red"/>
  <tag k="roof:shape" v="hipped"/>
 </way>
 <way id="288361193" visible="true" version="5" changeset="87774779" timestamp="2020-07-09T16:16:32Z" user="Yury_Yatsynovich_--_OSM_Imports" uid="11362402">
  <nd ref="2919198517"/>
  <nd ref="2919198513"/>
  <nd ref="2919198509"/>
  <nd ref="2919198511"/>
  <nd ref="2919198517"/>
  <tag k="addr:housenumber" v="556"/>
  <tag k="addr:street" v="Sumner Avenue"/>
  <tag k="building" v="yes"/>
  <tag k="height" v="4"/>
  <tag k="roof:colour" v="red"/>
  <tag k="roof:shape" v="hipped"/>
 </way>
 <way id="288361194" visible="true" version="5" changeset="155695691" timestamp="2024-08-24T13:13:50Z" user="spughetti" uid="16155068">
  <nd ref="2919198532"/>
  <nd ref="2919198525"/>
  <nd ref="2919198520"/>
  <nd ref="2919198530"/>
  <nd ref="2919198532"/>
  <tag k="addr:housenumber" v="555"/>
  <tag k="addr:street" v="Sumner Avenue"/>
  <tag k="building" v="yes"/>
  <tag k="height" v="4"/>
  <tag k="roof:colour" v="red"/>
  <tag k="roof:shape" v="hipped"/>
 </way>
 <way id="288361195" visible="true" version="5" changeset="155695691" timestamp="2024-08-24T13:13:50Z" user="spughetti" uid="16155068">
  <nd ref="2919198293"/>
  <nd ref="2919198284"/>
  <nd ref="2919198285"/>
  <nd ref="2919198295"/>
  <nd ref="2919198293"/>
  <tag k="addr:housenumber" v="557"/>
  <tag k="addr:street" v="Sumner Avenue"/>
  <tag k="building" v="yes"/>
  <tag k="height" v="4"/>
  <tag k="roof:colour" v="red"/>
  <tag k="roof:shape" v="hipped"/>
 </way>
 <way id="288361196" visible="true" version="5" changeset="87774779" timestamp="2020-07-09T16:16:32Z" user="Yury_Yatsynovich_--_OSM_Imports" uid="11362402">
  <nd ref="2919198580"/>
  <nd ref="2919198578"/>
  <nd ref="2919198570"/>
  <nd ref="2919198573"/>
  <nd ref="2919198580"/>
  <tag k="addr:housenumber" v="552"/>
  <tag k="addr:street" v="Sumner Avenue"/>
  <tag k="building" v="yes"/>
  <tag k="height" v="4"/>
  <tag k="roof:colour" v="red"/>
  <tag k="roof:shape" v="hipped"/>
 </way>
 <way id="288361197" visible="true" version="5" changeset="87774779" timestamp="2020-07-09T16:16:32Z" user="Yury_Yatsynovich_--_OSM_Imports" uid="11362402">
  <nd ref="2919198555"/>
  <nd ref="2919198546"/>
  <nd ref="2919198545"/>
  <nd ref="2919198554"/>
  <nd ref="2919198555"/>
  <tag k="addr:housenumber" v="554"/>
  <tag k="addr:street" v="Sumner Avenue"/>
  <tag k="building" v="yes"/>
  <tag k="height" v="4"/>
  <tag k="roof:colour" v="red"/>
  <tag k="roof:shape" v="hipped"/>
 </way>
 <way id="288361198" visible="true" version="5" changeset="87774779" timestamp="2020-07-09T16:16:32Z" user="Yury_Yatsynovich_--_OSM_Imports" uid="11362402">
  <nd ref="2919198571"/>
  <nd ref="2919198566"/>
  <nd ref="2919198561"/>
  <nd ref="2919198567"/>
  <nd ref="2919198571"/>
  <tag k="addr:housenumber" v="553"/>
  <tag k="addr:street" v="Sumner Avenue"/>
  <tag k="building" v="yes"/>
  <tag k="height" v="4"/>
  <tag k="roof:colour" v="red"/>
  <tag k="roof:shape" v="hipped"/>
 </way>
 <way id="288361199" visible="true" version="5" changeset="155695691" timestamp="2024-08-24T13:13:50Z" user="spughetti" uid="16155068">
  <nd ref="2919198515"/>
  <nd ref="2919198508"/>
  <nd ref="2919198510"/>
  <nd ref="2919198514"/>
  <nd ref="2919198512"/>
  <nd ref="2919198516"/>
  <nd ref="2919198515"/>
  <tag k="addr:housenumber" v="543"/>
  <tag k="addr:street" v="Presidio Boulevard"/>
  <tag k="building" v="yes"/>
  <tag k="height" v="8"/>
  <tag k="roof:colour" v="red"/>
  <tag k="roof:shape" v="hipped"/>
 </way>
 <way id="288361200" visible="true" version="5" changeset="155695691" timestamp="2024-08-24T13:13:50Z" user="spughetti" uid="16155068">
  <nd ref="2919198569"/>
  <nd ref="2919198562"/>
  <nd ref="2919198560"/>
  <nd ref="2919198563"/>
  <nd ref="2919198564"/>
  <nd ref="2919198565"/>
  <nd ref="2919198569"/>
  <tag k="addr:housenumber" v="547"/>
  <tag k="addr:street" v="Presidio Boulevard"/>
  <tag k="building" v="yes"/>
  <tag k="height" v="8"/>
  <tag k="roof:colour" v="red"/>
  <tag k="roof:shape" v="hipped"/>
 </way>
 <way id="288363581" visible="true" version="4" changeset="87774779" timestamp="2020-07-09T16:16:32Z" user="Yury_Yatsynovich_--_OSM_Imports" uid="11362402">
  <nd ref="2919216382"/>
  <nd ref="2919216380"/>
  <nd ref="2919216384"/>
  <nd ref="2919216383"/>
  <nd ref="2919216379"/>
  <nd ref="2919216378"/>
  <nd ref="2919216376"/>
  <nd ref="2919216377"/>
  <nd ref="2919216382"/>
  <tag k="addr:housenumber" v="1000"/>
  <tag k="addr:street" v="O'Reilly Avenue"/>
  <tag k="building" v="yes"/>
  <tag k="height" v="10"/>
 </way>
 <way id="288374434" visible="true" version="4" changeset="166678394" timestamp="2025-05-24T00:35:53Z" user="mapadu" uid="9755853">
  <nd ref="2919360900"/>
  <nd ref="2919360896"/>
  <nd ref="12859825220"/>
  <nd ref="2919360883"/>
  <nd ref="12859825288"/>
  <nd ref="2919360881"/>
  <nd ref="2919360878"/>
  <nd ref="2919360850"/>
  <nd ref="2919360855"/>
  <nd ref="2919360866"/>
  <nd ref="12859825224"/>
  <nd ref="2919360875"/>
  <nd ref="2919360857"/>
  <nd ref="2919360859"/>
  <nd ref="2919360856"/>
  <nd ref="2919360860"/>
  <nd ref="2919360862"/>
  <nd ref="2919360863"/>
  <nd ref="2919360882"/>
  <nd ref="2919360884"/>
  <nd ref="2919360871"/>
  <nd ref="2919360872"/>
  <nd ref="2919360864"/>
  <nd ref="2919360873"/>
  <nd ref="2919360877"/>
  <nd ref="2919360879"/>
  <nd ref="2919360899"/>
  <nd ref="2919360903"/>
  <nd ref="2919360906"/>
  <nd ref="2919360900"/>
  <tag k="addr:state" v="CA"/>
  <tag k="alt_name" v="Building 1012"/>
  <tag k="building" v="yes"/>
  <tag k="ele" v="14"/>
  <tag k="fixme" v="Unclear if Wikidata tag is still relevant"/>
  <tag k="name" v="Tides Converge"/>
  <tag k="old_name" v="Thoreau Center for Sustainabilty"/>
  <tag k="ref" v="1012"/>
  <tag k="wikidata" v="Q7796189"/>
 </way>
 <way id="288374438" visible="true" version="10" changeset="166678394" timestamp="2025-05-24T00:35:53Z" user="mapadu" uid="9755853">
  <nd ref="2919360827"/>
  <nd ref="2919360817"/>
  <nd ref="2919360820"/>
  <nd ref="12859825217"/>
  <nd ref="2919360804"/>
  <nd ref="2919360802"/>
  <nd ref="2919360793"/>
  <nd ref="2919360792"/>
  <nd ref="2919360790"/>
  <nd ref="2919360789"/>
  <nd ref="2919360787"/>
  <nd ref="2919360785"/>
  <nd ref="2919360784"/>
  <nd ref="2919360786"/>
  <nd ref="2919360768"/>
  <nd ref="2919360767"/>
  <nd ref="2919360765"/>
  <nd ref="2919360718"/>
  <nd ref="2919360719"/>
  <nd ref="2919356490"/>
  <nd ref="2919356489"/>
  <nd ref="2919356491"/>
  <nd ref="2919356492"/>
  <nd ref="2919356500"/>
  <nd ref="10253006605"/>
  <nd ref="2919360701"/>
  <nd ref="2919360703"/>
  <nd ref="2919356493"/>
  <nd ref="2919356499"/>
  <nd ref="10253018439"/>
  <nd ref="2919360704"/>
  <nd ref="2919360715"/>
  <nd ref="10253018438"/>
  <nd ref="2919360716"/>
  <nd ref="10253018436"/>
  <nd ref="2919360721"/>
  <nd ref="2919360737"/>
  <nd ref="2919360750"/>
  <nd ref="2919360747"/>
  <nd ref="10253018450"/>
  <nd ref="10253017662"/>
  <nd ref="2919360778"/>
  <nd ref="2919360781"/>
  <nd ref="2919360797"/>
  <nd ref="2919360823"/>
  <nd ref="2919360819"/>
  <nd ref="12859825240"/>
  <nd ref="2919360827"/>
  <tag k="addr:housenumber" v="1"/>
  <tag k="addr:street" v="Letterman Drive"/>
  <tag k="addr:unit" v="C"/>
  <tag k="building" v="office"/>
  <tag k="height" v="18"/>
  <tag k="name" v="C"/>
 </way>
 <way id="288374441" visible="true" version="13" changeset="183834191" timestamp="2026-06-08T15:18:13Z" user="LonelyHunter" uid="22234365">
  <nd ref="2919360991"/>
  <nd ref="2919360983"/>
  <nd ref="2919360993"/>
  <nd ref="2919360952"/>
  <nd ref="2919360948"/>
  <nd ref="2919360942"/>
  <nd ref="2919360941"/>
  <nd ref="10253050895"/>
  <nd ref="2919360938"/>
  <nd ref="2919360917"/>
  <nd ref="10253050920"/>
  <nd ref="2919360923"/>
  <nd ref="2919360919"/>
  <nd ref="2919360927"/>
  <nd ref="2919360893"/>
  <nd ref="2919360886"/>
  <nd ref="2919360885"/>
  <nd ref="2919360876"/>
  <nd ref="2919360880"/>
  <nd ref="2919360852"/>
  <nd ref="2919360849"/>
  <nd ref="2919360841"/>
  <nd ref="2919360848"/>
  <nd ref="10253050805"/>
  <nd ref="2919360837"/>
  <nd ref="2919360851"/>
  <nd ref="2919360853"/>
  <nd ref="2919360854"/>
  <nd ref="2919360858"/>
  <nd ref="2919360861"/>
  <nd ref="2919360869"/>
  <nd ref="2919360865"/>
  <nd ref="2919360874"/>
  <nd ref="2919360870"/>
  <nd ref="2919360888"/>
  <nd ref="2919360892"/>
  <nd ref="2919360911"/>
  <nd ref="2919360907"/>
  <nd ref="2919360915"/>
  <nd ref="2919360912"/>
  <nd ref="2919360920"/>
  <nd ref="2919360929"/>
  <nd ref="2919360950"/>
  <nd ref="2919360940"/>
  <nd ref="2919360944"/>
  <nd ref="2919360951"/>
  <nd ref="10252971614"/>
  <nd ref="2919360991"/>
  <tag k="addr:housenumber" v="1"/>
  <tag k="addr:street" v="Letterman Drive"/>
  <tag k="addr:unit" v="A"/>
  <tag k="building" v="office"/>
  <tag k="height" v="15"/>
  <tag k="name" v="A"/>
  <tag k="office" v="yes"/>
 </way>
 <way id="288374442" visible="true" version="12" changeset="183834191" timestamp="2026-06-08T15:18:13Z" user="LonelyHunter" uid="22234365">
  <nd ref="13920438455"/>
  <nd ref="12859845204"/>
  <nd ref="13920438456"/>
  <nd ref="13920438457"/>
  <nd ref="10253050735"/>
  <nd ref="2919360832"/>
  <nd ref="10253050739"/>
  <nd ref="2919360831"/>
  <nd ref="10253050724"/>
  <nd ref="2919360830"/>
  <nd ref="2919360800"/>
  <nd ref="2919360818"/>
  <nd ref="2919360773"/>
  <nd ref="2919360763"/>
  <nd ref="2919360745"/>
  <nd ref="7221681682"/>
  <nd ref="2919360764"/>
  <nd ref="13618913494"/>
  <nd ref="2919360748"/>
  <nd ref="2919360734"/>
  <nd ref="2919360733"/>
  <nd ref="2919360731"/>
  <nd ref="2919360727"/>
  <nd ref="2919360725"/>
  <nd ref="2919360712"/>
  <nd ref="2919360714"/>
  <nd ref="2919360708"/>
  <nd ref="2919360709"/>
  <nd ref="2919360706"/>
  <nd ref="2919360720"/>
  <nd ref="2919360717"/>
  <nd ref="2919360723"/>
  <nd ref="2919360726"/>
  <nd ref="2919360729"/>
  <nd ref="2919360730"/>
  <nd ref="2919360732"/>
  <nd ref="2919360735"/>
  <nd ref="2919360736"/>
  <nd ref="2919360739"/>
  <nd ref="2919360749"/>
  <nd ref="2919360753"/>
  <nd ref="2919360755"/>
  <nd ref="2919360752"/>
  <nd ref="2919360761"/>
  <nd ref="2919360758"/>
  <nd ref="2919360762"/>
  <nd ref="2919360756"/>
  <nd ref="2919360759"/>
  <nd ref="2919360757"/>
  <nd ref="2919360774"/>
  <nd ref="2919360775"/>
  <nd ref="2919360771"/>
  <nd ref="2919360779"/>
  <nd ref="2919360816"/>
  <nd ref="2919360810"/>
  <nd ref="2919360814"/>
  <nd ref="2919360807"/>
  <nd ref="2919360834"/>
  <nd ref="2919360835"/>
  <nd ref="2919360833"/>
  <nd ref="2919360836"/>
  <nd ref="2919360844"/>
  <nd ref="2919360842"/>
  <nd ref="2919360845"/>
  <nd ref="13920438458"/>
  <nd ref="13920438455"/>
  <tag k="addr:housename" v="One Letterman Drive Bldg. B"/>
  <tag k="addr:housenumber" v="1"/>
  <tag k="addr:street" v="Letterman Drive"/>
  <tag k="addr:unit" v="B"/>
  <tag k="building" v="office"/>
  <tag k="height" v="18"/>
  <tag k="name" v="B"/>
  <tag k="office" v="yes"/>
 </way>
 <way id="302331993" visible="true" version="2" changeset="169977467" timestamp="2025-08-04T21:27:56Z" user="ericw" uid="152959">
  <nd ref="3065919083"/>
  <nd ref="171965463"/>
  <tag k="bridge" v="yes"/>
  <tag k="foot" v="yes"/>
  <tag k="highway" v="footway"/>
  <tag k="layer" v="1"/>
  <tag k="surface" v="asphalt"/>
 </way>
 <way id="302331994" visible="true" version="4" changeset="129955846" timestamp="2022-12-11T09:12:55Z" user="spughetti" uid="16155068">
  <nd ref="171965463"/>
  <nd ref="10252826892"/>
  <nd ref="10252826891"/>
  <nd ref="10252826893"/>
  <nd ref="10252826890"/>
  <nd ref="171964772"/>
  <nd ref="10252826889"/>
  <nd ref="171964774"/>
  <nd ref="171964775"/>
  <nd ref="10252826905"/>
  <nd ref="10252826904"/>
  <nd ref="171964776"/>
  <nd ref="355785075"/>
  <nd ref="10252855714"/>
  <nd ref="10252855709"/>
  <nd ref="10252855713"/>
  <nd ref="355785076"/>
  <nd ref="10252855712"/>
  <nd ref="10252855710"/>
  <nd ref="10252855711"/>
  <nd ref="355785077"/>
  <nd ref="355785079"/>
  <nd ref="10252826879"/>
  <nd ref="355785080"/>
  <nd ref="10252826881"/>
  <nd ref="10252826880"/>
  <nd ref="355784777"/>
  <tag k="foot" v="yes"/>
  <tag k="highway" v="footway"/>
 </way>
 <way id="338329752" visible="true" version="3" changeset="71162408" timestamp="2019-06-12T02:16:00Z" user="KindredCoda" uid="14293">
  <nd ref="5424774856"/>
  <nd ref="6541198512"/>
  <nd ref="3454073838"/>
  <nd ref="6541198511"/>
  <nd ref="3454073839"/>
  <nd ref="3454073840"/>
  <tag k="highway" v="service"/>
  <tag k="oneway" v="yes"/>
  <tag k="service" v="parking_aisle"/>
 </way>
 <way id="398138331" visible="true" version="8" changeset="177357999" timestamp="2026-01-18T02:13:10Z" user="DaveSchweisguth" uid="21613413">
  <nd ref="65373612"/>
  <nd ref="3722672083"/>
  <nd ref="65373616"/>
  <nd ref="65373619"/>
  <nd ref="3722672440"/>
  <nd ref="3722672056"/>
  <nd ref="3722672099"/>
  <nd ref="65373620"/>
  <nd ref="355784551"/>
  <tag k="highway" v="service"/>
  <tag k="oneway" v="yes"/>
  <tag k="service" v="parking_aisle"/>
  <tag k="sidewalk" v="no"/>
  <tag k="tiger:county" v="San Francisco, CA"/>
 </way>
 <way id="399883466" visible="true" version="6" changeset="168451946" timestamp="2025-07-03T16:29:31Z" user="John Gilmore" uid="314930">
  <nd ref="3722672077"/>
  <nd ref="6918895977"/>
  <nd ref="65361866"/>
  <nd ref="3722672067"/>
  <nd ref="3722672436"/>
  <nd ref="65361868"/>
  <nd ref="829661483"/>
  <nd ref="3722672073"/>
  <nd ref="3722672117"/>
  <nd ref="3722672062"/>
  <nd ref="65361870"/>
  <nd ref="3722672074"/>
  <nd ref="65361873"/>
  <nd ref="3722672445"/>
  <nd ref="3722672084"/>
  <nd ref="613315057"/>
  <nd ref="65361875"/>
  <nd ref="6918895978"/>
  <nd ref="65361877"/>
  <nd ref="65361878"/>
  <nd ref="3722672112"/>
  <nd ref="3722672037"/>
  <nd ref="3722672085"/>
  <nd ref="65361879"/>
  <nd ref="3722672053"/>
  <nd ref="65361883"/>
  <nd ref="3722672072"/>
  <nd ref="65361886"/>
  <tag k="cycleway:both" v="lane"/>
  <tag k="cycleway:both:lane" v="exclusive"/>
  <tag k="highway" v="residential"/>
  <tag k="lanes" v="2"/>
  <tag k="lcn_ref" v="4"/>
  <tag k="lit" v="yes"/>
  <tag k="name" v="Letterman Drive"/>
  <tag k="sidewalk" v="both"/>
  <tag k="surface" v="asphalt"/>
  <tag k="tiger:cfcc" v="A41"/>
  <tag k="tiger:county" v="San Francisco, CA"/>
  <tag k="tiger:name_base" v="Letterman"/>
  <tag k="tiger:name_type" v="Dr"/>
 </way>
 <way id="399883467" visible="true" version="4" changeset="166314502" timestamp="2025-05-15T16:48:27Z" user="TheNightRider" uid="1968961">
  <nd ref="3722672097"/>
  <nd ref="3722672110"/>
  <nd ref="3722672103"/>
  <nd ref="831556616"/>
  <nd ref="3722672058"/>
  <nd ref="3722672060"/>
  <nd ref="293576001"/>
  <nd ref="12838602450"/>
  <tag k="highway" v="service"/>
  <tag k="note" v="Road to the 1500-stall underground parking garage."/>
  <tag k="sidewalk" v="both"/>
 </way>
 <way id="399883468" visible="true" version="5" changeset="177357999" timestamp="2026-01-18T02:13:10Z" user="DaveSchweisguth" uid="21613413">
  <nd ref="3722672057"/>
  <nd ref="3722672069"/>
  <nd ref="3722672109"/>
  <nd ref="3722672095"/>
  <nd ref="3722672124"/>
  <nd ref="293575999"/>
  <tag k="highway" v="service"/>
  <tag k="service" v="parking_aisle"/>
  <tag k="sidewalk" v="no"/>
 </way>
 <way id="399883469" visible="true" version="3" changeset="177357999" timestamp="2026-01-18T02:13:10Z" user="DaveSchweisguth" uid="21613413">
  <nd ref="355784551"/>
  <nd ref="342563422"/>
  <nd ref="3722672044"/>
  <nd ref="3722672051"/>
  <nd ref="65361875"/>
  <tag k="highway" v="service"/>
  <tag k="oneway" v="yes"/>
  <tag k="service" v="driveway"/>
  <tag k="sidewalk" v="right"/>
  <tag k="tiger:county" v="San Francisco, CA"/>
 </way>
 <way id="399883471" visible="true" version="8" changeset="168451919" timestamp="2025-07-03T16:29:13Z" user="John Gilmore" uid="314930">
  <nd ref="65326822"/>
  <nd ref="65326826"/>
  <nd ref="65326828"/>
  <nd ref="65326830"/>
  <nd ref="65326832"/>
  <nd ref="12883950449"/>
  <nd ref="65326835"/>
  <nd ref="65326837"/>
  <nd ref="12883950447"/>
  <nd ref="12883950446"/>
  <nd ref="12883950448"/>
  <nd ref="65326840"/>
  <nd ref="65326842"/>
  <nd ref="12883950441"/>
  <nd ref="12883950440"/>
  <nd ref="12883950439"/>
  <nd ref="12883950452"/>
  <nd ref="65326844"/>
  <nd ref="12883950451"/>
  <nd ref="65326846"/>
  <nd ref="12883950450"/>
  <nd ref="65326849"/>
  <nd ref="65326852"/>
  <tag k="cycleway:both" v="no"/>
  <tag k="highway" v="residential"/>
  <tag k="lit" v="no"/>
  <tag k="name" v="Simonds Loop"/>
  <tag k="name:etymology:wikidata" v="Q5544201"/>
  <tag k="sidewalk" v="left"/>
  <tag k="surface" v="concrete"/>
  <tag k="tiger:cfcc" v="A41"/>
  <tag k="tiger:county" v="San Francisco, CA"/>
  <tag k="tiger:name_base" v="Simonds"/>
  <tag k="tiger:name_type" v="Loop"/>
 </way>
 <way id="405296221" visible="true" version="1" changeset="38018206" timestamp="2016-03-23T11:25:56Z" user="oini" uid="3057995">
  <nd ref="65288554"/>
  <nd ref="65318410"/>
  <tag k="highway" v="residential"/>
  <tag k="name" v="Torney Avenue"/>
  <tag k="oneway" v="yes"/>
  <tag k="tiger:cfcc" v="A41"/>
  <tag k="tiger:county" v="San Francisco, CA"/>
  <tag k="tiger:name_base" v="Torney"/>
  <tag k="tiger:name_type" v="Ave"/>
 </way>
 <way id="405296222" visible="true" version="3" changeset="171651646" timestamp="2025-09-08T18:50:22Z" user="VLD317" uid="22891840">
  <nd ref="332032212"/>
  <nd ref="13128857038"/>
  <nd ref="12859825294"/>
  <nd ref="65288554"/>
  <tag k="highway" v="residential"/>
  <tag k="name" v="Torney Avenue"/>
  <tag k="oneway" v="yes"/>
  <tag k="tiger:cfcc" v="A41"/>
  <tag k="tiger:county" v="San Francisco, CA"/>
  <tag k="tiger:name_base" v="Torney"/>
  <tag k="tiger:name_type" v="Ave"/>
 </way>
 <way id="417104571" visible="true" version="12" changeset="168104972" timestamp="2025-06-25T17:11:27Z" user="VLD282" uid="21556038">
  <nd ref="4009111019"/>
  <nd ref="6918895972"/>
  <nd ref="6918895973"/>
  <nd ref="65363392"/>
  <nd ref="65309270"/>
  <tag k="cycleway" v="lane"/>
  <tag k="highway" v="tertiary"/>
  <tag k="lanes" v="4"/>
  <tag k="lanes:backward" v="2"/>
  <tag k="lanes:forward" v="2"/>
  <tag k="lcn_ref" v="55"/>
  <tag k="lit" v="yes"/>
  <tag k="name" v="Presidio Boulevard"/>
  <tag k="sidewalk:both" v="separate"/>
  <tag k="surface" v="asphalt"/>
  <tag k="tiger:cfcc" v="A41"/>
  <tag k="tiger:county" v="San Francisco, CA"/>
  <tag k="tiger:name_base" v="Presidio"/>
  <tag k="tiger:name_type" v="Blvd"/>
  <tag k="turn:lanes:forward" v="left|"/>
 </way>
 <way id="542173788" visible="true" version="10" changeset="173516533" timestamp="2025-10-20T03:41:48Z" user="lasagna" uid="7572965">
  <nd ref="5241967569"/>
  <nd ref="5241967577"/>
  <nd ref="13245066518"/>
  <nd ref="13204459636"/>
  <nd ref="5241967562"/>
  <nd ref="5585733129"/>
  <nd ref="5241967578"/>
  <tag k="cycleway:right" v="shared_lane"/>
  <tag k="highway" v="tertiary_link"/>
  <tag k="lane_markings" v="no"/>
  <tag k="lit" v="yes"/>
  <tag k="oneway" v="yes"/>
  <tag k="sidewalk:left" v="no"/>
  <tag k="sidewalk:right" v="separate"/>
  <tag k="surface" v="asphalt"/>
 </way>
 <way id="550959207" visible="true" version="1" changeset="55171907" timestamp="2018-01-04T22:24:14Z" user="Scottieb3" uid="5819671">
  <nd ref="5321012521"/>
  <nd ref="5321012524"/>
  <nd ref="5321012523"/>
  <nd ref="5321012522"/>
  <tag k="bicycle" v="no"/>
  <tag k="highway" v="path"/>
  <tag k="horse" v="no"/>
  <tag k="surface" v="dirt"/>
 </way>
 <way id="550959208" visible="true" version="2" changeset="179723588" timestamp="2026-03-11T21:47:19Z" user="jumbanho" uid="38487">
  <nd ref="5321012523"/>
  <nd ref="5321012525"/>
  <tag k="highway" v="path"/>
  <tag k="surface" v="dirt"/>
 </way>
 <way id="562765426" visible="true" version="1" changeset="56524066" timestamp="2018-02-20T15:36:34Z" user="Irina Karachevtseva" uid="5288591">
  <nd ref="3454073840"/>
  <nd ref="3454073841"/>
  <tag k="highway" v="service"/>
  <tag k="oneway" v="yes"/>
 </way>
 <way id="562765428" visible="true" version="1" changeset="56524066" timestamp="2018-02-20T15:36:34Z" user="Irina Karachevtseva" uid="5288591">
  <nd ref="3454073837"/>
  <nd ref="5424774856"/>
  <tag k="highway" v="service"/>
  <tag k="oneway" v="yes"/>
 </way>
 <way id="562765430" visible="true" version="1" changeset="56524066" timestamp="2018-02-20T15:36:34Z" user="Irina Karachevtseva" uid="5288591">
  <nd ref="828416082"/>
  <nd ref="828416083"/>
  <tag k="highway" v="service"/>
  <tag k="service" v="parking_aisle"/>
 </way>
 <way id="562765432" visible="true" version="3" changeset="175089021" timestamp="2025-11-24T23:32:47Z" user="VLD170" uid="11417369">
  <nd ref="5424774866"/>
  <nd ref="13329303953"/>
  <nd ref="5424774865"/>
  <nd ref="5424774864"/>
  <nd ref="5424774863"/>
  <nd ref="5424774862"/>
  <tag k="highway" v="service"/>
  <tag k="surface" v="asphalt"/>
 </way>
 <way id="562765434" visible="true" version="2" changeset="153425599" timestamp="2024-07-01T19:27:22Z" user="John Gilmore" uid="314930">
  <nd ref="5424774862"/>
  <nd ref="5424774861"/>
  <nd ref="5424774860"/>
  <nd ref="5424774859"/>
  <nd ref="5424774858"/>
  <nd ref="5424774857"/>
  <tag k="highway" v="service"/>
  <tag k="service" v="parking_aisle"/>
  <tag k="surface" v="asphalt"/>
 </way>
 <way id="562765437" visible="true" version="4" changeset="122957567" timestamp="2022-06-28T13:18:25Z" user="mariusg_telenav" uid="10345763">
  <nd ref="5424774867"/>
  <nd ref="65286633"/>
  <tag k="highway" v="service"/>
  <tag k="name" v="Martinez Street"/>
  <tag k="service" v="parking_aisle"/>
  <tag k="tiger:cfcc" v="A41"/>
  <tag k="tiger:county" v="San Francisco, CA"/>
  <tag k="tiger:name_base" v="Martinez"/>
  <tag k="tiger:name_type" v="St"/>
 </way>
 <way id="562765440" visible="true" version="3" changeset="122957567" timestamp="2022-06-28T13:18:25Z" user="mariusg_telenav" uid="10345763">
  <nd ref="7221708809"/>
  <nd ref="65286630"/>
  <nd ref="5424774867"/>
  <tag k="highway" v="service"/>
  <tag k="name" v="Martinez Street"/>
  <tag k="tiger:cfcc" v="A41"/>
  <tag k="tiger:county" v="San Francisco, CA"/>
  <tag k="tiger:name_base" v="Martinez"/>
  <tag k="tiger:name_type" v="St"/>
 </way>
 <way id="562765443" visible="true" version="1" changeset="56524066" timestamp="2018-02-20T15:36:35Z" user="Irina Karachevtseva" uid="5288591">
  <nd ref="5424774870"/>
  <nd ref="5424774869"/>
  <nd ref="5424774868"/>
  <tag k="highway" v="service"/>
  <tag k="service" v="parking_aisle"/>
 </way>
 <way id="562765445" visible="true" version="1" changeset="56524066" timestamp="2018-02-20T15:36:35Z" user="Irina Karachevtseva" uid="5288591">
  <nd ref="332786694"/>
  <nd ref="5424774872"/>
  <nd ref="5424774871"/>
  <nd ref="5424774870"/>
  <tag k="highway" v="service"/>
 </way>
 <way id="562765447" visible="true" version="1" changeset="56524066" timestamp="2018-02-20T15:36:35Z" user="Irina Karachevtseva" uid="5288591">
  <nd ref="332786702"/>
  <nd ref="332786691"/>
  <nd ref="332786692"/>
  <nd ref="332786694"/>
  <tag k="highway" v="service"/>
  <tag k="oneway" v="yes"/>
 </way>
 <way id="563134627" visible="true" version="3" changeset="116640347" timestamp="2022-01-26T21:38:16Z" user="willkmis" uid="11523236">
  <nd ref="65314620"/>
  <nd ref="65329761"/>
  <nd ref="65329763"/>
  <nd ref="5427642724"/>
  <nd ref="1997777482"/>
  <nd ref="5427642723"/>
  <nd ref="1997777424"/>
  <nd ref="334220690"/>
  <tag k="highway" v="residential"/>
  <tag k="name" v="Sanches Street"/>
 </way>
 <way id="563134634" visible="true" version="7" changeset="179723661" timestamp="2026-03-11T21:42:50Z" user="jumbanho" uid="38487">
  <nd ref="613315054"/>
  <nd ref="5634306004"/>
  <nd ref="5634306003"/>
  <nd ref="65373031"/>
  <nd ref="65373029"/>
  <nd ref="5427642727"/>
  <nd ref="65373027"/>
  <nd ref="65373025"/>
  <nd ref="5427642725"/>
  <nd ref="65373018"/>
  <nd ref="65373004"/>
  <nd ref="65373003"/>
  <nd ref="65373001"/>
  <nd ref="5427642726"/>
  <nd ref="65372997"/>
  <nd ref="65372996"/>
  <nd ref="65372994"/>
  <nd ref="65372992"/>
  <nd ref="65372990"/>
  <nd ref="65372986"/>
  <nd ref="65372984"/>
  <nd ref="65372974"/>
  <nd ref="65372972"/>
  <nd ref="65372969"/>
  <nd ref="65372962"/>
  <nd ref="65372956"/>
  <nd ref="65347891"/>
  <tag k="highway" v="residential"/>
  <tag k="lane_markings" v="no"/>
  <tag k="name" v="Sumner Avenue"/>
  <tag k="oneway" v="yes"/>
  <tag k="sidewalk:both" v="no"/>
  <tag k="surface" v="asphalt"/>
 </way>
 <way id="563134639" visible="true" version="1" changeset="56563299" timestamp="2018-02-21T22:07:45Z" user="Irina Karachevtseva" uid="5288591">
  <nd ref="5427642728"/>
  <nd ref="5427642729"/>
  <tag k="highway" v="service"/>
 </way>
 <way id="563134641" visible="true" version="2" changeset="140370625" timestamp="2023-08-25T12:32:29Z" user="spughetti" uid="16155068">
  <nd ref="5427642730"/>
  <nd ref="5427642728"/>
  <tag k="highway" v="service"/>
  <tag k="service" v="parking_aisle"/>
 </way>
 <way id="563134642" visible="true" version="2" changeset="179723749" timestamp="2026-03-11T21:46:00Z" user="jumbanho" uid="38487">
  <nd ref="5427642734"/>
  <nd ref="5427642733"/>
  <tag k="highway" v="service"/>
  <tag k="service" v="parking_aisle"/>
  <tag k="surface" v="asphalt"/>
 </way>
 <way id="563134643" visible="true" version="2" changeset="179723749" timestamp="2026-03-11T21:45:54Z" user="jumbanho" uid="38487">
  <nd ref="65314618"/>
  <nd ref="5427642734"/>
  <tag k="highway" v="service"/>
  <tag k="surface" v="asphalt"/>
 </way>
 <way id="563134644" visible="true" version="2" changeset="183182503" timestamp="2026-05-26T01:28:53Z" user="NAParish" uid="174586">
  <nd ref="65283652"/>
  <nd ref="5427642735"/>
  <tag k="highway" v="service"/>
  <tag k="service" v="parking_aisle"/>
 </way>
 <way id="563134645" visible="true" version="2" changeset="183182503" timestamp="2026-05-26T01:28:53Z" user="NAParish" uid="174586">
  <nd ref="5427642737"/>
  <nd ref="65283652"/>
  <tag k="highway" v="service"/>
 </way>
 <way id="590045031" visible="true" version="7" changeset="155899435" timestamp="2024-08-28T20:19:57Z" user="VLD300" uid="16226524">
  <nd ref="65309488"/>
  <nd ref="12142936368"/>
  <nd ref="613315054"/>
  <tag k="highway" v="residential"/>
  <tag k="lit" v="yes"/>
  <tag k="name" v="Liggett Avenue"/>
  <tag k="name:etymology:wikidata" v="Q1638139"/>
  <tag k="sidewalk" v="right"/>
  <tag k="surface" v="asphalt"/>
 </way>
 <way id="590548466" visible="true" version="3" changeset="129955977" timestamp="2022-12-11T09:18:43Z" user="spughetti" uid="16155068">
  <nd ref="5637989493"/>
  <nd ref="10252861394"/>
  <nd ref="332031422"/>
  <nd ref="10252861393"/>
  <nd ref="332031423"/>
  <nd ref="10252861392"/>
  <nd ref="332031424"/>
  <nd ref="332031425"/>
  <nd ref="332031426"/>
  <nd ref="10252861391"/>
  <nd ref="355784556"/>
  <tag k="foot" v="yes"/>
  <tag k="highway" v="footway"/>
 </way>
 <way id="607933369" visible="true" version="2" changeset="166314586" timestamp="2025-05-15T16:50:27Z" user="TheNightRider" uid="1968961">
  <nd ref="332031425"/>
  <nd ref="12840381469"/>
  <tag k="footway" v="sidewalk"/>
  <tag k="highway" v="footway"/>
 </way>
 <way id="620169741" visible="true" version="5" changeset="175125040" timestamp="2025-11-25T19:24:48Z" user="VLD170" uid="11417369">
  <nd ref="65363410"/>
  <nd ref="3722672438"/>
  <nd ref="5241967552"/>
  <nd ref="5241967578"/>
  <tag k="cycleway" v="lane"/>
  <tag k="highway" v="tertiary"/>
  <tag k="lanes" v="3"/>
  <tag k="lanes:backward" v="2"/>
  <tag k="lanes:forward" v="1"/>
  <tag k="lcn_ref" v="55"/>
  <tag k="lit" v="yes"/>
  <tag k="name" v="Presidio Boulevard"/>
  <tag k="sidewalk:left" v="separate"/>
  <tag k="sidewalk:right" v="no"/>
  <tag k="surface" v="asphalt"/>
  <tag k="tiger:cfcc" v="A41"/>
  <tag k="tiger:county" v="San Francisco, CA"/>
  <tag k="tiger:name_base" v="Presidio"/>
  <tag k="tiger:name_type" v="Blvd"/>
 </way>
 <way id="620169742" visible="true" version="5" changeset="168451919" timestamp="2025-07-03T16:29:17Z" user="John Gilmore" uid="314930">
  <nd ref="5241967569"/>
  <nd ref="65364347"/>
  <nd ref="3722672090"/>
  <nd ref="3722672045"/>
  <nd ref="65363410"/>
  <tag k="cycleway" v="shared_lane"/>
  <tag k="highway" v="tertiary"/>
  <tag k="lanes" v="2"/>
  <tag k="lit" v="yes"/>
  <tag k="name" v="Lombard Street"/>
  <tag k="name:etymology:wikidata" v="Q15242635"/>
  <tag k="sidewalk" v="right"/>
  <tag k="surface" v="asphalt"/>
  <tag k="tiger:cfcc" v="A41"/>
  <tag k="tiger:county" v="San Francisco, CA"/>
  <tag k="tiger:name_base" v="Lombard"/>
  <tag k="tiger:name_type" v="St"/>
 </way>
 <way id="645066495" visible="true" version="2" changeset="153429286" timestamp="2024-07-01T20:53:55Z" user="John Gilmore" uid="314930">
  <nd ref="300726895"/>
  <nd ref="300726903"/>
  <nd ref="300726907"/>
  <nd ref="300726911"/>
  <nd ref="300726916"/>
  <nd ref="300726921"/>
  <nd ref="300726858"/>
  <tag k="highway" v="footway"/>
  <tag k="surface" v="compacted"/>
 </way>
 <way id="645066496" visible="true" version="2" changeset="153425599" timestamp="2024-07-01T19:27:52Z" user="John Gilmore" uid="314930">
  <nd ref="6064793570"/>
  <nd ref="369132508"/>
  <nd ref="1769694524"/>
  <nd ref="1769694522"/>
  <nd ref="369132509"/>
  <nd ref="369132510"/>
  <nd ref="65314606"/>
  <tag k="foot" v="yes"/>
  <tag k="highway" v="footway"/>
  <tag k="surface" v="concrete"/>
  <tag k="width" v="2 feet"/>
 </way>
 <way id="645066497" visible="true" version="6" changeset="153425599" timestamp="2024-07-01T19:27:52Z" user="John Gilmore" uid="314930">
  <nd ref="6064793569"/>
  <nd ref="6064793570"/>
  <tag k="foot" v="yes"/>
  <tag k="handrail" v="no"/>
  <tag k="highway" v="steps"/>
  <tag k="incline" v="up"/>
  <tag k="ramp" v="no"/>
  <tag k="step_count" v="4"/>
  <tag k="surface" v="concrete"/>
  <tag k="tactile_paving" v="no"/>
  <tag k="width" v="2 feet"/>
 </way>
 <way id="712229466" visible="true" version="2" changeset="168451919" timestamp="2025-07-03T16:29:27Z" user="John Gilmore" uid="314930">
  <nd ref="6696711125"/>
  <nd ref="6696711126"/>
  <nd ref="842953158"/>
  <tag k="highway" v="residential"/>
  <tag k="name" v="Torney Avenue"/>
  <tag k="oneway" v="yes"/>
  <tag k="surface" v="asphalt"/>
  <tag k="tiger:cfcc" v="A41"/>
  <tag k="tiger:county" v="San Francisco, CA"/>
  <tag k="tiger:name_base" v="Torney"/>
  <tag k="tiger:name_type" v="Ave"/>
 </way>
 <way id="773682809" visible="true" version="3" changeset="172544126" timestamp="2025-09-27T20:45:50Z" user="d3ef" uid="20167236">
  <nd ref="2919360764"/>
  <nd ref="7221681682"/>
  <nd ref="10253050804"/>
  <nd ref="7221681683"/>
  <nd ref="10253050803"/>
  <nd ref="10253050802"/>
  <nd ref="7221681684"/>
  <nd ref="355784556"/>
  <nd ref="3722672102"/>
  <nd ref="369130292"/>
  <nd ref="369130291"/>
  <nd ref="369130298"/>
  <nd ref="355784559"/>
  <nd ref="7221701085"/>
  <nd ref="7221701086"/>
  <nd ref="7221701087"/>
  <nd ref="2919360725"/>
  <nd ref="2919360727"/>
  <nd ref="2919360731"/>
  <nd ref="2919360733"/>
  <nd ref="2919360734"/>
  <nd ref="2919360748"/>
  <nd ref="2919360764"/>
  <tag k="area" v="yes"/>
  <tag k="highway" v="pedestrian"/>
  <tag k="surface" v="concrete"/>
 </way>
 <way id="773682935" visible="true" version="4" changeset="153426455" timestamp="2024-07-01T19:27:25Z" user="John Gilmore" uid="314930">
  <nd ref="5424774857"/>
  <nd ref="7221699146"/>
  <nd ref="7221699147"/>
  <nd ref="7221699148"/>
  <nd ref="7221699149"/>
  <nd ref="7221699150"/>
  <nd ref="5424774862"/>
  <nd ref="7221699151"/>
  <nd ref="7221699152"/>
  <nd ref="7221699153"/>
  <nd ref="7221699154"/>
  <nd ref="7221699155"/>
  <nd ref="5424774857"/>
  <tag k="access" v="yes"/>
  <tag k="amenity" v="parking"/>
  <tag k="fee" v="yes"/>
  <tag k="parking" v="surface"/>
 </way>
 <way id="773683472" visible="true" version="2" changeset="116527395" timestamp="2022-01-24T07:15:56Z" user="willkmis" uid="11523236">
  <nd ref="7221708811"/>
  <nd ref="842953237"/>
  <tag k="bridge" v="boardwalk"/>
  <tag k="foot" v="yes"/>
  <tag k="highway" v="path"/>
  <tag k="layer" v="1"/>
  <tag k="name" v="Lovers' Lane"/>
  <tag k="surface" v="wood"/>
 </way>
 <way id="773683473" visible="true" version="3" changeset="116527395" timestamp="2022-01-24T07:15:56Z" user="willkmis" uid="11523236">
  <nd ref="300726868"/>
  <nd ref="7221708812"/>
  <nd ref="7221708813"/>
  <nd ref="7221708814"/>
  <nd ref="7221708815"/>
  <nd ref="7221708816"/>
  <nd ref="8083410299"/>
  <nd ref="7221708826"/>
  <nd ref="8083410298"/>
  <nd ref="7221708817"/>
  <nd ref="7221708818"/>
  <nd ref="8083410297"/>
  <nd ref="7221708819"/>
  <nd ref="8083410296"/>
  <nd ref="7221708820"/>
  <nd ref="8083410295"/>
  <nd ref="7221708821"/>
  <nd ref="8083410294"/>
  <nd ref="8083410000"/>
  <nd ref="8083410293"/>
  <nd ref="8083410292"/>
  <nd ref="8083410291"/>
  <nd ref="7221708822"/>
  <nd ref="8083410290"/>
  <nd ref="7221708823"/>
  <nd ref="7221708824"/>
  <nd ref="8083410288"/>
  <nd ref="8083410287"/>
  <nd ref="8083410286"/>
  <nd ref="7221708827"/>
  <nd ref="8083410285"/>
  <nd ref="8083410289"/>
  <nd ref="7221708825"/>
  <nd ref="300726868"/>
 </way>
 <way id="867188012" visible="true" version="2" changeset="130929153" timestamp="2023-01-06T01:16:50Z" user="hcourt" uid="12204396">
  <nd ref="8083409999"/>
  <nd ref="8083410000"/>
  <nd ref="8083410001"/>
  <nd ref="8083410002"/>
  <nd ref="8083410003"/>
  <nd ref="8083410004"/>
  <nd ref="8083410005"/>
  <nd ref="8083410006"/>
  <nd ref="8083410007"/>
  <nd ref="8083410008"/>
  <nd ref="8083410009"/>
  <nd ref="8083410010"/>
  <nd ref="8083410011"/>
  <nd ref="8083410250"/>
  <nd ref="8083410251"/>
  <nd ref="8083410252"/>
  <nd ref="8083410253"/>
  <nd ref="8083410254"/>
  <nd ref="8083410255"/>
  <nd ref="8083410256"/>
  <nd ref="8083410257"/>
  <tag k="alt_name" v="Tenessee Hollow Creek"/>
  <tag k="name" v="El Polín Creek"/>
  <tag k="waterway" v="stream"/>
  <tag k="wikidata" v="Q5351856"/>
  <tag k="wikipedia" v="en:El Polín Spring"/>
 </way>
 <way id="867188013" visible="true" version="3" changeset="130929153" timestamp="2023-01-06T01:16:50Z" user="hcourt" uid="12204396">
  <nd ref="8083410012"/>
  <nd ref="8083410013"/>
  <nd ref="8083410014"/>
  <nd ref="8083410015"/>
  <nd ref="8083410016"/>
  <nd ref="8083410217"/>
  <nd ref="8083410218"/>
  <nd ref="8083410219"/>
  <nd ref="8083410220"/>
  <nd ref="8083410221"/>
  <nd ref="8083410222"/>
  <nd ref="8083410223"/>
  <nd ref="8083410007"/>
  <tag k="alt_name" v="Tenessee Hollow Creek"/>
  <tag k="intermittent" v="yes"/>
  <tag k="name" v="El Polín Creek"/>
  <tag k="waterway" v="stream"/>
  <tag k="wikidata" v="Q5351856"/>
  <tag k="wikipedia" v="en:El Polín Spring"/>
 </way>
 <way id="867188014" visible="true" version="2" changeset="130929153" timestamp="2023-01-06T01:16:50Z" user="hcourt" uid="12204396">
  <nd ref="8083410297"/>
  <nd ref="10309863657"/>
  <nd ref="10309863656"/>
  <nd ref="10309863655"/>
  <nd ref="8083410224"/>
  <nd ref="8083410225"/>
  <nd ref="8083410226"/>
  <nd ref="8083410227"/>
  <nd ref="8083410228"/>
  <nd ref="8083410229"/>
  <nd ref="8083410230"/>
  <nd ref="8083410231"/>
  <nd ref="8083410232"/>
  <nd ref="8083410233"/>
  <nd ref="8083410234"/>
  <nd ref="8083410235"/>
  <nd ref="8083410221"/>
  <tag k="alt_name" v="Tenessee Hollow Creek"/>
  <tag k="name" v="El Polín Creek"/>
  <tag k="waterway" v="stream"/>
  <tag k="wikidata" v="Q5351856"/>
  <tag k="wikipedia" v="en:El Polín Spring"/>
 </way>
 <way id="867188016" visible="true" version="1" changeset="93578096" timestamp="2020-11-05T05:56:47Z" user="Ajsnotlost" uid="4454642">
  <nd ref="8083410257"/>
  <nd ref="8083410258"/>
  <nd ref="8083410259"/>
  <nd ref="8083410260"/>
  <nd ref="8083410261"/>
  <nd ref="8083410262"/>
  <nd ref="8083410263"/>
  <nd ref="8083410264"/>
  <nd ref="8083410265"/>
  <nd ref="8083410266"/>
  <nd ref="8083410267"/>
  <nd ref="8083410268"/>
  <nd ref="8083410269"/>
  <nd ref="8083410270"/>
  <nd ref="8083410271"/>
  <nd ref="8083410272"/>
  <nd ref="8083410273"/>
  <nd ref="8083410274"/>
  <nd ref="8083410275"/>
  <nd ref="8083410276"/>
  <nd ref="8083410277"/>
  <nd ref="8083410278"/>
  <nd ref="8083410279"/>
  <nd ref="8083410280"/>
  <nd ref="8083410281"/>
  <nd ref="8083410282"/>
  <nd ref="8083410283"/>
  <nd ref="8083410284"/>
  <nd ref="8083410257"/>
  <tag k="natural" v="wetland"/>
  <tag k="salt" v="no"/>
  <tag k="tidal" v="no"/>
  <tag k="wetland" v="marsh"/>
 </way>
 <way id="867189598" visible="true" version="5" changeset="134725963" timestamp="2023-04-10T11:48:54Z" user="spughetti" uid="16155068">
  <nd ref="8083426850"/>
  <nd ref="8083426849"/>
  <nd ref="8083426848"/>
  <nd ref="8083426847"/>
  <nd ref="8083426846"/>
  <nd ref="8083426845"/>
  <nd ref="8083426844"/>
  <nd ref="10799184418"/>
  <nd ref="8083426843"/>
  <nd ref="10799184417"/>
  <nd ref="8083426842"/>
  <nd ref="10799184416"/>
  <nd ref="8083426841"/>
  <nd ref="10799184415"/>
  <nd ref="8083426840"/>
  <nd ref="10799184414"/>
  <nd ref="8083426839"/>
  <nd ref="10799184413"/>
  <nd ref="10799184408"/>
  <nd ref="10799184412"/>
  <nd ref="10799184407"/>
  <nd ref="10799184410"/>
  <nd ref="10799184409"/>
  <nd ref="10799184411"/>
  <nd ref="8083426837"/>
  <nd ref="10799184405"/>
  <nd ref="10799184406"/>
  <nd ref="8083426836"/>
  <nd ref="10799178304"/>
  <nd ref="10799178302"/>
  <nd ref="10799178303"/>
  <nd ref="8083426835"/>
  <nd ref="10799178300"/>
  <nd ref="10799178299"/>
  <nd ref="10799178301"/>
  <nd ref="8083426834"/>
  <nd ref="10799178297"/>
  <nd ref="10799178296"/>
  <nd ref="10799178298"/>
  <nd ref="8083426833"/>
  <nd ref="10799178295"/>
  <nd ref="10799178293"/>
  <nd ref="10799178294"/>
  <nd ref="10799178291"/>
  <nd ref="10799178292"/>
  <nd ref="8083426832"/>
  <nd ref="8083426831"/>
  <nd ref="10799178290"/>
  <nd ref="10799178289"/>
  <nd ref="10799178288"/>
  <nd ref="8083426830"/>
  <nd ref="10799178287"/>
  <nd ref="8083426828"/>
  <nd ref="8083426827"/>
  <nd ref="10799178286"/>
  <nd ref="10799178278"/>
  <nd ref="10799178277"/>
  <nd ref="10799178279"/>
  <nd ref="8083426826"/>
  <nd ref="8083426825"/>
  <nd ref="10799178282"/>
  <nd ref="10799178281"/>
  <nd ref="10799178283"/>
  <nd ref="10799178280"/>
  <nd ref="10799178284"/>
  <nd ref="8083426824"/>
  <nd ref="10799178285"/>
  <nd ref="8083426823"/>
  <nd ref="8083426822"/>
  <tag k="alt_name" v="Tenessee Hollow Creek"/>
  <tag k="intermittent" v="no"/>
  <tag k="name" v="El Polín Creek"/>
  <tag k="waterway" v="stream"/>
  <tag k="wikidata" v="Q5351856"/>
  <tag k="wikipedia" v="en:El Polín Spring"/>
 </way>
 <way id="867189599" visible="true" version="1" changeset="93578717" timestamp="2020-11-05T06:07:05Z" user="Ajsnotlost" uid="4454642">
  <nd ref="8083426851"/>
  <nd ref="8083426852"/>
  <nd ref="8083426853"/>
  <nd ref="8083426854"/>
  <nd ref="8083426855"/>
  <nd ref="8083426856"/>
  <nd ref="8083426857"/>
  <nd ref="8083426858"/>
  <nd ref="8083426859"/>
  <nd ref="8083426860"/>
  <nd ref="8083426861"/>
  <nd ref="8083426862"/>
  <nd ref="8083426863"/>
  <nd ref="8083426864"/>
  <nd ref="8083426865"/>
  <nd ref="8083426851"/>
  <tag k="natural" v="wetland"/>
 </way>
 <way id="867196068" visible="true" version="2" changeset="130929153" timestamp="2023-01-06T01:16:50Z" user="hcourt" uid="12204396">
  <nd ref="8083525531"/>
  <nd ref="10309863665"/>
  <nd ref="10309863666"/>
  <nd ref="8083525547"/>
  <tag k="intermittent" v="no"/>
  <tag k="layer" v="-1"/>
  <tag k="tunnel" v="culvert"/>
  <tag k="waterway" v="stream"/>
 </way>
 <way id="867196069" visible="true" version="2" changeset="130929153" timestamp="2023-01-06T01:16:50Z" user="hcourt" uid="12204396">
  <nd ref="8083525547"/>
  <nd ref="8083525546"/>
  <nd ref="8083525545"/>
  <nd ref="8083525532"/>
  <nd ref="8083525533"/>
  <nd ref="8083525534"/>
  <nd ref="8083525535"/>
  <nd ref="8083525536"/>
  <nd ref="8083525537"/>
  <nd ref="8083525538"/>
  <nd ref="8083525539"/>
  <nd ref="8083525540"/>
  <nd ref="8083525541"/>
  <nd ref="8083525542"/>
  <nd ref="8083525543"/>
  <nd ref="8083525544"/>
  <tag k="alt_name" v="Tenessee Hollow Creek"/>
  <tag k="intermittent" v="no"/>
  <tag k="name" v="El Polín Creek"/>
  <tag k="waterway" v="stream"/>
  <tag k="wikidata" v="Q5351856"/>
  <tag k="wikipedia" v="en:El Polín Spring"/>
 </way>
 <way id="906726565" visible="true" version="5" changeset="175089021" timestamp="2025-11-24T23:32:47Z" user="VLD170" uid="11417369">
  <nd ref="13329303954"/>
  <nd ref="8419775652"/>
  <nd ref="8419775653"/>
  <nd ref="8419775654"/>
  <nd ref="8419775655"/>
  <nd ref="8419775656"/>
  <nd ref="8419775657"/>
  <nd ref="8419775658"/>
  <nd ref="8509078726"/>
  <tag k="bicycle" v="no"/>
  <tag k="highway" v="footway"/>
  <tag k="surface" v="compacted"/>
 </way>
 <way id="910333311" visible="true" version="2" changeset="153425599" timestamp="2024-07-01T19:27:36Z" user="John Gilmore" uid="314930">
  <nd ref="8451935797"/>
  <nd ref="8451935798"/>
  <nd ref="8451935799"/>
  <nd ref="8451935800"/>
  <nd ref="8451935801"/>
  <nd ref="8451935802"/>
  <nd ref="8451935803"/>
  <tag k="footway" v="sidewalk"/>
  <tag k="highway" v="footway"/>
  <tag k="surface" v="concrete"/>
 </way>
 <way id="916107793" visible="true" version="3" changeset="159485063" timestamp="2024-11-23T07:01:45Z" user="John Gilmore" uid="314930">
  <nd ref="8509078726"/>
  <nd ref="8509078727"/>
  <nd ref="8509078728"/>
  <nd ref="8509078729"/>
  <nd ref="8509078730"/>
  <nd ref="8509078731"/>
  <nd ref="8509078732"/>
  <nd ref="8509078733"/>
  <nd ref="8509078734"/>
  <nd ref="8509078735"/>
  <nd ref="8509078736"/>
  <nd ref="8509078737"/>
  <nd ref="8509078738"/>
  <nd ref="8509078739"/>
  <nd ref="8509078740"/>
  <nd ref="8509078741"/>
  <nd ref="8509078742"/>
  <nd ref="8509078743"/>
  <nd ref="8509078744"/>
  <tag k="footway" v="sidewalk"/>
  <tag k="highway" v="footway"/>
  <tag k="lit" v="yes"/>
  <tag k="surface" v="concrete"/>
 </way>
 <way id="921100651" visible="true" version="3" changeset="182722836" timestamp="2026-05-16T01:58:13Z" user="John Gilmore" uid="314930">
  <nd ref="8551871017"/>
  <nd ref="842953148"/>
  <nd ref="842953151"/>
  <nd ref="12952297146"/>
  <nd ref="842953153"/>
  <nd ref="12952297147"/>
  <nd ref="12952297145"/>
  <tag k="foot" v="yes"/>
  <tag k="footway" v="sidewalk"/>
  <tag k="highway" v="footway"/>
  <tag k="surface" v="asphalt"/>
 </way>
 <way id="921100652" visible="true" version="3" changeset="182722836" timestamp="2026-05-16T01:58:14Z" user="John Gilmore" uid="314930">
  <nd ref="8551871017"/>
  <nd ref="3722672439"/>
  <nd ref="8551871019"/>
  <tag k="crossing" v="uncontrolled"/>
  <tag k="crossing:markings" v="zebra"/>
  <tag k="footway" v="crossing"/>
  <tag k="highway" v="footway"/>
  <tag k="surface" v="asphalt"/>
 </way>
 <way id="921100653" visible="true" version="4" changeset="168104972" timestamp="2025-06-25T17:11:27Z" user="VLD282" uid="21556038">
  <nd ref="8551871020"/>
  <nd ref="65363392"/>
  <nd ref="8551871018"/>
  <tag k="crossing" v="uncontrolled"/>
  <tag k="crossing:markings" v="zebra"/>
  <tag k="footway" v="crossing"/>
  <tag k="highway" v="footway"/>
  <tag k="lit" v="yes"/>
  <tag k="surface" v="asphalt"/>
 </way>
 <way id="921100654" visible="true" version="4" changeset="182722836" timestamp="2026-05-16T01:58:15Z" user="John Gilmore" uid="314930">
  <nd ref="8551871020"/>
  <nd ref="8551871021"/>
  <nd ref="8509078744"/>
  <tag k="crossing" v="uncontrolled"/>
  <tag k="crossing:markings" v="zebra"/>
  <tag k="footway" v="crossing"/>
  <tag k="highway" v="footway"/>
  <tag k="lit" v="yes"/>
  <tag k="surface" v="asphalt"/>
 </way>
 <way id="921100655" visible="true" version="4" changeset="182722836" timestamp="2026-05-16T01:58:15Z" user="John Gilmore" uid="314930">
  <nd ref="8509078742"/>
  <nd ref="5241967554"/>
  <nd ref="8551871017"/>
  <tag k="crossing" v="uncontrolled"/>
  <tag k="crossing:markings" v="zebra"/>
  <tag k="footway" v="crossing"/>
  <tag k="highway" v="footway"/>
  <tag k="lit" v="yes"/>
  <tag k="surface" v="asphalt"/>
 </way>
 <way id="921100656" visible="true" version="4" changeset="168451919" timestamp="2025-07-03T16:29:31Z" user="John Gilmore" uid="314930">
  <nd ref="8551871059"/>
  <nd ref="8551871060"/>
  <nd ref="8551871061"/>
  <nd ref="8551871062"/>
  <nd ref="8551871063"/>
  <nd ref="8551871064"/>
  <nd ref="8551854616"/>
  <nd ref="8551871065"/>
  <nd ref="8551871066"/>
  <nd ref="8551871067"/>
  <nd ref="8551871068"/>
  <nd ref="8551871069"/>
  <nd ref="8551871070"/>
  <nd ref="8551871074"/>
  <nd ref="8551871071"/>
  <nd ref="8551871072"/>
  <nd ref="8551871073"/>
  <nd ref="8551871075"/>
  <nd ref="8551871076"/>
  <nd ref="8551871077"/>
  <nd ref="8551871078"/>
  <nd ref="8551871079"/>
  <nd ref="8551871080"/>
  <nd ref="8551871081"/>
  <nd ref="8551871082"/>
  <nd ref="8551871083"/>
  <nd ref="12952764775"/>
  <nd ref="8551871086"/>
  <nd ref="8551871087"/>
  <nd ref="8551871088"/>
  <nd ref="8551871089"/>
  <nd ref="8551871090"/>
  <nd ref="8551871091"/>
  <nd ref="8551871092"/>
  <nd ref="8551871093"/>
  <nd ref="8551871094"/>
  <nd ref="8551871095"/>
  <nd ref="8551871096"/>
  <nd ref="8551871097"/>
  <nd ref="8551871098"/>
  <nd ref="8551871099"/>
  <nd ref="8551871100"/>
  <nd ref="8551871101"/>
  <nd ref="8551871102"/>
  <nd ref="8551871103"/>
  <nd ref="8551871104"/>
  <nd ref="8551871105"/>
  <nd ref="367073864"/>
  <tag k="footway" v="sidewalk"/>
  <tag k="highway" v="footway"/>
  <tag k="lit" v="yes"/>
  <tag k="surface" v="concrete"/>
 </way>
 <way id="921100657" visible="true" version="1" changeset="101533652" timestamp="2021-03-22T23:42:54Z" user="jnmiller" uid="2733735">
  <nd ref="8551871019"/>
  <nd ref="8551871023"/>
  <tag k="footway" v="sidewalk"/>
  <tag k="highway" v="footway"/>
 </way>
 <way id="921100658" visible="true" version="2" changeset="182722836" timestamp="2026-05-16T01:58:13Z" user="John Gilmore" uid="314930">
  <nd ref="8551871022"/>
  <nd ref="8551871028"/>
  <nd ref="8551871029"/>
  <nd ref="8551871030"/>
  <nd ref="8551871031"/>
  <tag k="footway" v="sidewalk"/>
  <tag k="highway" v="footway"/>
  <tag k="surface" v="asphalt"/>
 </way>
 <way id="921100659" visible="true" version="2" changeset="172544132" timestamp="2025-09-27T20:46:09Z" user="d3ef" uid="20167236">
  <nd ref="8551871114"/>
  <nd ref="613315057"/>
  <nd ref="8551871115"/>
  <tag k="crossing" v="marked"/>
  <tag k="footway" v="crossing"/>
  <tag k="highway" v="footway"/>
  <tag k="surface" v="asphalt"/>
 </way>
 <way id="921100660" visible="true" version="1" changeset="101533652" timestamp="2021-03-22T23:42:54Z" user="jnmiller" uid="2733735">
  <nd ref="8551871115"/>
  <nd ref="3722672051"/>
  <nd ref="8551871116"/>
  <tag k="crossing" v="marked"/>
  <tag k="footway" v="crossing"/>
  <tag k="highway" v="footway"/>
 </way>
 <way id="921100661" visible="true" version="2" changeset="168451919" timestamp="2025-07-03T16:29:30Z" user="John Gilmore" uid="314930">
  <nd ref="8551871022"/>
  <nd ref="8551871023"/>
  <nd ref="8551871024"/>
  <nd ref="8551871025"/>
  <nd ref="8551871026"/>
  <nd ref="8551871027"/>
  <nd ref="8551871032"/>
  <nd ref="8551871033"/>
  <nd ref="8551871034"/>
  <nd ref="8551871035"/>
  <nd ref="8551871036"/>
  <nd ref="8551871037"/>
  <nd ref="8551871038"/>
  <nd ref="8551871039"/>
  <nd ref="8551871040"/>
  <nd ref="8551871041"/>
  <nd ref="8551871042"/>
  <nd ref="8551871043"/>
  <nd ref="8551871044"/>
  <nd ref="8551871045"/>
  <nd ref="8551871046"/>
  <nd ref="8551871047"/>
  <nd ref="8551871048"/>
  <nd ref="8551871049"/>
  <tag k="footway" v="sidewalk"/>
  <tag k="highway" v="footway"/>
  <tag k="surface" v="concrete"/>
 </way>
 <way id="921100662" visible="true" version="3" changeset="159796641" timestamp="2024-12-01T07:44:46Z" user="John Gilmore" uid="314930">
  <nd ref="8551871049"/>
  <nd ref="8551871050"/>
  <nd ref="8551871051"/>
  <nd ref="8551871052"/>
  <nd ref="8551871053"/>
  <nd ref="8551871054"/>
  <nd ref="8551871055"/>
  <nd ref="8551871056"/>
  <nd ref="8551871057"/>
  <nd ref="8551871058"/>
  <nd ref="8551871059"/>
  <tag k="footway" v="sidewalk"/>
  <tag k="highway" v="footway"/>
  <tag k="lit" v="yes"/>
  <tag k="surface" v="concrete"/>
 </way>
 <way id="921100663" visible="true" version="1" changeset="101533652" timestamp="2021-03-22T23:42:54Z" user="jnmiller" uid="2733735">
  <nd ref="332032199"/>
  <nd ref="8551871119"/>
  <tag k="foot" v="yes"/>
  <tag k="highway" v="footway"/>
 </way>
 <way id="921100664" visible="true" version="1" changeset="101533652" timestamp="2021-03-22T23:42:54Z" user="jnmiller" uid="2733735">
  <nd ref="8551871119"/>
  <nd ref="8551871120"/>
  <nd ref="8551871038"/>
  <tag k="crossing" v="marked"/>
  <tag k="footway" v="crossing"/>
  <tag k="highway" v="footway"/>
 </way>
 <way id="921100665" visible="true" version="3" changeset="159796641" timestamp="2024-12-01T07:44:44Z" user="John Gilmore" uid="314930">
  <nd ref="8551871123"/>
  <nd ref="8551871124"/>
  <nd ref="8551871125"/>
  <nd ref="8551871126"/>
  <nd ref="8551871127"/>
  <nd ref="8551871128"/>
  <nd ref="8551871129"/>
  <nd ref="8551871130"/>
  <nd ref="8551871131"/>
  <nd ref="8551871132"/>
  <nd ref="8551871133"/>
  <nd ref="8551871134"/>
  <nd ref="8551871135"/>
  <nd ref="8551871136"/>
  <nd ref="8551871137"/>
  <nd ref="8551871138"/>
  <nd ref="8551871139"/>
  <nd ref="8551871140"/>
  <nd ref="8551871141"/>
  <nd ref="8551871142"/>
  <nd ref="8551871143"/>
  <nd ref="8551871144"/>
  <nd ref="8551871145"/>
  <tag k="footway" v="sidewalk"/>
  <tag k="highway" v="footway"/>
  <tag k="lit" v="yes"/>
  <tag k="surface" v="concrete"/>
 </way>
 <way id="921100666" visible="true" version="2" changeset="172544132" timestamp="2025-09-27T20:46:16Z" user="d3ef" uid="20167236">
  <nd ref="8551871145"/>
  <nd ref="8551871146"/>
  <nd ref="8551871115"/>
  <tag k="footway" v="sidewalk"/>
  <tag k="highway" v="footway"/>
  <tag k="surface" v="concrete"/>
 </way>
 <way id="921100667" visible="true" version="2" changeset="129955977" timestamp="2022-12-11T09:18:43Z" user="spughetti" uid="16155068">
  <nd ref="8551871146"/>
  <nd ref="8551871147"/>
  <nd ref="8551871148"/>
  <nd ref="8551871149"/>
  <nd ref="7221701085"/>
  <nd ref="10252861389"/>
  <nd ref="10252861390"/>
  <nd ref="8551871150"/>
  <nd ref="355784556"/>
  <tag k="footway" v="sidewalk"/>
  <tag k="highway" v="footway"/>
 </way>
 <way id="1024144579" visible="true" version="2" changeset="153425599" timestamp="2024-07-01T19:27:43Z" user="John Gilmore" uid="314930">
  <nd ref="8451935797"/>
  <nd ref="7221708811"/>
  <tag k="foot" v="yes"/>
  <tag k="highway" v="footway"/>
  <tag k="name" v="Lovers' Lane"/>
  <tag k="surface" v="concrete"/>
 </way>
 <way id="1024144580" visible="true" version="3" changeset="186230090" timestamp="2026-07-23T12:01:53Z" user="Dogman15" uid="14845392">
  <nd ref="9443918154"/>
  <nd ref="65347896"/>
  <nd ref="8451935797"/>
  <tag k="crossing" v="marked"/>
  <tag k="crossing:markings" v="zebra"/>
  <tag k="foot" v="yes"/>
  <tag k="footway" v="crossing"/>
  <tag k="highway" v="footway"/>
  <tag k="name" v="Lovers' Lane"/>
  <tag k="surface" v="asphalt"/>
 </way>
 <way id="1025013004" visible="true" version="2" changeset="183182503" timestamp="2026-05-26T01:28:53Z" user="NAParish" uid="174586">
  <nd ref="9451285110"/>
  <nd ref="9451285111"/>
  <nd ref="9451285112"/>
  <nd ref="9451285195"/>
  <nd ref="9451285113"/>
  <nd ref="9451285114"/>
  <nd ref="9451285115"/>
  <nd ref="9451285116"/>
  <nd ref="9451285117"/>
  <nd ref="9451285118"/>
  <nd ref="9451285119"/>
  <nd ref="9451285120"/>
  <nd ref="9451285121"/>
  <nd ref="9451285122"/>
  <nd ref="9451285123"/>
  <nd ref="9451285124"/>
  <nd ref="9451285125"/>
  <nd ref="9451285126"/>
  <nd ref="9451285127"/>
  <nd ref="9451285128"/>
  <nd ref="9451285129"/>
  <nd ref="9451285130"/>
  <nd ref="9451285131"/>
  <nd ref="9451285132"/>
  <nd ref="9451285133"/>
  <nd ref="9451285134"/>
  <nd ref="9451285135"/>
  <nd ref="9451285136"/>
  <nd ref="9451285137"/>
  <nd ref="9451285138"/>
  <nd ref="9451285139"/>
  <nd ref="9451285140"/>
  <nd ref="9451285141"/>
  <nd ref="9451285142"/>
  <nd ref="9451285143"/>
  <nd ref="9451285144"/>
  <nd ref="9451285203"/>
  <nd ref="9451285145"/>
  <nd ref="9451285146"/>
  <nd ref="9451285147"/>
  <nd ref="9451285148"/>
  <nd ref="9451285149"/>
  <nd ref="9451285150"/>
  <nd ref="9451285210"/>
  <nd ref="9451285151"/>
  <nd ref="9451285152"/>
  <nd ref="9451285153"/>
  <nd ref="9451285154"/>
  <nd ref="9451285155"/>
  <nd ref="9451285156"/>
  <nd ref="9451285157"/>
  <nd ref="9451285158"/>
  <nd ref="9451285159"/>
  <nd ref="9451285160"/>
  <nd ref="65283654"/>
  <nd ref="9451285161"/>
  <nd ref="9451285162"/>
  <nd ref="9451285163"/>
  <nd ref="9451285164"/>
  <nd ref="9451285165"/>
  <nd ref="9451285166"/>
  <nd ref="9451285167"/>
  <nd ref="9451285168"/>
  <nd ref="9451285169"/>
  <nd ref="9451285170"/>
  <nd ref="9451285171"/>
  <nd ref="9451285172"/>
  <nd ref="9451285173"/>
  <nd ref="9451285174"/>
  <nd ref="9451285175"/>
  <nd ref="9451285176"/>
  <nd ref="9451285177"/>
  <nd ref="9451285178"/>
  <nd ref="9451285179"/>
  <nd ref="9451285180"/>
  <nd ref="9451285181"/>
  <nd ref="173173140"/>
  <nd ref="9443918124"/>
  <nd ref="9451285182"/>
  <nd ref="9451285183"/>
  <nd ref="9451285184"/>
  <nd ref="9451285185"/>
  <nd ref="9451285186"/>
  <nd ref="9451285187"/>
  <nd ref="9451285188"/>
  <nd ref="9451285189"/>
  <nd ref="9451285190"/>
  <nd ref="9451285191"/>
  <nd ref="9451285192"/>
  <nd ref="829661402"/>
  <nd ref="829661401"/>
  <nd ref="829661413"/>
  <nd ref="9451285110"/>
  <tag k="natural" v="wood"/>
 </way>
 <way id="1025013007" visible="true" version="1" changeset="116640347" timestamp="2022-01-26T21:38:16Z" user="willkmis" uid="11523236">
  <nd ref="9451285142"/>
  <nd ref="9451285197"/>
  <nd ref="9451285198"/>
  <nd ref="9451285199"/>
  <nd ref="9451285200"/>
  <nd ref="9451285201"/>
  <nd ref="9451285202"/>
  <nd ref="9451285143"/>
  <nd ref="9451285142"/>
  <tag k="natural" v="scrub"/>
 </way>
 <way id="1025013008" visible="true" version="1" changeset="116640347" timestamp="2022-01-26T21:38:16Z" user="willkmis" uid="11523236">
  <nd ref="9451285203"/>
  <nd ref="9451285204"/>
  <nd ref="9451285205"/>
  <nd ref="9451285206"/>
  <nd ref="9451285207"/>
  <nd ref="9451285208"/>
  <nd ref="9451285209"/>
  <nd ref="9451285210"/>
  <nd ref="9451285150"/>
  <nd ref="9451285149"/>
  <nd ref="9451285148"/>
  <nd ref="9451285147"/>
  <nd ref="9451285146"/>
  <nd ref="9451285145"/>
  <nd ref="9451285203"/>
  <tag k="natural" v="scrub"/>
 </way>
 <way id="1025013009" visible="true" version="1" changeset="116640347" timestamp="2022-01-26T21:38:16Z" user="willkmis" uid="11523236">
  <nd ref="8083410289"/>
  <nd ref="8083410285"/>
  <nd ref="9451285211"/>
  <nd ref="9451285212"/>
  <nd ref="9451285213"/>
  <nd ref="9451285214"/>
  <nd ref="9451285215"/>
  <nd ref="9451285216"/>
  <nd ref="9451285217"/>
  <nd ref="9451285218"/>
  <nd ref="9451285219"/>
  <nd ref="9451285220"/>
  <nd ref="9451285221"/>
  <nd ref="9451285222"/>
  <nd ref="8083410299"/>
  <nd ref="7221708816"/>
  <nd ref="7221708815"/>
  <nd ref="7221708814"/>
  <nd ref="7221708813"/>
  <nd ref="7221708812"/>
  <nd ref="300726868"/>
  <nd ref="8083410289"/>
  <tag k="natural" v="wood"/>
 </way>
 <way id="1074177195" visible="true" version="7" changeset="178918321" timestamp="2026-02-22T21:53:16Z" user="TheNightRider" uid="1968961">
  <nd ref="9853038132"/>
  <nd ref="9853038133"/>
  <nd ref="9853038134"/>
  <nd ref="12837545562"/>
  <nd ref="12837545563"/>
  <nd ref="12837545564"/>
  <nd ref="12837545565"/>
  <nd ref="12837545567"/>
  <nd ref="12837545566"/>
  <nd ref="12837545568"/>
  <nd ref="12837545569"/>
  <nd ref="12837545570"/>
  <nd ref="9853038135"/>
  <nd ref="12837545571"/>
  <nd ref="9853038136"/>
  <nd ref="9853038137"/>
  <nd ref="9853038132"/>
  <tag k="addr:city" v="San Francisco"/>
  <tag k="addr:housenumber" v="1"/>
  <tag k="addr:postcode" v="94129"/>
  <tag k="addr:state" v="CA"/>
  <tag k="addr:street" v="Letterman Drive"/>
  <tag k="fixme" v="Update wikidata and wikimedia_commons tags after the wiki data are updated."/>
  <tag k="landuse" v="commercial"/>
  <tag k="name" v="One Letterman"/>
  <tag k="note" v="Formerly Letterman Digital Arts Center until March 2024. No rename date listed but compare the 2 source URLs at archive.org to see the rename happened after 2024-02-24 and by 2024-03-20."/>
  <tag k="old_name" v="Letterman Digital Arts Center"/>
  <tag k="source" v="https://web.archive.org/web/20240224090625/http://onelettermandrive.com/;https://web.archive.org/web/20240320112314/https://www.onelettermandrive.com/"/>
  <tag k="website" v="https://www.onelettermandrive.com"/>
  <tag k="wikidata" v="Q6533683"/>
  <tag k="wikimedia_commons" v="Category:Letterman Digital Arts Center"/>
 </way>
 <way id="1120955434" visible="true" version="4" changeset="169977450" timestamp="2025-08-04T21:27:30Z" user="ericw" uid="152959">
  <nd ref="10252835951"/>
  <nd ref="10253050819"/>
  <nd ref="3065919083"/>
  <nd ref="10252835952"/>
  <nd ref="10252835953"/>
  <nd ref="171965463"/>
  <nd ref="10252835954"/>
  <nd ref="10252947857"/>
  <nd ref="10253050818"/>
  <nd ref="10252835951"/>
  <tag k="bridge:structure" v="beam"/>
  <tag k="layer" v="1"/>
  <tag k="man_made" v="bridge"/>
 </way>
 <way id="1120957362" visible="true" version="2" changeset="166678394" timestamp="2025-05-24T00:35:53Z" user="mapadu" uid="9755853">
  <nd ref="171964769"/>
  <nd ref="5638014781"/>
  <nd ref="10252826884"/>
  <nd ref="10252826882"/>
  <nd ref="10252826883"/>
  <nd ref="171964770"/>
  <nd ref="10252826886"/>
  <nd ref="10252826885"/>
  <nd ref="10252826887"/>
  <nd ref="10252826888"/>
  <nd ref="171964772"/>
  <tag k="highway" v="footway"/>
  <tag k="lit" v="yes"/>
  <tag k="surface" v="asphalt"/>
 </way>
 <way id="1120957368" visible="true" version="5" changeset="185760130" timestamp="2026-07-15T04:53:37Z" user="ReturnOfCactusJ" uid="20556719">
  <nd ref="12859825216"/>
  <nd ref="12859825282"/>
  <nd ref="12859825234"/>
  <nd ref="10252855769"/>
  <tag k="bicycle" v="no"/>
  <tag k="highway" v="footway"/>
 </way>
 <way id="1120957369" visible="true" version="4" changeset="180792459" timestamp="2026-04-03T02:48:13Z" user="broman_pl" uid="503859">
  <nd ref="10252855769"/>
  <nd ref="10252855770"/>
  <tag k="bicycle" v="yes"/>
  <tag k="highway" v="footway"/>
  <tag k="layer" v="1"/>
  <tag k="surface" v="paving_stones"/>
 </way>
 <way id="1120964918" visible="true" version="3" changeset="166282123" timestamp="2025-05-15T01:50:20Z" user="TheNightRider" uid="1968961">
  <nd ref="10252947657"/>
  <nd ref="10252947850"/>
  <nd ref="10252947658"/>
  <nd ref="10252947849"/>
  <nd ref="10252947847"/>
  <nd ref="10252947848"/>
  <nd ref="10252947843"/>
  <nd ref="10252947846"/>
  <nd ref="10252947845"/>
  <nd ref="10252947844"/>
  <nd ref="10252947659"/>
  <nd ref="10252947840"/>
  <nd ref="10252947839"/>
  <nd ref="10252947842"/>
  <nd ref="10252947841"/>
  <nd ref="10252947836"/>
  <nd ref="10252947837"/>
  <nd ref="10252947838"/>
  <nd ref="10252947832"/>
  <nd ref="10252947835"/>
  <nd ref="10252947834"/>
  <nd ref="10252947833"/>
  <nd ref="10252947660"/>
  <nd ref="10252947830"/>
  <nd ref="10252947831"/>
  <nd ref="10252947828"/>
  <nd ref="10252947829"/>
  <nd ref="10252947661"/>
  <nd ref="10252947827"/>
  <nd ref="10252947826"/>
  <nd ref="10252947825"/>
  <nd ref="10252947818"/>
  <nd ref="10252947822"/>
  <nd ref="10252947820"/>
  <nd ref="10252947824"/>
  <nd ref="10252947823"/>
  <nd ref="10252947821"/>
  <nd ref="10252947819"/>
  <nd ref="10252947811"/>
  <nd ref="10252947817"/>
  <nd ref="10252947815"/>
  <nd ref="10252947816"/>
  <nd ref="10252947812"/>
  <nd ref="10252947814"/>
  <nd ref="10252947813"/>
  <nd ref="10252947662"/>
  <nd ref="10252947803"/>
  <nd ref="10252947802"/>
  <nd ref="10252947808"/>
  <nd ref="10252947809"/>
  <nd ref="10252947804"/>
  <nd ref="10252947807"/>
  <nd ref="10252947805"/>
  <nd ref="10252947806"/>
  <nd ref="10252947794"/>
  <nd ref="10252947799"/>
  <nd ref="10252947800"/>
  <nd ref="10252947795"/>
  <nd ref="10252947801"/>
  <nd ref="10252947797"/>
  <nd ref="10252947796"/>
  <nd ref="10252947810"/>
  <nd ref="10252947786"/>
  <nd ref="10252947792"/>
  <nd ref="10252947793"/>
  <nd ref="10252947791"/>
  <nd ref="10252947788"/>
  <nd ref="10252947789"/>
  <nd ref="10252947790"/>
  <nd ref="10252947787"/>
  <nd ref="10252947663"/>
  <nd ref="10252947785"/>
  <nd ref="10252947784"/>
  <nd ref="10252947783"/>
  <nd ref="10252947782"/>
  <nd ref="10252947781"/>
  <nd ref="10252947764"/>
  <nd ref="10252947770"/>
  <nd ref="10252947769"/>
  <nd ref="10252947768"/>
  <nd ref="10252947771"/>
  <nd ref="10252947767"/>
  <nd ref="10252947772"/>
  <nd ref="10252947766"/>
  <nd ref="10252947775"/>
  <nd ref="10252947774"/>
  <nd ref="10252947776"/>
  <nd ref="10252947773"/>
  <nd ref="10252947779"/>
  <nd ref="10252947777"/>
  <nd ref="10252947778"/>
  <nd ref="10252947765"/>
  <nd ref="10252947780"/>
  <nd ref="10252947664"/>
  <nd ref="10252947748"/>
  <nd ref="10252947761"/>
  <nd ref="10252947762"/>
  <nd ref="10252947760"/>
  <nd ref="10252947759"/>
  <nd ref="10252947749"/>
  <nd ref="10252947758"/>
  <nd ref="10252947750"/>
  <nd ref="10252947757"/>
  <nd ref="10252947756"/>
  <nd ref="10252947752"/>
  <nd ref="10252947753"/>
  <nd ref="10252947755"/>
  <nd ref="10252947751"/>
  <nd ref="10252947736"/>
  <nd ref="10252947747"/>
  <nd ref="10252947745"/>
  <nd ref="10252947746"/>
  <nd ref="10252947744"/>
  <nd ref="10252947737"/>
  <nd ref="10252947743"/>
  <nd ref="10252947742"/>
  <nd ref="10252947741"/>
  <nd ref="10252947738"/>
  <nd ref="10252947739"/>
  <nd ref="10252947740"/>
  <nd ref="10252947721"/>
  <nd ref="10252947732"/>
  <nd ref="10252947731"/>
  <nd ref="10252947728"/>
  <nd ref="10252947729"/>
  <nd ref="10252947730"/>
  <nd ref="10252947723"/>
  <nd ref="10252947727"/>
  <nd ref="10252947726"/>
  <nd ref="10252947724"/>
  <nd ref="10252947725"/>
  <nd ref="10252947735"/>
  <nd ref="10252947722"/>
  <nd ref="10252947734"/>
  <nd ref="10252947733"/>
  <nd ref="10252947665"/>
  <nd ref="10252947720"/>
  <nd ref="10252947718"/>
  <nd ref="10252947719"/>
  <nd ref="10253058323"/>
  <nd ref="10252947716"/>
  <nd ref="10253058325"/>
  <nd ref="10252947717"/>
  <nd ref="10253058324"/>
  <nd ref="10252947714"/>
  <nd ref="10252947715"/>
  <nd ref="10252947666"/>
  <nd ref="10252947713"/>
  <nd ref="10252947667"/>
  <nd ref="10252947712"/>
  <nd ref="10252947710"/>
  <nd ref="10252947711"/>
  <nd ref="10252947709"/>
  <nd ref="10252947668"/>
  <nd ref="10252947708"/>
  <nd ref="10252947700"/>
  <nd ref="10252947707"/>
  <nd ref="10252947701"/>
  <nd ref="10252947706"/>
  <nd ref="10252947669"/>
  <nd ref="10252947705"/>
  <nd ref="10252947699"/>
  <nd ref="10252947704"/>
  <nd ref="10252947697"/>
  <nd ref="10252947703"/>
  <nd ref="10252947698"/>
  <nd ref="10252947702"/>
  <nd ref="10252947670"/>
  <nd ref="10252947695"/>
  <nd ref="10252947694"/>
  <nd ref="10252947696"/>
  <nd ref="10252947690"/>
  <nd ref="10252947693"/>
  <nd ref="10252947691"/>
  <nd ref="10252947692"/>
  <nd ref="10252947671"/>
  <nd ref="10252947689"/>
  <nd ref="10252947687"/>
  <nd ref="10252947688"/>
  <nd ref="10252947682"/>
  <nd ref="10252947683"/>
  <nd ref="10252947686"/>
  <nd ref="10252947684"/>
  <nd ref="10252947685"/>
  <nd ref="10252947672"/>
  <nd ref="10252947681"/>
  <nd ref="10252947679"/>
  <nd ref="10252947680"/>
  <nd ref="10252947673"/>
  <nd ref="10252947678"/>
  <nd ref="10252947677"/>
  <nd ref="10252947674"/>
  <nd ref="10252947676"/>
  <nd ref="10252947675"/>
  <nd ref="10252947657"/>
  <tag k="landuse" v="grass"/>
 </way>
 <way id="1120964919" visible="true" version="2" changeset="166282123" timestamp="2025-05-15T01:50:20Z" user="TheNightRider" uid="1968961">
  <nd ref="10252947851"/>
  <nd ref="10252947852"/>
  <nd ref="10252947939"/>
  <nd ref="10252947940"/>
  <nd ref="10252947853"/>
  <nd ref="10252947937"/>
  <nd ref="10252947936"/>
  <nd ref="10252947938"/>
  <nd ref="10252947932"/>
  <nd ref="10252947941"/>
  <nd ref="10252947934"/>
  <nd ref="10252947933"/>
  <nd ref="10252947935"/>
  <nd ref="10252947854"/>
  <nd ref="10252947927"/>
  <nd ref="10252947926"/>
  <nd ref="10252947928"/>
  <nd ref="10252947855"/>
  <nd ref="10252947930"/>
  <nd ref="10252947929"/>
  <nd ref="10252947931"/>
  <nd ref="10252947856"/>
  <nd ref="10252947925"/>
  <nd ref="10252947924"/>
  <nd ref="10252835954"/>
  <nd ref="10252947857"/>
  <nd ref="10252947923"/>
  <nd ref="10252947915"/>
  <nd ref="10252947920"/>
  <nd ref="10252947921"/>
  <nd ref="10252947916"/>
  <nd ref="10252947919"/>
  <nd ref="10252947918"/>
  <nd ref="10252947917"/>
  <nd ref="10252947858"/>
  <nd ref="10252947907"/>
  <nd ref="10252947905"/>
  <nd ref="10252947906"/>
  <nd ref="10252947904"/>
  <nd ref="10252947909"/>
  <nd ref="10252947911"/>
  <nd ref="10252947912"/>
  <nd ref="10252947910"/>
  <nd ref="10252947908"/>
  <nd ref="10252947914"/>
  <nd ref="10252947913"/>
  <nd ref="10252947859"/>
  <nd ref="10252947899"/>
  <nd ref="10252947903"/>
  <nd ref="10252947898"/>
  <nd ref="10252947900"/>
  <nd ref="10252947902"/>
  <nd ref="10252947901"/>
  <nd ref="10252947895"/>
  <nd ref="10252947897"/>
  <nd ref="10252947896"/>
  <nd ref="10252947889"/>
  <nd ref="10252947893"/>
  <nd ref="10252947894"/>
  <nd ref="10252947891"/>
  <nd ref="10252947890"/>
  <nd ref="10252947892"/>
  <nd ref="10252947884"/>
  <nd ref="10252947885"/>
  <nd ref="10252947886"/>
  <nd ref="10252947888"/>
  <nd ref="10252947887"/>
  <nd ref="10252947883"/>
  <nd ref="10252947875"/>
  <nd ref="10252947877"/>
  <nd ref="10252947879"/>
  <nd ref="10252947878"/>
  <nd ref="10252947876"/>
  <nd ref="10252947882"/>
  <nd ref="10252947881"/>
  <nd ref="10252947880"/>
  <nd ref="10252947860"/>
  <nd ref="10252947874"/>
  <nd ref="10252947867"/>
  <nd ref="10252947873"/>
  <nd ref="10252947865"/>
  <nd ref="10252947872"/>
  <nd ref="10252947866"/>
  <nd ref="10252947871"/>
  <nd ref="10252947861"/>
  <nd ref="10252947868"/>
  <nd ref="10252947864"/>
  <nd ref="10252947869"/>
  <nd ref="10252947862"/>
  <nd ref="10252947870"/>
  <nd ref="10252947863"/>
  <nd ref="10252947851"/>
  <tag k="landuse" v="grass"/>
 </way>
 <way id="1120964920" visible="true" version="1" changeset="129957658" timestamp="2022-12-11T10:25:21Z" user="spughetti" uid="16155068">
  <nd ref="10252947942"/>
  <nd ref="10252948031"/>
  <nd ref="10252948029"/>
  <nd ref="10252948030"/>
  <nd ref="10252947943"/>
  <nd ref="10252948027"/>
  <nd ref="10252948026"/>
  <nd ref="10252948028"/>
  <nd ref="10252948022"/>
  <nd ref="10252948025"/>
  <nd ref="10252948023"/>
  <nd ref="10252948024"/>
  <nd ref="10252947944"/>
  <nd ref="10252948020"/>
  <nd ref="10252948019"/>
  <nd ref="10252948021"/>
  <nd ref="10252948016"/>
  <nd ref="10252948018"/>
  <nd ref="10252948017"/>
  <nd ref="10252947945"/>
  <nd ref="10252948015"/>
  <nd ref="10252948014"/>
  <nd ref="10252948013"/>
  <nd ref="10252948005"/>
  <nd ref="10252948006"/>
  <nd ref="10252948003"/>
  <nd ref="10252948007"/>
  <nd ref="10252948010"/>
  <nd ref="10252948009"/>
  <nd ref="10252948008"/>
  <nd ref="10252948004"/>
  <nd ref="10252947946"/>
  <nd ref="10252948002"/>
  <nd ref="10252948011"/>
  <nd ref="10252948012"/>
  <nd ref="10252948000"/>
  <nd ref="10252948001"/>
  <nd ref="10252947947"/>
  <nd ref="10252947999"/>
  <nd ref="10252947997"/>
  <nd ref="10252947998"/>
  <nd ref="10252947993"/>
  <nd ref="10252947996"/>
  <nd ref="10252947994"/>
  <nd ref="10252947995"/>
  <nd ref="10252947988"/>
  <nd ref="10252947989"/>
  <nd ref="10252947948"/>
  <nd ref="10252947984"/>
  <nd ref="10252947987"/>
  <nd ref="10252947992"/>
  <nd ref="10252947985"/>
  <nd ref="10252947991"/>
  <nd ref="10252947986"/>
  <nd ref="10252947990"/>
  <nd ref="10252947949"/>
  <nd ref="10252947983"/>
  <nd ref="10252947982"/>
  <nd ref="10252947965"/>
  <nd ref="10252947980"/>
  <nd ref="10252947978"/>
  <nd ref="10252947979"/>
  <nd ref="10252947974"/>
  <nd ref="10252947976"/>
  <nd ref="10252947975"/>
  <nd ref="10252947977"/>
  <nd ref="10252947966"/>
  <nd ref="10252947973"/>
  <nd ref="10252947971"/>
  <nd ref="10252947972"/>
  <nd ref="10252947967"/>
  <nd ref="10252947970"/>
  <nd ref="10252947968"/>
  <nd ref="10252947969"/>
  <nd ref="10252947950"/>
  <nd ref="10252947981"/>
  <nd ref="10252947963"/>
  <nd ref="10252947964"/>
  <nd ref="10252947959"/>
  <nd ref="10252947962"/>
  <nd ref="10252947960"/>
  <nd ref="10252947961"/>
  <nd ref="10252947951"/>
  <nd ref="10252947958"/>
  <nd ref="10252947954"/>
  <nd ref="10252947957"/>
  <nd ref="10252947952"/>
  <nd ref="10252947956"/>
  <nd ref="10252947953"/>
  <nd ref="10252947955"/>
  <nd ref="10252947942"/>
  <tag k="landuse" v="grass"/>
 </way>
 <way id="1120964922" visible="true" version="2" changeset="166282123" timestamp="2025-05-15T01:50:20Z" user="TheNightRider" uid="1968961">
  <nd ref="10252948083"/>
  <nd ref="10252948097"/>
  <nd ref="10252948108"/>
  <nd ref="10252948096"/>
  <nd ref="10252948107"/>
  <nd ref="10252948098"/>
  <nd ref="10252948106"/>
  <nd ref="10252948095"/>
  <nd ref="10252948105"/>
  <nd ref="10252948100"/>
  <nd ref="10252948104"/>
  <nd ref="10252948099"/>
  <nd ref="10252948103"/>
  <nd ref="10252948101"/>
  <nd ref="10252948102"/>
  <nd ref="10252948084"/>
  <nd ref="10252948229"/>
  <nd ref="10252948227"/>
  <nd ref="10252948228"/>
  <nd ref="10252948225"/>
  <nd ref="10252948226"/>
  <nd ref="10252948220"/>
  <nd ref="10252948222"/>
  <nd ref="10252948223"/>
  <nd ref="10252948221"/>
  <nd ref="10252948224"/>
  <nd ref="10252948085"/>
  <nd ref="10252948219"/>
  <nd ref="10252948216"/>
  <nd ref="10252948217"/>
  <nd ref="10252948213"/>
  <nd ref="10252948218"/>
  <nd ref="10252948214"/>
  <nd ref="10252948215"/>
  <nd ref="10252948205"/>
  <nd ref="10252948209"/>
  <nd ref="10252948207"/>
  <nd ref="10252948210"/>
  <nd ref="10252948206"/>
  <nd ref="10252948211"/>
  <nd ref="10252948208"/>
  <nd ref="10252948212"/>
  <nd ref="10252948086"/>
  <nd ref="10252948196"/>
  <nd ref="10252948197"/>
  <nd ref="10252948195"/>
  <nd ref="10252948199"/>
  <nd ref="10252948198"/>
  <nd ref="10252948200"/>
  <nd ref="10252948087"/>
  <nd ref="10252948201"/>
  <nd ref="10252948203"/>
  <nd ref="10252948204"/>
  <nd ref="10252948202"/>
  <nd ref="10252769583"/>
  <nd ref="10252948088"/>
  <nd ref="10252948089"/>
  <nd ref="10252948185"/>
  <nd ref="10252948192"/>
  <nd ref="10252948194"/>
  <nd ref="10252948193"/>
  <nd ref="10252948191"/>
  <nd ref="10252948187"/>
  <nd ref="10252948188"/>
  <nd ref="10252948186"/>
  <nd ref="10252948090"/>
  <nd ref="10252948190"/>
  <nd ref="10252948189"/>
  <nd ref="10252948182"/>
  <nd ref="10252948091"/>
  <nd ref="10252948183"/>
  <nd ref="10252948184"/>
  <nd ref="10252948180"/>
  <nd ref="10252948179"/>
  <nd ref="10252948181"/>
  <nd ref="10252948174"/>
  <nd ref="10252948178"/>
  <nd ref="10252948175"/>
  <nd ref="10252948176"/>
  <nd ref="10252948177"/>
  <nd ref="10252948092"/>
  <nd ref="10252948169"/>
  <nd ref="10252948170"/>
  <nd ref="10252948168"/>
  <nd ref="10252948173"/>
  <nd ref="10252948172"/>
  <nd ref="10252948171"/>
  <nd ref="10252948167"/>
  <nd ref="10252948093"/>
  <nd ref="10252948161"/>
  <nd ref="10252948165"/>
  <nd ref="10252948163"/>
  <nd ref="10252948166"/>
  <nd ref="10252948162"/>
  <nd ref="10252948164"/>
  <nd ref="10252948143"/>
  <nd ref="10252948159"/>
  <nd ref="10252948160"/>
  <nd ref="10252948155"/>
  <nd ref="10252948158"/>
  <nd ref="10252948156"/>
  <nd ref="10252948157"/>
  <nd ref="10252948113"/>
  <nd ref="10252948152"/>
  <nd ref="10252948153"/>
  <nd ref="10252948151"/>
  <nd ref="10252948150"/>
  <nd ref="10252948154"/>
  <nd ref="10252948144"/>
  <nd ref="10252948149"/>
  <nd ref="10252948148"/>
  <nd ref="10252948145"/>
  <nd ref="10252948147"/>
  <nd ref="10252948146"/>
  <nd ref="10252948119"/>
  <nd ref="10252948142"/>
  <nd ref="10252948131"/>
  <nd ref="10252948141"/>
  <nd ref="10252948132"/>
  <nd ref="10252948133"/>
  <nd ref="10252948137"/>
  <nd ref="10252948134"/>
  <nd ref="10252948139"/>
  <nd ref="10252948135"/>
  <nd ref="10252948140"/>
  <nd ref="10252948136"/>
  <nd ref="10252948120"/>
  <nd ref="10252948130"/>
  <nd ref="10252948128"/>
  <nd ref="10252948129"/>
  <nd ref="10252948126"/>
  <nd ref="10252948127"/>
  <nd ref="10252948121"/>
  <nd ref="10252948125"/>
  <nd ref="10252948114"/>
  <nd ref="10252948123"/>
  <nd ref="10252948122"/>
  <nd ref="10252948115"/>
  <nd ref="10252948124"/>
  <nd ref="10252948117"/>
  <nd ref="10252948116"/>
  <nd ref="10252948118"/>
  <nd ref="10252948094"/>
  <nd ref="10252948112"/>
  <nd ref="10252948110"/>
  <nd ref="10252948111"/>
  <nd ref="10252948109"/>
  <nd ref="10252948083"/>
  <tag k="landuse" v="grass"/>
 </way>
 <way id="1120969827" visible="true" version="1" changeset="129958873" timestamp="2022-12-11T11:06:38Z" user="spughetti" uid="16155068">
  <nd ref="2919360804"/>
  <nd ref="10253006587"/>
  <nd ref="10253006610"/>
  <nd ref="10253006611"/>
  <nd ref="10253006606"/>
  <nd ref="10253006612"/>
  <nd ref="10253006609"/>
  <nd ref="10253006607"/>
  <nd ref="10253006608"/>
  <nd ref="10253006588"/>
  <nd ref="10253006633"/>
  <nd ref="10253006616"/>
  <nd ref="10253006632"/>
  <nd ref="10253006614"/>
  <nd ref="10253006631"/>
  <nd ref="10253006615"/>
  <nd ref="10253006630"/>
  <nd ref="10253006613"/>
  <nd ref="10253006629"/>
  <nd ref="10253006619"/>
  <nd ref="10253006628"/>
  <nd ref="10253006617"/>
  <nd ref="10253006627"/>
  <nd ref="10253006618"/>
  <nd ref="10253006626"/>
  <nd ref="10253006589"/>
  <nd ref="10253006624"/>
  <nd ref="10253006623"/>
  <nd ref="10253006625"/>
  <nd ref="10253006621"/>
  <nd ref="10253006635"/>
  <nd ref="10253006622"/>
  <nd ref="10253006634"/>
  <nd ref="10253006620"/>
  <nd ref="10253006639"/>
  <nd ref="10253006590"/>
  <nd ref="10253006640"/>
  <nd ref="10253006638"/>
  <nd ref="10253006650"/>
  <nd ref="10253006636"/>
  <nd ref="10253006649"/>
  <nd ref="10253006637"/>
  <nd ref="10253006648"/>
  <nd ref="10253006591"/>
  <nd ref="10253006647"/>
  <nd ref="10253006645"/>
  <nd ref="10253006646"/>
  <nd ref="10253006641"/>
  <nd ref="10253006644"/>
  <nd ref="10253006642"/>
  <nd ref="10253006643"/>
  <nd ref="10253006592"/>
  <nd ref="10253006654"/>
  <nd ref="10253006652"/>
  <nd ref="10253006668"/>
  <nd ref="10253006653"/>
  <nd ref="10253006667"/>
  <nd ref="10253006651"/>
  <nd ref="10253006666"/>
  <nd ref="10253006664"/>
  <nd ref="10253006665"/>
  <nd ref="10253006655"/>
  <nd ref="10253006663"/>
  <nd ref="10253006660"/>
  <nd ref="10253006662"/>
  <nd ref="10253006656"/>
  <nd ref="10253006661"/>
  <nd ref="10253006657"/>
  <nd ref="10253006658"/>
  <nd ref="10253006659"/>
  <nd ref="10253006593"/>
  <nd ref="10253006672"/>
  <nd ref="10253006674"/>
  <nd ref="10253006673"/>
  <nd ref="10253006675"/>
  <nd ref="10253006594"/>
  <nd ref="10253006669"/>
  <nd ref="10253006676"/>
  <nd ref="10253006671"/>
  <nd ref="10253006677"/>
  <nd ref="10253006670"/>
  <nd ref="10253006678"/>
  <nd ref="10253006679"/>
  <nd ref="10253006595"/>
  <nd ref="10253006685"/>
  <nd ref="10253006687"/>
  <nd ref="10253006682"/>
  <nd ref="10253006686"/>
  <nd ref="10253006684"/>
  <nd ref="10253006683"/>
  <nd ref="10253006681"/>
  <nd ref="10253006690"/>
  <nd ref="10253006688"/>
  <nd ref="10253006689"/>
  <nd ref="10253006680"/>
  <nd ref="10253006692"/>
  <nd ref="10253006691"/>
  <nd ref="10253006695"/>
  <nd ref="10253006693"/>
  <nd ref="10253006694"/>
  <nd ref="10253006596"/>
  <nd ref="10253006700"/>
  <nd ref="10253006698"/>
  <nd ref="10253006699"/>
  <nd ref="10253006696"/>
  <nd ref="10253006701"/>
  <nd ref="10253006697"/>
  <nd ref="10253006702"/>
  <nd ref="10253006709"/>
  <nd ref="10253006597"/>
  <nd ref="10253006708"/>
  <nd ref="10253006705"/>
  <nd ref="10253006706"/>
  <nd ref="10253006707"/>
  <nd ref="10253006704"/>
  <nd ref="10253006703"/>
  <nd ref="10253006711"/>
  <nd ref="10253006710"/>
  <nd ref="10253006712"/>
  <nd ref="10253006713"/>
  <nd ref="10253006598"/>
  <nd ref="10253006728"/>
  <nd ref="10253006726"/>
  <nd ref="10253006729"/>
  <nd ref="10253006727"/>
  <nd ref="10253006722"/>
  <nd ref="10253006730"/>
  <nd ref="10253006725"/>
  <nd ref="10253006723"/>
  <nd ref="10253006724"/>
  <nd ref="10253006714"/>
  <nd ref="10253006718"/>
  <nd ref="10253006717"/>
  <nd ref="10253006719"/>
  <nd ref="10253006715"/>
  <nd ref="10253006720"/>
  <nd ref="10253006716"/>
  <nd ref="10253006721"/>
  <nd ref="10253006599"/>
  <nd ref="10253006735"/>
  <nd ref="10253006734"/>
  <nd ref="10253006737"/>
  <nd ref="10253006600"/>
  <nd ref="10253006736"/>
  <nd ref="10253006733"/>
  <nd ref="10253006738"/>
  <nd ref="10253006731"/>
  <nd ref="10253006739"/>
  <nd ref="10253006732"/>
  <nd ref="10253006740"/>
  <nd ref="10253006601"/>
  <nd ref="10253006741"/>
  <nd ref="10253006602"/>
  <nd ref="10253006603"/>
  <nd ref="10253006604"/>
  <nd ref="10253006605"/>
  <nd ref="2919356500"/>
  <nd ref="2919356492"/>
  <nd ref="2919356491"/>
  <nd ref="2919356489"/>
  <nd ref="2919356490"/>
  <nd ref="2919360719"/>
  <nd ref="2919360718"/>
  <nd ref="2919360765"/>
  <nd ref="2919360767"/>
  <nd ref="2919360768"/>
  <nd ref="2919360786"/>
  <nd ref="2919360784"/>
  <nd ref="2919360785"/>
  <nd ref="2919360787"/>
  <nd ref="2919360789"/>
  <nd ref="2919360790"/>
  <nd ref="2919360792"/>
  <nd ref="2919360793"/>
  <nd ref="2919360802"/>
  <nd ref="2919360804"/>
  <tag k="landuse" v="grass"/>
 </way>
 <way id="1120971720" visible="true" version="1" changeset="129959124" timestamp="2022-12-11T11:16:32Z" user="spughetti" uid="16155068">
  <nd ref="10253017662"/>
  <nd ref="10253017663"/>
  <nd ref="10253017664"/>
  <nd ref="10253017676"/>
  <nd ref="10253017675"/>
  <nd ref="10253017677"/>
  <nd ref="10253017665"/>
  <nd ref="10253017680"/>
  <nd ref="10253017679"/>
  <nd ref="10253017681"/>
  <nd ref="10253017678"/>
  <nd ref="10253017683"/>
  <nd ref="10253017682"/>
  <nd ref="10253017684"/>
  <nd ref="10253017666"/>
  <nd ref="10253017688"/>
  <nd ref="10253017686"/>
  <nd ref="10253017687"/>
  <nd ref="10253017685"/>
  <nd ref="10253017691"/>
  <nd ref="10253017689"/>
  <nd ref="10253017690"/>
  <nd ref="10253017667"/>
  <nd ref="10253017694"/>
  <nd ref="10253017693"/>
  <nd ref="10253017695"/>
  <nd ref="10253017692"/>
  <nd ref="10253017698"/>
  <nd ref="10253017697"/>
  <nd ref="10253017699"/>
  <nd ref="10253017696"/>
  <nd ref="10253017701"/>
  <nd ref="10253017700"/>
  <nd ref="10253017668"/>
  <nd ref="10253017704"/>
  <nd ref="10253017703"/>
  <nd ref="10253017705"/>
  <nd ref="10253017702"/>
  <nd ref="10253017707"/>
  <nd ref="10253017706"/>
  <nd ref="10253017708"/>
  <nd ref="10253017669"/>
  <nd ref="10253018410"/>
  <nd ref="10253018409"/>
  <nd ref="10253017670"/>
  <nd ref="10253018413"/>
  <nd ref="10253018412"/>
  <nd ref="10253018414"/>
  <nd ref="10253018411"/>
  <nd ref="10253018416"/>
  <nd ref="10253018415"/>
  <nd ref="10253018417"/>
  <nd ref="10253017671"/>
  <nd ref="10253018421"/>
  <nd ref="10253018419"/>
  <nd ref="10253018420"/>
  <nd ref="10253018418"/>
  <nd ref="10253017672"/>
  <nd ref="10253017673"/>
  <nd ref="10253018428"/>
  <nd ref="10253018423"/>
  <nd ref="10253018427"/>
  <nd ref="10253018422"/>
  <nd ref="10253018426"/>
  <nd ref="10253018424"/>
  <nd ref="10253018425"/>
  <nd ref="10253017674"/>
  <nd ref="10253018434"/>
  <nd ref="10253018433"/>
  <nd ref="10253018435"/>
  <nd ref="10253018429"/>
  <nd ref="10253018432"/>
  <nd ref="10253018430"/>
  <nd ref="10253018431"/>
  <nd ref="2919360823"/>
  <nd ref="2919360797"/>
  <nd ref="2919360781"/>
  <nd ref="2919360778"/>
  <nd ref="10253017662"/>
  <tag k="landuse" v="grass"/>
 </way>
 <way id="1120971721" visible="true" version="1" changeset="129959124" timestamp="2022-12-11T11:16:32Z" user="spughetti" uid="16155068">
  <nd ref="10253018436"/>
  <nd ref="10253018437"/>
  <nd ref="10253018438"/>
  <nd ref="2919360715"/>
  <nd ref="10253018439"/>
  <nd ref="10253018440"/>
  <nd ref="10253018441"/>
  <nd ref="10253018442"/>
  <nd ref="10253018443"/>
  <nd ref="10253018457"/>
  <nd ref="10253018453"/>
  <nd ref="10253018456"/>
  <nd ref="10253018452"/>
  <nd ref="10253018455"/>
  <nd ref="10253018454"/>
  <nd ref="10253018458"/>
  <nd ref="10253018451"/>
  <nd ref="10253018462"/>
  <nd ref="10253018460"/>
  <nd ref="10253018461"/>
  <nd ref="10253018459"/>
  <nd ref="10253018465"/>
  <nd ref="10253018463"/>
  <nd ref="10253018464"/>
  <nd ref="10253018444"/>
  <nd ref="10253018468"/>
  <nd ref="10253018467"/>
  <nd ref="10253018469"/>
  <nd ref="10253018466"/>
  <nd ref="10253018473"/>
  <nd ref="10253018472"/>
  <nd ref="10253018445"/>
  <nd ref="10253018471"/>
  <nd ref="10253018470"/>
  <nd ref="10253018474"/>
  <nd ref="10253018446"/>
  <nd ref="10253018475"/>
  <nd ref="10253018486"/>
  <nd ref="10253018484"/>
  <nd ref="10253018485"/>
  <nd ref="10253018447"/>
  <nd ref="10253018478"/>
  <nd ref="10253018481"/>
  <nd ref="10253018479"/>
  <nd ref="10253018480"/>
  <nd ref="10253018477"/>
  <nd ref="10253018482"/>
  <nd ref="10253018476"/>
  <nd ref="10253018483"/>
  <nd ref="10253018448"/>
  <nd ref="10253018449"/>
  <nd ref="10253018450"/>
  <nd ref="2919360747"/>
  <nd ref="2919360750"/>
  <nd ref="2919360737"/>
  <nd ref="2919360721"/>
  <nd ref="10253018436"/>
  <tag k="landuse" v="grass"/>
 </way>
 <way id="1120975019" visible="true" version="1" changeset="129959586" timestamp="2022-12-11T11:34:20Z" user="spughetti" uid="16155068">
  <nd ref="10253050724"/>
  <nd ref="10253050725"/>
  <nd ref="10253050726"/>
  <nd ref="10253050745"/>
  <nd ref="10253050743"/>
  <nd ref="10253050744"/>
  <nd ref="10253050741"/>
  <nd ref="10253050746"/>
  <nd ref="10253050742"/>
  <nd ref="10253050747"/>
  <nd ref="10253050740"/>
  <nd ref="10253050751"/>
  <nd ref="10253050749"/>
  <nd ref="10253050750"/>
  <nd ref="10253050748"/>
  <nd ref="10253050754"/>
  <nd ref="10253050752"/>
  <nd ref="10253050753"/>
  <nd ref="10253050727"/>
  <nd ref="10253050757"/>
  <nd ref="10253050756"/>
  <nd ref="10253050758"/>
  <nd ref="10253050755"/>
  <nd ref="10253050761"/>
  <nd ref="10253050759"/>
  <nd ref="10253050760"/>
  <nd ref="10253050728"/>
  <nd ref="10253050764"/>
  <nd ref="10253050763"/>
  <nd ref="10253050765"/>
  <nd ref="10253050762"/>
  <nd ref="10253050767"/>
  <nd ref="10253050768"/>
  <nd ref="10253050766"/>
  <nd ref="10253050770"/>
  <nd ref="10253050769"/>
  <nd ref="10253050729"/>
  <nd ref="10253050773"/>
  <nd ref="10253050772"/>
  <nd ref="10253050774"/>
  <nd ref="10253050771"/>
  <nd ref="10253050776"/>
  <nd ref="10253050775"/>
  <nd ref="10253050777"/>
  <nd ref="10253050730"/>
  <nd ref="10253050780"/>
  <nd ref="10253050778"/>
  <nd ref="10253050779"/>
  <nd ref="10253050731"/>
  <nd ref="10253050784"/>
  <nd ref="10253050782"/>
  <nd ref="10253050783"/>
  <nd ref="10253050781"/>
  <nd ref="10253050787"/>
  <nd ref="10253050785"/>
  <nd ref="10253050786"/>
  <nd ref="10253050732"/>
  <nd ref="10253050790"/>
  <nd ref="10253050789"/>
  <nd ref="10253050791"/>
  <nd ref="10253050788"/>
  <nd ref="10253050794"/>
  <nd ref="10253050792"/>
  <nd ref="10253050793"/>
  <nd ref="10253050733"/>
  <nd ref="10253050801"/>
  <nd ref="10253050796"/>
  <nd ref="10253050800"/>
  <nd ref="10253050795"/>
  <nd ref="10253050799"/>
  <nd ref="10253050797"/>
  <nd ref="10253050798"/>
  <nd ref="10253050734"/>
  <nd ref="7221681684"/>
  <nd ref="10253050802"/>
  <nd ref="10253050803"/>
  <nd ref="7221681683"/>
  <nd ref="10253050804"/>
  <nd ref="7221681682"/>
  <nd ref="2919360745"/>
  <nd ref="2919360763"/>
  <nd ref="2919360773"/>
  <nd ref="2919360818"/>
  <nd ref="2919360800"/>
  <nd ref="2919360830"/>
  <nd ref="10253050724"/>
  <tag k="landuse" v="grass"/>
 </way>
 <way id="1120975020" visible="true" version="1" changeset="129959586" timestamp="2022-12-11T11:34:20Z" user="spughetti" uid="16155068">
  <nd ref="10253050735"/>
  <nd ref="10253050736"/>
  <nd ref="10253050737"/>
  <nd ref="10253050738"/>
  <nd ref="10253050739"/>
  <nd ref="2919360832"/>
  <nd ref="10253050735"/>
  <tag k="landuse" v="grass"/>
 </way>
 <way id="1120975021" visible="true" version="3" changeset="183834191" timestamp="2026-06-08T15:18:13Z" user="LonelyHunter" uid="22234365">
  <nd ref="13920438459"/>
  <nd ref="10253050806"/>
  <nd ref="10253050807"/>
  <nd ref="10253050808"/>
  <nd ref="10253050809"/>
  <nd ref="10253050810"/>
  <nd ref="10253050811"/>
  <nd ref="10253050812"/>
  <nd ref="10253050831"/>
  <nd ref="10253050835"/>
  <nd ref="10253050830"/>
  <nd ref="10253050834"/>
  <nd ref="10253050832"/>
  <nd ref="10253050833"/>
  <nd ref="10253050813"/>
  <nd ref="10253050814"/>
  <nd ref="10253050839"/>
  <nd ref="10253050837"/>
  <nd ref="10253050838"/>
  <nd ref="10253050836"/>
  <nd ref="10253050840"/>
  <nd ref="10253050841"/>
  <nd ref="10253050815"/>
  <nd ref="10253050816"/>
  <nd ref="10253050843"/>
  <nd ref="10253050844"/>
  <nd ref="10253050842"/>
  <nd ref="10253050845"/>
  <nd ref="10253050817"/>
  <nd ref="10253050818"/>
  <nd ref="10252835951"/>
  <nd ref="10253050819"/>
  <nd ref="10253050849"/>
  <nd ref="10253050850"/>
  <nd ref="10253050820"/>
  <nd ref="10253050847"/>
  <nd ref="10253050846"/>
  <nd ref="10253050848"/>
  <nd ref="10253050821"/>
  <nd ref="10253050852"/>
  <nd ref="10253050855"/>
  <nd ref="10253050856"/>
  <nd ref="10253050851"/>
  <nd ref="10253050854"/>
  <nd ref="10253050853"/>
  <nd ref="10253050857"/>
  <nd ref="10253050822"/>
  <nd ref="10253050858"/>
  <nd ref="10253050860"/>
  <nd ref="10253050859"/>
  <nd ref="10253050864"/>
  <nd ref="10253050823"/>
  <nd ref="10253050863"/>
  <nd ref="10253050862"/>
  <nd ref="10253050861"/>
  <nd ref="10253050865"/>
  <nd ref="10253050867"/>
  <nd ref="10253050866"/>
  <nd ref="10253050824"/>
  <nd ref="10253050868"/>
  <nd ref="10253050869"/>
  <nd ref="10253050825"/>
  <nd ref="10253050872"/>
  <nd ref="10253050871"/>
  <nd ref="10253050873"/>
  <nd ref="10253050870"/>
  <nd ref="10253050875"/>
  <nd ref="10253050874"/>
  <nd ref="10253050876"/>
  <nd ref="10253050826"/>
  <nd ref="10253050879"/>
  <nd ref="10253050877"/>
  <nd ref="10253050880"/>
  <nd ref="10253050878"/>
  <nd ref="10253050827"/>
  <nd ref="10253050894"/>
  <nd ref="10253050882"/>
  <nd ref="10253050893"/>
  <nd ref="10253050881"/>
  <nd ref="10253050892"/>
  <nd ref="10253050883"/>
  <nd ref="10253050891"/>
  <nd ref="10253050828"/>
  <nd ref="10253050890"/>
  <nd ref="10253050886"/>
  <nd ref="10253050889"/>
  <nd ref="10253050884"/>
  <nd ref="10253050888"/>
  <nd ref="10253050885"/>
  <nd ref="10253050887"/>
  <nd ref="10253050829"/>
  <nd ref="2919360919"/>
  <nd ref="2919360927"/>
  <nd ref="2919360893"/>
  <nd ref="2919360886"/>
  <nd ref="2919360885"/>
  <nd ref="2919360876"/>
  <nd ref="2919360880"/>
  <nd ref="2919360852"/>
  <nd ref="2919360849"/>
  <nd ref="2919360841"/>
  <nd ref="2919360848"/>
  <nd ref="10253050805"/>
  <nd ref="13920438459"/>
  <tag k="landuse" v="grass"/>
 </way>
 <way id="1120978792" visible="true" version="1" changeset="129960458" timestamp="2022-12-11T12:04:18Z" user="spughetti" uid="16155068">
  <nd ref="10253080844"/>
  <nd ref="10253080859"/>
  <nd ref="10253080860"/>
  <nd ref="10253080845"/>
  <nd ref="10253080863"/>
  <nd ref="10253080861"/>
  <nd ref="10253080862"/>
  <nd ref="10253080846"/>
  <nd ref="10253080864"/>
  <nd ref="10253080865"/>
  <nd ref="10253080847"/>
  <nd ref="10253080867"/>
  <nd ref="10253080866"/>
  <nd ref="10253080868"/>
  <nd ref="10253080848"/>
  <nd ref="10253080870"/>
  <nd ref="10253080869"/>
  <nd ref="10253080849"/>
  <nd ref="10253080872"/>
  <nd ref="10253080871"/>
  <nd ref="10253080850"/>
  <nd ref="10253080877"/>
  <nd ref="10253080875"/>
  <nd ref="10253080876"/>
  <nd ref="10253080873"/>
  <nd ref="10253080878"/>
  <nd ref="10253080874"/>
  <nd ref="10253080879"/>
  <nd ref="10253080851"/>
  <nd ref="10253080883"/>
  <nd ref="10253080881"/>
  <nd ref="10253080882"/>
  <nd ref="10253080880"/>
  <nd ref="10253080890"/>
  <nd ref="10253080884"/>
  <nd ref="10253080852"/>
  <nd ref="10253080889"/>
  <nd ref="10253080886"/>
  <nd ref="10253080888"/>
  <nd ref="10253080887"/>
  <nd ref="10253080885"/>
  <nd ref="10253080892"/>
  <nd ref="10253080891"/>
  <nd ref="10253080893"/>
  <nd ref="10253080853"/>
  <nd ref="10253080895"/>
  <nd ref="10253080897"/>
  <nd ref="10253080896"/>
  <nd ref="10253080898"/>
  <nd ref="10253080894"/>
  <nd ref="10253080905"/>
  <nd ref="10253080903"/>
  <nd ref="10253080904"/>
  <nd ref="10253080854"/>
  <nd ref="10253080901"/>
  <nd ref="10253080900"/>
  <nd ref="10253080902"/>
  <nd ref="10253080899"/>
  <nd ref="10253080855"/>
  <nd ref="10253080856"/>
  <nd ref="10253085610"/>
  <nd ref="10253080908"/>
  <nd ref="10253085611"/>
  <nd ref="10253080907"/>
  <nd ref="10253085612"/>
  <nd ref="10253085609"/>
  <nd ref="10253085613"/>
  <nd ref="10253080906"/>
  <nd ref="10253080857"/>
  <nd ref="10253080858"/>
  <nd ref="10253080844"/>
  <tag k="landuse" v="grass"/>
 </way>
 <way id="1127636418" visible="true" version="1" changeset="130929153" timestamp="2023-01-06T01:16:50Z" user="hcourt" uid="12204396">
  <nd ref="8083525544"/>
  <nd ref="8083409999"/>
  <tag k="alt_name" v="Tenessee Hollow Creek"/>
  <tag k="intermittent" v="no"/>
  <tag k="layer" v="-1"/>
  <tag k="name" v="El Polín Creek"/>
  <tag k="tunnel" v="culvert"/>
  <tag k="waterway" v="stream"/>
  <tag k="wikidata" v="Q5351856"/>
  <tag k="wikipedia" v="en:El Polín Spring"/>
 </way>
 <way id="1127636419" visible="true" version="1" changeset="130929153" timestamp="2023-01-06T01:16:50Z" user="hcourt" uid="12204396">
  <nd ref="8083410257"/>
  <nd ref="8083426850"/>
  <tag k="alt_name" v="Tenessee Hollow Creek"/>
  <tag k="layer" v="-1"/>
  <tag k="name" v="El Polín Creek"/>
  <tag k="tunnel" v="culvert"/>
  <tag k="waterway" v="stream"/>
  <tag k="wikidata" v="Q5351856"/>
  <tag k="wikipedia" v="en:El Polín Spring"/>
 </way>
 <way id="1127636421" visible="true" version="1" changeset="130929153" timestamp="2023-01-06T01:16:50Z" user="hcourt" uid="12204396">
  <nd ref="10309863664"/>
  <nd ref="10309863663"/>
  <nd ref="10309863662"/>
  <nd ref="10309863661"/>
  <nd ref="10309863660"/>
  <nd ref="10309863659"/>
  <nd ref="10309863658"/>
  <nd ref="8083410012"/>
  <tag k="alt_name" v="Tenessee Hollow Creek"/>
  <tag k="intermittent" v="yes"/>
  <tag k="layer" v="-1"/>
  <tag k="name" v="El Polín Creek"/>
  <tag k="tunnel" v="culvert"/>
  <tag k="waterway" v="stream"/>
  <tag k="wikidata" v="Q5351856"/>
  <tag k="wikipedia" v="en:El Polín Spring"/>
 </way>
 <way id="1127636423" visible="true" version="1" changeset="130929153" timestamp="2023-01-06T01:16:50Z" user="hcourt" uid="12204396">
  <nd ref="8083426822"/>
  <nd ref="8083562231"/>
  <tag k="alt_name" v="Tenessee Hollow Creek"/>
  <tag k="intermittent" v="no"/>
  <tag k="layer" v="-1"/>
  <tag k="name" v="El Polín Creek"/>
  <tag k="tunnel" v="culvert"/>
  <tag k="waterway" v="stream"/>
  <tag k="wikidata" v="Q5351856"/>
  <tag k="wikipedia" v="en:El Polín Spring"/>
 </way>
 <way id="1238660711" visible="true" version="1" changeset="146113341" timestamp="2024-01-10T17:52:29Z" user="spughetti" uid="16155068">
  <nd ref="11506471738"/>
  <nd ref="11506471745"/>
  <nd ref="11506471739"/>
  <nd ref="11506471744"/>
  <nd ref="11506471740"/>
  <nd ref="11506471741"/>
  <nd ref="11506471756"/>
  <nd ref="11506471749"/>
  <nd ref="11506471747"/>
  <nd ref="11506471750"/>
  <nd ref="11506471743"/>
  <nd ref="11506471751"/>
  <nd ref="11506471748"/>
  <nd ref="11506471752"/>
  <nd ref="11506471742"/>
  <nd ref="11506471746"/>
  <tag k="highway" v="service"/>
  <tag k="service" v="driveway"/>
 </way>
 <way id="1238660712" visible="true" version="1" changeset="146113341" timestamp="2024-01-10T17:52:29Z" user="spughetti" uid="16155068">
  <nd ref="11506471753"/>
  <nd ref="11506471754"/>
  <tag k="barrier" v="yes"/>
 </way>
 <way id="1238660713" visible="true" version="1" changeset="146113341" timestamp="2024-01-10T17:52:29Z" user="spughetti" uid="16155068">
  <nd ref="11506471755"/>
  <nd ref="11506471756"/>
  <tag k="highway" v="service"/>
 </way>
 <way id="1238661081" visible="true" version="1" changeset="146113432" timestamp="2024-01-10T17:55:28Z" user="spughetti" uid="16155068">
  <nd ref="11506486158"/>
  <nd ref="11506486159"/>
  <nd ref="11506486160"/>
  <nd ref="11506486162"/>
  <nd ref="11506486161"/>
  <nd ref="11506486156"/>
  <nd ref="11506486157"/>
  <tag k="barrier" v="fence"/>
 </way>
 <way id="1238661082" visible="true" version="1" changeset="146113432" timestamp="2024-01-10T17:55:28Z" user="spughetti" uid="16155068">
  <nd ref="11506486157"/>
  <nd ref="11506486158"/>
  <tag k="barrier" v="gate"/>
 </way>
 <way id="1238661083" visible="true" version="1" changeset="146113432" timestamp="2024-01-10T17:55:28Z" user="spughetti" uid="16155068">
  <nd ref="11506486163"/>
  <nd ref="11506486164"/>
  <nd ref="11506486165"/>
  <nd ref="11506486166"/>
  <nd ref="11506486163"/>
  <tag k="building" v="yes"/>
 </way>
 <way id="1238661364" visible="true" version="1" changeset="146113486" timestamp="2024-01-10T17:56:51Z" user="spughetti" uid="16155068">
  <nd ref="11506432723"/>
  <nd ref="11506432724"/>
  <nd ref="11506432725"/>
  <nd ref="11506432726"/>
  <nd ref="11506432723"/>
  <tag k="amenity" v="parking"/>
  <tag k="parking" v="surface"/>
 </way>
 <way id="1331686302" visible="true" version="4" changeset="173038410" timestamp="2025-10-09T08:48:23Z" user="PedestrianMapping_CartoBypass" uid="23065539">
  <nd ref="13204459621"/>
  <nd ref="3722672438"/>
  <nd ref="12321150256"/>
  <tag k="crossing" v="uncontrolled"/>
  <tag k="crossing:markings" v="zebra"/>
  <tag k="crossing:signals" v="no"/>
  <tag k="footway" v="crossing"/>
  <tag k="highway" v="footway"/>
  <tag k="lit" v="yes"/>
  <tag k="surface" v="asphalt"/>
 </way>
 <way id="1376085479" visible="true" version="2" changeset="182356095" timestamp="2026-05-07T20:27:54Z" user="Dipesh Chauhan" uid="24109813">
  <nd ref="12741073544"/>
  <nd ref="12741073545"/>
  <nd ref="12741073546"/>
  <nd ref="12741073547"/>
  <nd ref="12741073544"/>
  <tag k="amenity" v="fountain"/>
  <tag k="name" v="Yoda Fountain"/>
 </way>
 <way id="1387046745" visible="true" version="2" changeset="166314750" timestamp="2025-05-15T16:53:28Z" user="TheNightRider" uid="1968961">
  <nd ref="12840365731"/>
  <nd ref="12840365732"/>
  <nd ref="12840365733"/>
  <nd ref="12840365734"/>
  <nd ref="12840365735"/>
  <nd ref="12840365736"/>
  <nd ref="12840365737"/>
  <nd ref="12840365738"/>
  <nd ref="12840365739"/>
  <nd ref="12840365740"/>
  <nd ref="12840365741"/>
  <nd ref="12840365742"/>
  <nd ref="12840365743"/>
  <nd ref="12840365744"/>
  <nd ref="12840365731"/>
  <tag k="amenity" v="parking"/>
  <tag k="capacity:disabled" v="2"/>
  <tag k="surface" v="asphalt"/>
 </way>
 <way id="1389206017" visible="true" version="1" changeset="166678394" timestamp="2025-05-24T00:35:53Z" user="mapadu" uid="9755853">
  <nd ref="828411484"/>
  <nd ref="12859825274"/>
  <tag k="highway" v="footway"/>
  <tag k="informal" v="yes"/>
 </way>
 <way id="1389206018" visible="true" version="2" changeset="169711843" timestamp="2025-07-30T10:09:58Z" user="democat" uid="20300551">
  <nd ref="12859825295"/>
  <nd ref="12859825237"/>
  <nd ref="12859825293"/>
  <nd ref="828411484"/>
  <nd ref="12859825243"/>
  <nd ref="828411485"/>
  <nd ref="12859825274"/>
  <nd ref="12859825283"/>
  <tag k="bicycle" v="no"/>
  <tag k="highway" v="footway"/>
 </way>
 <way id="1389206020" visible="true" version="1" changeset="166678394" timestamp="2025-05-24T00:35:53Z" user="mapadu" uid="9755853">
  <nd ref="12859825281"/>
  <nd ref="12859825235"/>
  <tag k="covered" v="no"/>
  <tag k="highway" v="footway"/>
  <tag k="incline" v="up"/>
  <tag k="informal" v="no"/>
  <tag k="surface" v="concrete"/>
 </way>
 <way id="1389206022" visible="true" version="1" changeset="166678394" timestamp="2025-05-24T00:35:53Z" user="mapadu" uid="9755853">
  <nd ref="171964769"/>
  <nd ref="12859825257"/>
  <nd ref="12859825278"/>
  <nd ref="12859825240"/>
  <tag k="highway" v="footway"/>
  <tag k="surface" v="concrete"/>
 </way>
 <way id="1389206023" visible="true" version="2" changeset="171651646" timestamp="2025-09-08T18:50:22Z" user="VLD317" uid="22891840">
  <nd ref="12859825297"/>
  <nd ref="12859825292"/>
  <nd ref="12859825235"/>
  <nd ref="13128857035"/>
  <nd ref="12859825276"/>
  <tag k="footway" v="sidewalk"/>
  <tag k="highway" v="footway"/>
  <tag k="surface" v="asphalt"/>
 </way>
 <way id="1389206024" visible="true" version="1" changeset="166678394" timestamp="2025-05-24T00:35:53Z" user="mapadu" uid="9755853">
  <nd ref="12859825247"/>
  <nd ref="12859825257"/>
  <nd ref="12859825236"/>
  <tag k="barrier" v="wall"/>
  <tag k="material" v="concrete"/>
 </way>
 <way id="1389206025" visible="true" version="1" changeset="166678394" timestamp="2025-05-24T00:35:53Z" user="mapadu" uid="9755853">
  <nd ref="12859825267"/>
  <nd ref="12859825217"/>
  <tag k="highway" v="footway"/>
  <tag k="surface" v="concrete"/>
 </way>
 <way id="1389206026" visible="true" version="1" changeset="166678394" timestamp="2025-05-24T00:35:53Z" user="mapadu" uid="9755853">
  <nd ref="12859845201"/>
  <nd ref="12859825225"/>
  <nd ref="12859825252"/>
  <nd ref="12859825290"/>
  <nd ref="12859825239"/>
  <nd ref="12859825224"/>
  <tag k="footway" v="sidewalk"/>
  <tag k="highway" v="footway"/>
  <tag k="surface" v="concrete"/>
 </way>
 <way id="1389206027" visible="true" version="1" changeset="166678394" timestamp="2025-05-24T00:35:53Z" user="mapadu" uid="9755853">
  <nd ref="12859825248"/>
  <nd ref="12859845206"/>
  <tag k="barrier" v="hedge"/>
 </way>
 <way id="1389206031" visible="true" version="2" changeset="183834191" timestamp="2026-06-08T15:18:13Z" user="LonelyHunter" uid="22234365">
  <nd ref="13920438456"/>
  <nd ref="13920438457"/>
  <nd ref="10252855770"/>
  <nd ref="10253050805"/>
  <nd ref="12859845205"/>
  <nd ref="2919360837"/>
  <nd ref="13920438458"/>
  <nd ref="12859845204"/>
  <nd ref="13920438456"/>
  <tag k="building:levels" v="4"/>
  <tag k="building:min_level" v="2"/>
  <tag k="building:part" v="bridge"/>
  <tag k="layer" v="2"/>
 </way>
 <way id="1389206032" visible="true" version="1" changeset="166678394" timestamp="2025-05-24T00:35:53Z" user="mapadu" uid="9755853">
  <nd ref="12859845207"/>
  <nd ref="12859825258"/>
  <nd ref="12859825281"/>
  <nd ref="12859825232"/>
  <nd ref="12859825300"/>
  <nd ref="12859825269"/>
  <nd ref="12859845207"/>
  <tag k="access" v="private"/>
  <tag k="amenity" v="parking"/>
  <tag k="capacity" v="4"/>
  <tag k="capacity:disabled" v="2"/>
  <tag k="covered" v="no"/>
  <tag k="orientation" v="diagonal"/>
  <tag k="parking" v="street_side"/>
  <tag k="surface" v="asphalt"/>
 </way>
 <way id="1389206033" visible="true" version="2" changeset="169711843" timestamp="2025-07-30T10:09:58Z" user="democat" uid="20300551">
  <nd ref="12859825230"/>
  <nd ref="12859825244"/>
  <nd ref="12859825226"/>
  <nd ref="12859825253"/>
  <nd ref="12859825273"/>
  <nd ref="12859825286"/>
  <nd ref="12859825227"/>
  <nd ref="12859825259"/>
  <nd ref="12859825268"/>
  <nd ref="12859825254"/>
  <nd ref="12859825230"/>
  <tag k="area:highway" v="traffic_island"/>
 </way>
 <way id="1389206034" visible="true" version="1" changeset="166678394" timestamp="2025-05-24T00:35:53Z" user="mapadu" uid="9755853">
  <nd ref="12859825269"/>
  <nd ref="12859825281"/>
  <tag k="covered" v="no"/>
  <tag k="footway" v="access_aisle"/>
  <tag k="highway" v="footway"/>
  <tag k="lit" v="no"/>
  <tag k="surface" v="asphalt"/>
 </way>
 <way id="1389206035" visible="true" version="1" changeset="166678394" timestamp="2025-05-24T00:35:53Z" user="mapadu" uid="9755853">
  <nd ref="12859825239"/>
  <nd ref="12859825271"/>
  <tag k="footway" v="sidewalk"/>
  <tag k="highway" v="footway"/>
  <tag k="surface" v="concrete"/>
 </way>
 <way id="1391869790" visible="true" version="1" changeset="167144313" timestamp="2025-06-03T17:04:18Z" user="jhaluska80" uid="20446106">
  <nd ref="65363426"/>
  <nd ref="65376016"/>
  <nd ref="12883950434"/>
  <nd ref="12883950432"/>
  <nd ref="12883950433"/>
  <nd ref="65376019"/>
  <nd ref="65376024"/>
  <tag k="highway" v="service"/>
  <tag k="surface" v="asphalt"/>
 </way>
 <way id="1409545431" visible="true" version="2" changeset="172044136" timestamp="2025-09-17T05:23:14Z" user="PedestrianMapping_TraceVeil" uid="23065794">
  <nd ref="12952297145"/>
  <nd ref="6696711126"/>
  <nd ref="12952297144"/>
  <tag k="crossing" v="uncontrolled"/>
  <tag k="crossing:markings" v="zebra"/>
  <tag k="crossing:signals" v="no"/>
  <tag k="foot" v="yes"/>
  <tag k="footway" v="crossing"/>
  <tag k="highway" v="footway"/>
 </way>
 <way id="1409545432" visible="true" version="2" changeset="172044136" timestamp="2025-09-17T05:23:14Z" user="PedestrianMapping_TraceVeil" uid="23065794">
  <nd ref="8509078734"/>
  <nd ref="12143004051"/>
  <nd ref="12952297158"/>
  <tag k="crossing" v="uncontrolled"/>
  <tag k="crossing:markings" v="zebra"/>
  <tag k="crossing:signals" v="no"/>
  <tag k="footway" v="crossing"/>
  <tag k="highway" v="footway"/>
 </way>
 <way id="1409545433" visible="true" version="1" changeset="168104972" timestamp="2025-06-25T17:11:27Z" user="VLD282" uid="21556038">
  <nd ref="8551871020"/>
  <nd ref="12952297148"/>
  <nd ref="12952297149"/>
  <nd ref="12952297150"/>
  <nd ref="367077215"/>
  <tag k="footway" v="sidewalk"/>
  <tag k="highway" v="footway"/>
 </way>
 <way id="1409545434" visible="true" version="2" changeset="182722836" timestamp="2026-05-16T01:58:12Z" user="John Gilmore" uid="314930">
  <nd ref="8551871031"/>
  <nd ref="12952297151"/>
  <nd ref="12952297152"/>
  <nd ref="12952297157"/>
  <nd ref="12952297153"/>
  <nd ref="12952297154"/>
  <nd ref="12952297155"/>
  <nd ref="12952297156"/>
  <nd ref="8551871052"/>
  <tag k="footway" v="sidewalk"/>
  <tag k="highway" v="footway"/>
  <tag k="surface" v="asphalt"/>
 </way>
 <way id="1409545435" visible="true" version="1" changeset="168104972" timestamp="2025-06-25T17:11:27Z" user="VLD282" uid="21556038">
  <nd ref="12952297147"/>
  <nd ref="12952297158"/>
  <tag k="footway" v="sidewalk"/>
  <tag k="highway" v="footway"/>
 </way>
 <way id="1409605024" visible="true" version="1" changeset="168113667" timestamp="2025-06-25T21:41:50Z" user="VLD299" uid="22891835">
  <nd ref="12952764773"/>
  <nd ref="65361883"/>
  <nd ref="12952764774"/>
  <tag k="crossing" v="marked"/>
  <tag k="crossing:markings" v="zebra"/>
  <tag k="footway" v="crossing"/>
  <tag k="highway" v="footway"/>
 </way>
 <way id="1409605025" visible="true" version="1" changeset="168113667" timestamp="2025-06-25T21:41:50Z" user="VLD299" uid="22891835">
  <nd ref="12952764774"/>
  <nd ref="8551871086"/>
  <tag k="footway" v="sidewalk"/>
  <tag k="highway" v="footway"/>
 </way>
 <way id="1418625833" visible="true" version="1" changeset="169711843" timestamp="2025-07-30T10:09:58Z" user="democat" uid="20300551">
  <nd ref="12859825283"/>
  <nd ref="355784974"/>
  <tag k="bicycle" v="no"/>
  <tag k="crossing" v="uncontrolled"/>
  <tag k="crossing:markings" v="zebra"/>
  <tag k="footway" v="crossing"/>
  <tag k="highway" v="footway"/>
 </way>
 <way id="1418625834" visible="true" version="1" changeset="169711843" timestamp="2025-07-30T10:09:58Z" user="democat" uid="20300551">
  <nd ref="355784974"/>
  <nd ref="12859825216"/>
  <tag k="bicycle" v="no"/>
  <tag k="crossing" v="uncontrolled"/>
  <tag k="crossing:markings" v="zebra"/>
  <tag k="footway" v="crossing"/>
  <tag k="highway" v="footway"/>
 </way>
 <way id="1428096302" visible="true" version="1" changeset="171651646" timestamp="2025-09-08T18:50:22Z" user="VLD317" uid="22891840">
  <nd ref="12859825271"/>
  <nd ref="12859825294"/>
  <nd ref="12859825297"/>
  <tag k="crossing" v="uncontrolled"/>
  <tag k="crossing:markings" v="zebra"/>
  <tag k="crossing:signals" v="no"/>
  <tag k="footway" v="crossing"/>
  <tag k="highway" v="footway"/>
  <tag k="surface" v="asphalt"/>
 </way>
 <way id="1428096303" visible="true" version="1" changeset="171651646" timestamp="2025-09-08T18:50:22Z" user="VLD317" uid="22891840">
  <nd ref="13128857035"/>
  <nd ref="13128857036"/>
  <tag k="footway" v="sidewalk"/>
  <tag k="highway" v="footway"/>
 </way>
 <way id="1428096304" visible="true" version="1" changeset="171651646" timestamp="2025-09-08T18:50:22Z" user="VLD317" uid="22891840">
  <nd ref="13128857036"/>
  <nd ref="13128857038"/>
  <nd ref="13128857037"/>
  <tag k="crossing" v="marked"/>
  <tag k="crossing:markings" v="zebra"/>
  <tag k="footway" v="sidewalk"/>
  <tag k="highway" v="footway"/>
 </way>
 <way id="1430454143" visible="true" version="3" changeset="173042900" timestamp="2025-10-09T10:39:37Z" user="PedestrianMapping_CartoBypass" uid="23065539">
  <nd ref="13204459627"/>
  <nd ref="65283656"/>
  <nd ref="300726877"/>
  <nd ref="9443918154"/>
  <tag k="foot" v="yes"/>
  <tag k="highway" v="footway"/>
  <tag k="name" v="Lovers' Lane"/>
  <tag k="surface" v="concrete"/>
 </way>
 <way id="1430454144" visible="true" version="1" changeset="172043829" timestamp="2025-09-17T05:14:55Z" user="PedestrianMapping_CartoBypass" uid="23065539">
  <nd ref="13148772044"/>
  <nd ref="300726882"/>
  <nd ref="13148772045"/>
  <tag k="crossing" v="uncontrolled"/>
  <tag k="crossing:markings" v="zebra"/>
  <tag k="crossing:signals" v="no"/>
  <tag k="foot" v="yes"/>
  <tag k="footway" v="crossing"/>
  <tag k="highway" v="footway"/>
  <tag k="name" v="Lovers' Lane"/>
  <tag k="surface" v="asphalt"/>
 </way>
 <way id="1436636375" visible="true" version="1" changeset="173038410" timestamp="2025-10-09T08:48:23Z" user="PedestrianMapping_CartoBypass" uid="23065539">
  <nd ref="13204459606"/>
  <nd ref="13204459607"/>
  <nd ref="13204459608"/>
  <nd ref="13204459609"/>
  <tag k="highway" v="footway"/>
 </way>
 <way id="1436636376" visible="true" version="1" changeset="173038410" timestamp="2025-10-09T08:48:23Z" user="PedestrianMapping_CartoBypass" uid="23065539">
  <nd ref="13204459603"/>
  <nd ref="13204459604"/>
  <nd ref="13204459605"/>
  <tag k="footway" v="sidewalk"/>
  <tag k="highway" v="footway"/>
 </way>
 <way id="1436636377" visible="true" version="1" changeset="173038410" timestamp="2025-10-09T08:48:23Z" user="PedestrianMapping_CartoBypass" uid="23065539">
  <nd ref="13204459605"/>
  <nd ref="12142936368"/>
  <nd ref="13204459606"/>
  <tag k="crossing" v="uncontrolled"/>
  <tag k="crossing:markings" v="zebra"/>
  <tag k="crossing:signals" v="no"/>
  <tag k="footway" v="crossing"/>
  <tag k="highway" v="footway"/>
 </way>
 <way id="1436636378" visible="true" version="2" changeset="182722836" timestamp="2026-05-16T01:58:11Z" user="John Gilmore" uid="314930">
  <nd ref="13204459604"/>
  <nd ref="13204459610"/>
  <nd ref="13204459611"/>
  <nd ref="13204459612"/>
  <nd ref="13204459613"/>
  <nd ref="13204459614"/>
  <nd ref="13204459615"/>
  <nd ref="13204459616"/>
  <nd ref="13204459617"/>
  <nd ref="13204459618"/>
  <nd ref="13204459619"/>
  <nd ref="13204459620"/>
  <tag k="footway" v="sidewalk"/>
  <tag k="highway" v="footway"/>
  <tag k="surface" v="concrete"/>
 </way>
 <way id="1436636379" visible="true" version="2" changeset="186839573" timestamp="2026-08-02T22:47:12Z" user="John Gilmore" uid="314930">
  <nd ref="13204459603"/>
  <nd ref="342564056"/>
  <nd ref="13204459622"/>
  <tag k="crossing" v="uncontrolled"/>
  <tag k="crossing:markings" v="zebra"/>
  <tag k="crossing:signals" v="no"/>
  <tag k="footway" v="crossing"/>
  <tag k="highway" v="footway"/>
  <tag k="surface" v="concrete"/>
 </way>
 <way id="1436636380" visible="true" version="1" changeset="173038410" timestamp="2025-10-09T08:48:23Z" user="PedestrianMapping_CartoBypass" uid="23065539">
  <nd ref="13204459624"/>
  <nd ref="12144504860"/>
  <nd ref="13204459626"/>
  <tag k="crossing" v="uncontrolled"/>
  <tag k="crossing:markings" v="zebra"/>
  <tag k="crossing:signals" v="no"/>
  <tag k="footway" v="crossing"/>
  <tag k="highway" v="footway"/>
 </way>
 <way id="1436636381" visible="true" version="1" changeset="173038410" timestamp="2025-10-09T08:48:23Z" user="PedestrianMapping_CartoBypass" uid="23065539">
  <nd ref="13204459622"/>
  <nd ref="13204459623"/>
  <nd ref="13204459624"/>
  <tag k="footway" v="sidewalk"/>
  <tag k="highway" v="footway"/>
 </way>
 <way id="1436636382" visible="true" version="1" changeset="173038410" timestamp="2025-10-09T08:48:23Z" user="PedestrianMapping_CartoBypass" uid="23065539">
  <nd ref="13204459626"/>
  <nd ref="13204459625"/>
  <tag k="footway" v="sidewalk"/>
  <tag k="highway" v="footway"/>
 </way>
 <way id="1436636383" visible="true" version="3" changeset="179723588" timestamp="2026-03-11T21:46:49Z" user="jumbanho" uid="38487">
  <nd ref="13204459627"/>
  <nd ref="13204459628"/>
  <nd ref="13204459629"/>
  <nd ref="13204459630"/>
  <nd ref="13204459631"/>
  <nd ref="13204459632"/>
  <nd ref="13204459633"/>
  <tag k="footway" v="sidewalk"/>
  <tag k="highway" v="footway"/>
  <tag k="surface" v="asphalt"/>
 </way>
 <way id="1436636384" visible="true" version="2" changeset="173042900" timestamp="2025-10-09T10:39:37Z" user="PedestrianMapping_CartoBypass" uid="23065539">
  <nd ref="13204459634"/>
  <nd ref="13204459609"/>
  <tag k="crossing" v="uncontrolled"/>
  <tag k="crossing:markings" v="zebra"/>
  <tag k="crossing:signals" v="no"/>
  <tag k="footway" v="crossing"/>
  <tag k="highway" v="footway"/>
 </way>
 <way id="1436636385" visible="true" version="1" changeset="173038410" timestamp="2025-10-09T08:48:23Z" user="PedestrianMapping_CartoBypass" uid="23065539">
  <nd ref="13204459635"/>
  <nd ref="13204459636"/>
  <nd ref="5241967561"/>
  <tag k="crossing" v="uncontrolled"/>
  <tag k="crossing:markings" v="zebra"/>
  <tag k="crossing:signals" v="no"/>
  <tag k="footway" v="crossing"/>
  <tag k="highway" v="footway"/>
  <tag k="lit" v="yes"/>
  <tag k="surface" v="asphalt"/>
 </way>
 <way id="1436636386" visible="true" version="1" changeset="173038410" timestamp="2025-10-09T08:48:23Z" user="PedestrianMapping_CartoBypass" uid="23065539">
  <nd ref="12321150256"/>
  <nd ref="13204459635"/>
  <tag k="footway" v="traffic_island"/>
  <tag k="highway" v="footway"/>
 </way>
 <way id="1436636387" visible="true" version="1" changeset="173038410" timestamp="2025-10-09T08:48:23Z" user="PedestrianMapping_CartoBypass" uid="23065539">
  <nd ref="13204459620"/>
  <nd ref="13204459621"/>
  <tag k="footway" v="sidewalk"/>
  <tag k="highway" v="footway"/>
 </way>
 <way id="1436653514" visible="true" version="1" changeset="173042900" timestamp="2025-10-09T10:39:37Z" user="PedestrianMapping_CartoBypass" uid="23065539">
  <nd ref="65363410"/>
  <nd ref="65363411"/>
  <nd ref="65363412"/>
  <nd ref="4009111001"/>
  <nd ref="4009111007"/>
  <nd ref="4009111043"/>
  <nd ref="4009111022"/>
  <nd ref="65358430"/>
  <nd ref="65363413"/>
  <nd ref="4009111002"/>
  <nd ref="4009111038"/>
  <nd ref="4009111004"/>
  <nd ref="65363415"/>
  <nd ref="4009111060"/>
  <nd ref="65363417"/>
  <nd ref="4009111057"/>
  <nd ref="65363419"/>
  <nd ref="6918895971"/>
  <nd ref="342564056"/>
  <nd ref="613315053"/>
  <tag k="cycleway:left" v="shared_lane"/>
  <tag k="cycleway:left:lane" v="pictogram"/>
  <tag k="cycleway:right" v="lane"/>
  <tag k="highway" v="tertiary"/>
  <tag k="lanes" v="2"/>
  <tag k="lcn_ref" v="55"/>
  <tag k="lit" v="yes"/>
  <tag k="maxspeed" v="25 mph"/>
  <tag k="name" v="Presidio Boulevard"/>
  <tag k="sidewalk:left" v="no"/>
  <tag k="sidewalk:right" v="separate"/>
  <tag k="surface" v="asphalt"/>
  <tag k="tiger:cfcc" v="A41"/>
  <tag k="tiger:county" v="San Francisco, CA"/>
  <tag k="tiger:name_base" v="Presidio"/>
  <tag k="tiger:name_type" v="Blvd"/>
 </way>
 <way id="1436653515" visible="true" version="1" changeset="173042900" timestamp="2025-10-09T10:39:37Z" user="PedestrianMapping_CartoBypass" uid="23065539">
  <nd ref="613315054"/>
  <nd ref="613315055"/>
  <nd ref="5634306002"/>
  <nd ref="5634306001"/>
  <nd ref="13204459634"/>
  <tag k="highway" v="unclassified"/>
  <tag k="lit" v="yes"/>
  <tag k="name" v="Liggett Avenue"/>
  <tag k="name:etymology:wikidata" v="Q1638139"/>
 </way>
 <way id="1436653516" visible="true" version="1" changeset="173042900" timestamp="2025-10-09T10:39:37Z" user="PedestrianMapping_CartoBypass" uid="23065539">
  <nd ref="13204459633"/>
  <nd ref="13204459634"/>
  <tag k="crossing" v="uncontrolled"/>
  <tag k="crossing:markings" v="zebra"/>
  <tag k="crossing:signals" v="no"/>
  <tag k="footway" v="crossing"/>
  <tag k="highway" v="footway"/>
 </way>
 <way id="1436653517" visible="true" version="2" changeset="179723749" timestamp="2026-03-11T21:46:35Z" user="jumbanho" uid="38487">
  <nd ref="300726882"/>
  <nd ref="65309495"/>
  <nd ref="65309497"/>
  <nd ref="5427642721"/>
  <nd ref="5427637920"/>
  <tag k="highway" v="unclassified"/>
  <tag k="lit" v="yes"/>
  <tag k="name" v="Liggett Avenue"/>
  <tag k="name:etymology:wikidata" v="Q1638139"/>
  <tag k="surface" v="asphalt"/>
 </way>
 <way id="1436653518" visible="true" version="1" changeset="173042900" timestamp="2025-10-09T10:39:37Z" user="PedestrianMapping_CartoBypass" uid="23065539">
  <nd ref="13148772045"/>
  <nd ref="13204459627"/>
  <tag k="foot" v="yes"/>
  <tag k="footway" v="sidewalk"/>
  <tag k="highway" v="footway"/>
  <tag k="name" v="Lovers' Lane"/>
  <tag k="surface" v="concrete"/>
 </way>
 <way id="1441953039" visible="true" version="1" changeset="173238324" timestamp="2025-10-13T16:59:25Z" user="akshay_Lyft" uid="22704881">
  <nd ref="65309270"/>
  <nd ref="5241967554"/>
  <nd ref="65309272"/>
  <nd ref="9380859211"/>
  <nd ref="9380859210"/>
  <nd ref="9380859209"/>
  <nd ref="13231024672"/>
  <tag k="cycleway:left" v="lane"/>
  <tag k="cycleway:right" v="shared_lane"/>
  <tag k="highway" v="tertiary"/>
  <tag k="lanes" v="3"/>
  <tag k="lanes:backward" v="2"/>
  <tag k="lanes:forward" v="1"/>
  <tag k="lcn_ref" v="4;55"/>
  <tag k="lit" v="yes"/>
  <tag k="name" v="Lincoln Boulevard"/>
  <tag k="name:etymology:wikidata" v="Q91"/>
  <tag k="sidewalk:both" v="separate"/>
  <tag k="surface" v="asphalt"/>
  <tag k="tiger:cfcc" v="A41"/>
  <tag k="tiger:county" v="San Francisco, CA"/>
  <tag k="tiger:name_base" v="Lincoln"/>
  <tag k="tiger:name_type" v="Blvd"/>
  <tag k="turn:lanes:backward" v="left|through;right"/>
 </way>
 <way id="1453453102" visible="true" version="2" changeset="182722836" timestamp="2026-05-16T01:58:11Z" user="John Gilmore" uid="314930">
  <nd ref="367077215"/>
  <nd ref="13329303942"/>
  <nd ref="13329303943"/>
  <nd ref="13329303944"/>
  <nd ref="13329303941"/>
  <nd ref="13329303945"/>
  <nd ref="13329303946"/>
  <nd ref="13204459620"/>
  <tag k="footway" v="sidewalk"/>
  <tag k="highway" v="footway"/>
  <tag k="surface" v="concrete"/>
 </way>
 <way id="1453453103" visible="true" version="1" changeset="175089021" timestamp="2025-11-24T23:32:47Z" user="VLD170" uid="11417369">
  <nd ref="8451935803"/>
  <nd ref="13149073418"/>
  <nd ref="13329303947"/>
  <tag k="crossing" v="uncontrolled"/>
  <tag k="crossing:markings" v="lines"/>
  <tag k="crossing:signals" v="no"/>
  <tag k="footway" v="crossing"/>
  <tag k="highway" v="footway"/>
 </way>
 <way id="1453453104" visible="true" version="1" changeset="175089021" timestamp="2025-11-24T23:32:47Z" user="VLD170" uid="11417369">
  <nd ref="8551871020"/>
  <nd ref="13329303949"/>
  <nd ref="613315051"/>
  <nd ref="13329303950"/>
  <nd ref="13329303947"/>
  <tag k="footway" v="sidewalk"/>
  <tag k="highway" v="footway"/>
 </way>
 <way id="1453453105" visible="true" version="1" changeset="175089021" timestamp="2025-11-24T23:32:47Z" user="VLD170" uid="11417369">
  <nd ref="8509078744"/>
  <nd ref="13329303951"/>
  <nd ref="13329303952"/>
  <nd ref="13329303953"/>
  <nd ref="13329303954"/>
  <tag k="footway" v="sidewalk"/>
  <tag k="highway" v="footway"/>
 </way>
 <way id="1453453106" visible="true" version="1" changeset="175089021" timestamp="2025-11-24T23:32:47Z" user="VLD170" uid="11417369">
  <nd ref="13329303954"/>
  <nd ref="13329303955"/>
  <tag k="footway" v="sidewalk"/>
  <tag k="highway" v="footway"/>
 </way>
 <way id="1453453107" visible="true" version="1" changeset="175089021" timestamp="2025-11-24T23:32:47Z" user="VLD170" uid="11417369">
  <nd ref="13329303955"/>
  <nd ref="13149073419"/>
  <nd ref="13329303956"/>
  <nd ref="8451935803"/>
  <tag k="crossing" v="uncontrolled"/>
  <tag k="crossing:markings" v="zebra"/>
  <tag k="crossing:signals" v="no"/>
  <tag k="footway" v="crossing"/>
  <tag k="highway" v="footway"/>
 </way>
 <way id="1453453108" visible="true" version="1" changeset="175089021" timestamp="2025-11-24T23:32:47Z" user="VLD170" uid="11417369">
  <nd ref="13329303947"/>
  <nd ref="13329303957"/>
  <tag k="footway" v="sidewalk"/>
  <tag k="highway" v="footway"/>
 </way>
 <way id="1550664391" visible="true" version="1" changeset="187660844" timestamp="2026-08-18T21:06:05Z" user="Sonicguy32" uid="24336791">
  <nd ref="2919360785"/>
  <nd ref="14103912216"/>
  <nd ref="14103912217"/>
  <nd ref="2919360819"/>
  <nd ref="2919360823"/>
  <nd ref="2919360797"/>
  <nd ref="2919360781"/>
  <nd ref="2919360778"/>
  <nd ref="14103912218"/>
  <nd ref="14103912223"/>
  <nd ref="2919360765"/>
  <nd ref="2919360767"/>
  <nd ref="2919360768"/>
  <nd ref="2919360786"/>
  <nd ref="2919360784"/>
  <nd ref="2919360785"/>
  <tag k="building:colour" v="#553b3b"/>
  <tag k="building:part" v="yes"/>
  <tag k="height" v="21"/>
  <tag k="roof:colour" v="#8d6a72"/>
  <tag k="roof:height" v="4"/>
  <tag k="roof:shape" v="gabled"/>
 </way>
 <way id="1550664392" visible="true" version="1" changeset="187660844" timestamp="2026-08-18T21:06:05Z" user="Sonicguy32" uid="24336791">
  <nd ref="2919360785"/>
  <nd ref="14103912216"/>
  <nd ref="14103912217"/>
  <nd ref="2919360819"/>
  <nd ref="2919360827"/>
  <nd ref="2919360817"/>
  <nd ref="2919360820"/>
  <nd ref="2919360804"/>
  <nd ref="2919360802"/>
  <nd ref="2919360793"/>
  <nd ref="2919360792"/>
  <nd ref="2919360790"/>
  <nd ref="2919360789"/>
  <nd ref="2919360787"/>
  <nd ref="2919360785"/>
  <tag k="building:colour" v="#d2d6e3"/>
  <tag k="building:part" v="yes"/>
  <tag k="height" v="4"/>
  <tag k="roof:shape" v="flat"/>
 </way>
 <way id="1550664393" visible="true" version="1" changeset="187660844" timestamp="2026-08-18T21:06:05Z" user="Sonicguy32" uid="24336791">
  <nd ref="2919360719"/>
  <nd ref="2919356490"/>
  <nd ref="2919356489"/>
  <nd ref="2919356491"/>
  <nd ref="2919356492"/>
  <nd ref="2919356500"/>
  <nd ref="10253006605"/>
  <nd ref="2919360701"/>
  <nd ref="2919360703"/>
  <nd ref="2919360716"/>
  <nd ref="10253018436"/>
  <nd ref="2919360721"/>
  <nd ref="2919360737"/>
  <nd ref="2919360750"/>
  <nd ref="2919360747"/>
  <nd ref="14103912219"/>
  <nd ref="14103912220"/>
  <nd ref="14103912221"/>
  <nd ref="14103912222"/>
  <nd ref="2919360718"/>
  <nd ref="2919360719"/>
  <tag k="building:colour" v="#553b3b"/>
  <tag k="building:part" v="yes"/>
  <tag k="height" v="25"/>
  <tag k="roof:colour" v="#8d6a72"/>
  <tag k="roof:height" v="4"/>
  <tag k="roof:shape" v="gabled"/>
 </way>
 <way id="1550664394" visible="true" version="1" changeset="187660844" timestamp="2026-08-18T21:06:05Z" user="Sonicguy32" uid="24336791">
  <nd ref="2919360716"/>
  <nd ref="10253018438"/>
  <nd ref="2919360704"/>
  <nd ref="10253018439"/>
  <nd ref="2919356499"/>
  <nd ref="2919356493"/>
  <nd ref="2919360703"/>
  <nd ref="2919360716"/>
  <tag k="building:part" v="yes"/>
  <tag k="height" v="16"/>
  <tag k="roof:colour" v="#9fa3bc"/>
 </way>
 <way id="1550664395" visible="true" version="1" changeset="187660844" timestamp="2026-08-18T21:06:05Z" user="Sonicguy32" uid="24336791">
  <nd ref="2919360718"/>
  <nd ref="14103912222"/>
  <nd ref="14103912223"/>
  <nd ref="2919360765"/>
  <nd ref="2919360718"/>
  <tag k="building:part" v="yes"/>
  <tag k="height" v="12"/>
 </way>
 <way id="1550664396" visible="true" version="1" changeset="187660844" timestamp="2026-08-18T21:06:05Z" user="Sonicguy32" uid="24336791">
  <nd ref="14103912223"/>
  <nd ref="14103912222"/>
  <nd ref="14103912221"/>
  <nd ref="14103912220"/>
  <nd ref="14103912219"/>
  <nd ref="2919360747"/>
  <nd ref="10253018450"/>
  <nd ref="10253017662"/>
  <nd ref="2919360778"/>
  <nd ref="14103912218"/>
  <nd ref="14103912223"/>
  <tag k="building:part" v="yes"/>
  <tag k="height" v="16"/>
  <tag k="roof:colour" v="#9fa3bc"/>
  <tag k="roof:shape" v="flat"/>
 </way>
 <relation id="32379" visible="true" version="61" changeset="173238324" timestamp="2025-10-13T16:59:25Z" user="akshay_Lyft" uid="22704881">
  <member type="way" ref="1272988188" role=""/>
  <member type="way" ref="27040866" role=""/>
  <member type="way" ref="276171456" role=""/>
  <member type="way" ref="276171451" role=""/>
  <member type="way" ref="133376107" role=""/>
  <member type="way" ref="91114611" role=""/>
  <member type="way" ref="1024144583" role=""/>
  <member type="way" ref="1055232576" role=""/>
  <member type="way" ref="1326214028" role=""/>
  <member type="way" ref="1165312246" role=""/>
  <member type="way" ref="1165312247" role=""/>
  <member type="way" ref="396980347" role=""/>
  <member type="way" ref="133856257" role=""/>
  <member type="way" ref="396980342" role=""/>
  <member type="way" ref="396980340" role=""/>
  <member type="way" ref="91190524" role=""/>
  <member type="way" ref="910361858" role=""/>
  <member type="way" ref="910361859" role="forward"/>
  <member type="way" ref="396980344" role="forward"/>
  <member type="way" ref="396980341" role="forward"/>
  <member type="way" ref="910361857" role=""/>
  <member type="way" ref="910361861" role="forward"/>
  <member type="way" ref="396980345" role="forward"/>
  <member type="way" ref="910361863" role=""/>
  <member type="way" ref="1017046697" role=""/>
  <member type="way" ref="8917062" role=""/>
  <member type="way" ref="1441953039" role=""/>
  <member type="way" ref="8920946" role=""/>
  <member type="way" ref="399883466" role=""/>
  <member type="way" ref="399883474" role=""/>
  <member type="way" ref="27041291" role=""/>
  <member type="way" ref="27041278" role=""/>
  <member type="way" ref="91190523" role=""/>
  <member type="way" ref="437384202" role=""/>
  <member type="way" ref="364474994" role=""/>
  <member type="way" ref="85562607" role=""/>
  <member type="way" ref="437384201" role=""/>
  <member type="way" ref="85562571" role=""/>
  <member type="way" ref="1381257294" role=""/>
  <member type="way" ref="1341951759" role=""/>
  <member type="way" ref="1341951760" role=""/>
  <member type="way" ref="721044166" role=""/>
  <member type="way" ref="1247993157" role=""/>
  <member type="way" ref="8921316" role=""/>
  <member type="way" ref="1247993155" role=""/>
  <member type="way" ref="133376106" role=""/>
  <member type="way" ref="478789260" role=""/>
  <member type="way" ref="427283314" role=""/>
  <member type="way" ref="254968934" role=""/>
  <member type="way" ref="396983321" role=""/>
  <member type="way" ref="417103305" role=""/>
  <member type="way" ref="417103296" role=""/>
  <member type="way" ref="26938702" role=""/>
  <member type="way" ref="27041172" role=""/>
  <member type="way" ref="27041235" role=""/>
  <member type="way" ref="85644906" role=""/>
  <member type="way" ref="85644926" role=""/>
  <member type="way" ref="27041150" role=""/>
  <tag k="cycle_network" v="US:CA:SF"/>
  <tag k="network" v="lcn"/>
  <tag k="ref" v="4"/>
  <tag k="route" v="bicycle"/>
  <tag k="type" v="route"/>
 </relation>
 <relation id="109668" visible="true" version="571" changeset="188553572" timestamp="2026-09-05T04:15:31Z" user="KindredCoda" uid="14293">
  <member type="way" ref="1459358506" role="backward"/>
  <member type="way" ref="1241894249" role="backward"/>
  <member type="way" ref="91190527" role="forward"/>
  <member type="way" ref="85562579" role="forward"/>
  <member type="way" ref="533053745" role="forward"/>
  <member type="way" ref="1371674937" role="forward"/>
  <member type="way" ref="1371674935" role="forward"/>
  <member type="way" ref="27041278" role="forward"/>
  <member type="way" ref="27041291" role="forward"/>
  <member type="way" ref="399883474" role="forward"/>
  <member type="way" ref="133376112" role="forward"/>
  <member type="way" ref="542173788" role="forward"/>
  <member type="way" ref="27041340" role="forward"/>
  <member type="way" ref="417104571" role="forward"/>
  <member type="way" ref="1441953039" role="forward"/>
  <member type="way" ref="8917062" role="forward"/>
  <member type="way" ref="1017046697" role="forward"/>
  <member type="way" ref="910361863" role="forward"/>
  <member type="way" ref="396980345" role="forward"/>
  <member type="way" ref="910361861" role=""/>
  <member type="way" ref="910361857" role=""/>
  <member type="way" ref="910361859" role=""/>
  <member type="way" ref="910361858" role=""/>
  <member type="way" ref="91190520" role="forward"/>
  <member type="way" ref="133856265" role="forward"/>
  <member type="way" ref="682152471" role="forward"/>
  <member type="way" ref="682152470" role="forward"/>
  <member type="way" ref="91190521" role="forward"/>
  <member type="way" ref="91190522" role="forward"/>
  <member type="way" ref="1291668745" role="forward"/>
  <member type="way" ref="133856280" role="forward"/>
  <member type="way" ref="1346077715" role="forward"/>
  <member type="way" ref="8917009" role="forward"/>
  <member type="way" ref="529868660" role="forward"/>
  <member type="way" ref="91114611" role="forward"/>
  <member type="way" ref="133376107" role="forward"/>
  <member type="way" ref="276171451" role="forward"/>
  <member type="way" ref="276171456" role="forward"/>
  <member type="way" ref="27040866" role="forward"/>
  <member type="way" ref="1272988188" role="forward"/>
  <member type="way" ref="505521450" role="forward"/>
  <member type="way" ref="27040861" role="forward"/>
  <member type="way" ref="8919521" role="backward"/>
  <member type="way" ref="419755784" role="backward"/>
  <member type="way" ref="8918046" role="backward"/>
  <member type="way" ref="419755777" role="backward"/>
  <member type="way" ref="106042063" role="backward"/>
  <member type="way" ref="106042063" role="forward"/>
  <member type="way" ref="419755777" role="forward"/>
  <member type="way" ref="8918046" role="forward"/>
  <member type="way" ref="419755784" role="forward"/>
  <member type="way" ref="8919521" role="forward"/>
  <member type="way" ref="1272988187" role="forward"/>
  <member type="way" ref="1272988179" role="forward"/>
  <member type="way" ref="133376111" role="forward"/>
  <member type="way" ref="1409547616" role="forward"/>
  <member type="way" ref="396976788" role="forward"/>
  <member type="way" ref="791435100" role="forward"/>
  <member type="way" ref="397086246" role="forward"/>
  <member type="way" ref="513933384" role="forward"/>
  <member type="way" ref="791493593" role="forward"/>
  <member type="way" ref="791493592" role="forward"/>
  <member type="way" ref="27031206" role="forward"/>
  <member type="way" ref="162324913" role="forward"/>
  <member type="way" ref="397085570" role="forward"/>
  <member type="way" ref="669036063" role=""/>
  <member type="way" ref="143612439" role="forward"/>
  <member type="way" ref="8920432" role="forward"/>
  <member type="way" ref="34129169" role="forward"/>
  <member type="way" ref="515461612" role="forward"/>
  <member type="way" ref="34129168" role="forward"/>
  <member type="way" ref="45566316" role="forward"/>
  <member type="way" ref="8917085" role="forward"/>
  <member type="way" ref="676714185" role="forward"/>
  <member type="way" ref="148899888" role="forward"/>
  <member type="way" ref="676714186" role="forward"/>
  <member type="way" ref="27396665" role="forward"/>
  <member type="way" ref="255351738" role="forward"/>
  <member type="way" ref="1111971486" role="forward"/>
  <member type="way" ref="1459076995" role="forward"/>
  <member type="way" ref="32929982" role="forward"/>
  <member type="way" ref="1459076996" role="forward"/>
  <member type="way" ref="32930020" role="forward"/>
  <member type="way" ref="26943537" role="forward"/>
  <member type="way" ref="26943549" role="forward"/>
  <member type="way" ref="414404163" role="forward"/>
  <member type="way" ref="8919899" role="forward"/>
  <member type="way" ref="396989359" role="forward"/>
  <member type="way" ref="231656264" role="forward"/>
  <member type="way" ref="969998991" role="forward"/>
  <member type="way" ref="254758119" role="forward"/>
  <member type="way" ref="397097600" role="forward"/>
  <member type="way" ref="254982898" role="forward"/>
  <member type="way" ref="414933526" role="forward"/>
  <member type="way" ref="947721666" role="forward"/>
  <member type="way" ref="397097603" role="forward"/>
  <member type="way" ref="969998977" role="forward"/>
  <member type="way" ref="414985766" role="forward"/>
  <member type="way" ref="437558595" role="forward"/>
  <member type="way" ref="415215033" role="forward"/>
  <member type="way" ref="437550707" role="forward"/>
  <member type="way" ref="437550341" role="forward"/>
  <member type="way" ref="225518498" role="forward"/>
  <member type="way" ref="417385467" role="forward"/>
  <member type="way" ref="254758117" role="forward"/>
  <member type="way" ref="437550710" role="forward"/>
  <member type="way" ref="26378124" role="forward"/>
  <member type="way" ref="26378125" role="forward"/>
  <member type="way" ref="30758073" role="forward"/>
  <member type="way" ref="417385473" role="forward"/>
  <member type="way" ref="397138959" role="forward"/>
  <member type="way" ref="256787325" role="forward"/>
  <member type="way" ref="133781705" role="forward"/>
  <member type="way" ref="437540989" role="forward"/>
  <member type="way" ref="477788518" role="forward"/>
  <member type="way" ref="417385451" role="forward"/>
  <member type="way" ref="468128865" role="forward"/>
  <member type="way" ref="477788919" role="forward"/>
  <member type="way" ref="477788922" role="forward"/>
  <member type="way" ref="477788921" role="forward"/>
  <member type="way" ref="225847504" role="forward"/>
  <member type="way" ref="417385444" role="forward"/>
  <member type="way" ref="225847506" role="forward"/>
  <member type="way" ref="417385463" role="forward"/>
  <member type="way" ref="468128864" role="forward"/>
  <member type="way" ref="27239380" role="forward"/>
  <member type="way" ref="30758376" role="forward"/>
  <member type="way" ref="511075047" role="forward"/>
  <member type="way" ref="681460997" role="forward"/>
  <member type="way" ref="681461000" role="forward"/>
  <member type="way" ref="417385469" role="forward"/>
  <member type="way" ref="417385462" role="forward"/>
  <member type="way" ref="283529736" role="forward"/>
  <member type="way" ref="30758418" role="forward"/>
  <member type="way" ref="27239375" role="forward"/>
  <member type="way" ref="133755901" role="forward"/>
  <member type="way" ref="681172051" role=""/>
  <member type="way" ref="1088316571" role=""/>
  <member type="way" ref="1088316558" role=""/>
  <member type="way" ref="681178980" role=""/>
  <member type="way" ref="48570001" role="forward"/>
  <member type="way" ref="32930401" role="forward"/>
  <member type="way" ref="48570004" role="forward"/>
  <member type="way" ref="681658474" role="forward"/>
  <member type="way" ref="48569999" role="forward"/>
  <member type="way" ref="123867457" role="forward"/>
  <member type="way" ref="123867455" role="forward"/>
  <member type="way" ref="617730085" role="forward"/>
  <member type="way" ref="32007403" role="forward"/>
  <member type="way" ref="8920391" role="forward"/>
  <member type="way" ref="396949645" role="forward"/>
  <member type="way" ref="255330048" role="forward"/>
  <member type="way" ref="255351721" role="forward"/>
  <member type="way" ref="396945239" role="forward"/>
  <member type="way" ref="417400761" role="forward"/>
  <member type="way" ref="396945237" role="forward"/>
  <member type="way" ref="397270779" role="forward"/>
  <member type="way" ref="397270776" role="forward"/>
  <member type="way" ref="27041554" role="forward"/>
  <member type="way" ref="397270390" role="forward"/>
  <member type="way" ref="8922234" role="forward"/>
  <member type="way" ref="397270024" role="forward"/>
  <member type="way" ref="674490157" role="forward"/>
  <member type="way" ref="417400766" role="forward"/>
  <member type="way" ref="674490681" role="forward"/>
  <member type="way" ref="397270025" role="forward"/>
  <member type="way" ref="255330056" role="forward"/>
  <member type="way" ref="506711641" role="forward"/>
  <member type="way" ref="397108536" role="forward"/>
  <member type="way" ref="397108534" role="forward"/>
  <member type="way" ref="397108535" role="forward"/>
  <member type="way" ref="978694795" role="forward"/>
  <member type="way" ref="88466052" role="forward"/>
  <member type="way" ref="397140735" role="forward"/>
  <member type="way" ref="8922263" role="forward"/>
  <member type="way" ref="762196510" role="forward"/>
  <member type="way" ref="397141679" role="forward"/>
  <member type="way" ref="88463826" role="forward"/>
  <member type="way" ref="850162146" role="forward"/>
  <member type="way" ref="850162147" role="forward"/>
  <member type="way" ref="850162148" role="forward"/>
  <member type="way" ref="397140734" role="forward"/>
  <member type="way" ref="792350776" role="forward"/>
  <member type="way" ref="408572570" role="forward"/>
  <member type="way" ref="359898521" role="forward"/>
  <member type="way" ref="681178980" role="forward"/>
  <member type="way" ref="1081085956" role=""/>
  <member type="way" ref="32928681" role="forward"/>
  <member type="way" ref="30902971" role="forward"/>
  <member type="way" ref="31148243" role="forward"/>
  <member type="way" ref="24335463" role="forward"/>
  <member type="way" ref="133856248" role="forward"/>
  <member type="way" ref="513924005" role="forward"/>
  <member type="way" ref="397072294" role="forward"/>
  <member type="way" ref="514283448" role="forward"/>
  <member type="way" ref="489665611" role="forward"/>
  <member type="way" ref="32928777" role="forward"/>
  <member type="way" ref="514226789" role="forward"/>
  <member type="way" ref="302406180" role="forward"/>
  <member type="way" ref="1116394938" role="forward"/>
  <member type="way" ref="91518484" role="forward"/>
  <member type="way" ref="417390295" role="forward"/>
  <member type="way" ref="302406181" role="forward"/>
  <member type="way" ref="87235212" role="forward"/>
  <member type="way" ref="87235194" role="forward"/>
  <member type="way" ref="397167536" role="forward"/>
  <member type="way" ref="397167535" role="forward"/>
  <member type="way" ref="32928784" role="forward"/>
  <member type="way" ref="31148416" role="forward"/>
  <member type="way" ref="1077869056" role="forward"/>
  <member type="way" ref="894943846" role="forward"/>
  <member type="way" ref="370505354" role="forward"/>
  <member type="way" ref="370505358" role="forward"/>
  <member type="way" ref="397085571" role="forward"/>
  <member type="way" ref="417234893" role="forward"/>
  <member type="way" ref="620728101" role="forward"/>
  <member type="way" ref="573421353" role="forward"/>
  <member type="way" ref="30257195" role="forward"/>
  <member type="way" ref="738956070" role="forward"/>
  <member type="way" ref="8917061" role="forward"/>
  <member type="way" ref="682030991" role="forward"/>
  <member type="way" ref="8920372" role="forward"/>
  <member type="way" ref="396950797" role="forward"/>
  <member type="way" ref="26965876" role="forward"/>
  <member type="way" ref="399575097" role="forward"/>
  <member type="way" ref="474109099" role="forward"/>
  <member type="way" ref="960175328" role="forward"/>
  <member type="way" ref="958538676" role="forward"/>
  <member type="way" ref="958538679" role="forward"/>
  <member type="way" ref="1208201942" role="forward"/>
  <member type="way" ref="60862882" role="forward"/>
  <member type="way" ref="772914851" role="forward"/>
  <member type="way" ref="772916201" role="forward"/>
  <member type="way" ref="772916202" role="forward"/>
  <member type="way" ref="772914850" role="forward"/>
  <member type="way" ref="8916572" role="forward"/>
  <member type="way" ref="396945996" role="forward"/>
  <member type="way" ref="958538678" role="forward"/>
  <member type="way" ref="225840350" role="forward"/>
  <member type="way" ref="1279977032" role="forward"/>
  <member type="way" ref="225840349" role="forward"/>
  <member type="way" ref="91517994" role="forward"/>
  <member type="way" ref="396945625" role="forward"/>
  <member type="way" ref="396945626" role="forward"/>
  <member type="way" ref="396945623" role="forward"/>
  <member type="way" ref="8919594" role="forward"/>
  <member type="way" ref="474100982" role="forward"/>
  <member type="way" ref="399565819" role="forward"/>
  <member type="way" ref="399599874" role="forward"/>
  <member type="way" ref="737407560" role="forward"/>
  <member type="way" ref="737407561" role="forward"/>
  <member type="way" ref="399565820" role="forward"/>
  <member type="way" ref="396941180" role="forward"/>
  <member type="way" ref="417318600" role="forward"/>
  <member type="way" ref="396988222" role="forward"/>
  <member type="way" ref="1208203607" role="forward"/>
  <member type="way" ref="423679744" role="forward"/>
  <member type="way" ref="396988217" role="forward"/>
  <member type="way" ref="444542444" role="forward"/>
  <member type="way" ref="396988232" role="forward"/>
  <member type="way" ref="396988227" role="forward"/>
  <member type="way" ref="397065307" role="forward"/>
  <member type="way" ref="444542445" role="forward"/>
  <member type="way" ref="513658811" role="forward"/>
  <member type="way" ref="444542446" role="forward"/>
  <member type="way" ref="24335466" role="forward"/>
  <member type="way" ref="402063131" role="forward"/>
  <member type="way" ref="8917543" role="forward"/>
  <member type="way" ref="397067678" role="forward"/>
  <member type="way" ref="444542443" role="forward"/>
  <member type="way" ref="286356828" role="forward"/>
  <member type="way" ref="397090982" role="forward"/>
  <member type="way" ref="396969425" role="forward"/>
  <member type="way" ref="417945340" role="forward"/>
  <member type="way" ref="396970131" role="forward"/>
  <member type="way" ref="437412054" role="forward"/>
  <member type="way" ref="444542436" role="forward"/>
  <member type="way" ref="513648496" role="forward"/>
  <member type="way" ref="513648497" role="forward"/>
  <member type="way" ref="444542439" role="forward"/>
  <member type="way" ref="225840323" role="forward"/>
  <member type="way" ref="444542438" role="forward"/>
  <member type="way" ref="444542441" role="forward"/>
  <member type="way" ref="444542434" role="forward"/>
  <member type="way" ref="397028725" role="forward"/>
  <member type="way" ref="444542437" role="forward"/>
  <member type="way" ref="397028724" role="forward"/>
  <member type="way" ref="396969426" role="forward"/>
  <member type="way" ref="1081036280" role="forward"/>
  <member type="way" ref="397084143" role="forward"/>
  <member type="way" ref="23825837" role="forward"/>
  <member type="way" ref="89770058" role="forward"/>
  <member type="way" ref="397084691" role="forward"/>
  <member type="way" ref="284557517" role="forward"/>
  <member type="way" ref="8918445" role="forward"/>
  <member type="way" ref="404804540" role="forward"/>
  <member type="way" ref="467619934" role="forward"/>
  <member type="way" ref="404804545" role="forward"/>
  <member type="way" ref="133748361" role="forward"/>
  <member type="way" ref="505677838" role="forward"/>
  <member type="way" ref="396947462" role="forward"/>
  <member type="way" ref="396947162" role="forward"/>
  <member type="way" ref="417091768" role="forward"/>
  <member type="way" ref="404848898" role="forward"/>
  <member type="way" ref="417091759" role="forward"/>
  <member type="way" ref="417091766" role="forward"/>
  <member type="way" ref="417091761" role="forward"/>
  <member type="way" ref="417091770" role="forward"/>
  <member type="way" ref="396947164" role="forward"/>
  <member type="way" ref="418533930" role="forward"/>
  <member type="way" ref="415456106" role="forward"/>
  <member type="way" ref="415456105" role="forward"/>
  <member type="way" ref="32928422" role="forward"/>
  <member type="way" ref="404848902" role="forward"/>
  <member type="way" ref="417091763" role="forward"/>
  <member type="way" ref="464881764" role="forward"/>
  <member type="way" ref="417091769" role="forward"/>
  <member type="way" ref="417091764" role="forward"/>
  <member type="way" ref="404848901" role="forward"/>
  <member type="way" ref="404848900" role="forward"/>
  <member type="way" ref="404848899" role="forward"/>
  <member type="way" ref="241045162" role="forward"/>
  <member type="way" ref="241045163" role="forward"/>
  <member type="way" ref="619535713" role="forward"/>
  <member type="way" ref="514841378" role="forward"/>
  <member type="way" ref="516185201" role="forward"/>
  <member type="way" ref="385163263" role="forward"/>
  <member type="way" ref="701476976" role="forward"/>
  <member type="way" ref="225840326" role="forward"/>
  <member type="way" ref="513671550" role="forward"/>
  <member type="way" ref="133748363" role="forward"/>
  <member type="way" ref="513671549" role="forward"/>
  <member type="way" ref="133748369" role="forward"/>
  <member type="way" ref="396959983" role="forward"/>
  <member type="way" ref="344209405" role="forward"/>
  <member type="way" ref="396959984" role="forward"/>
  <member type="way" ref="396959986" role="forward"/>
  <member type="way" ref="513672407" role="forward"/>
  <member type="way" ref="103646974" role="forward"/>
  <member type="way" ref="396958806" role="forward"/>
  <member type="way" ref="286179044" role="forward"/>
  <member type="way" ref="162802658" role="forward"/>
  <member type="way" ref="619535743" role="forward"/>
  <member type="way" ref="344209399" role="forward"/>
  <member type="way" ref="286180034" role="forward"/>
  <member type="way" ref="286180604" role="forward"/>
  <member type="way" ref="1356675864" role="forward"/>
  <member type="way" ref="286183151" role="forward"/>
  <member type="way" ref="758055982" role="forward"/>
  <member type="way" ref="286186806" role="forward"/>
  <member type="way" ref="255170262" role="forward"/>
  <member type="way" ref="255170260" role="forward"/>
  <member type="way" ref="286188526" role="forward"/>
  <member type="way" ref="286188740" role="forward"/>
  <member type="way" ref="286265337" role="forward"/>
  <member type="way" ref="286265334" role="forward"/>
  <member type="way" ref="286265336" role="forward"/>
  <member type="way" ref="286265340" role="forward"/>
  <member type="way" ref="286265342" role="forward"/>
  <member type="way" ref="898469738" role="forward"/>
  <member type="way" ref="397072296" role="forward"/>
  <member type="way" ref="414321272" role="forward"/>
  <member type="way" ref="103755278" role="forward"/>
  <member type="way" ref="32928673" role="forward"/>
  <member type="way" ref="133734417" role="backward"/>
  <member type="way" ref="425516665" role="forward"/>
  <member type="way" ref="91185869" role="forward"/>
  <member type="way" ref="148846999" role="forward"/>
  <member type="way" ref="399163470" role="forward"/>
  <member type="way" ref="399163469" role="forward"/>
  <member type="way" ref="143666209" role="forward"/>
  <member type="way" ref="143666208" role="forward"/>
  <member type="way" ref="8917984" role="forward"/>
  <member type="way" ref="513889584" role="forward"/>
  <member type="way" ref="417233188" role="forward"/>
  <member type="way" ref="91185861" role="forward"/>
  <member type="way" ref="27570802" role="forward"/>
  <member type="way" ref="417233181" role="forward"/>
  <member type="way" ref="417233183" role="forward"/>
  <member type="way" ref="91185847" role="forward"/>
  <member type="way" ref="225847502" role="forward"/>
  <member type="way" ref="425516688" role="forward"/>
  <member type="way" ref="133781783" role="forward"/>
  <member type="way" ref="225847529" role="forward"/>
  <member type="way" ref="34128720" role="forward"/>
  <member type="way" ref="680783335" role="forward"/>
  <member type="way" ref="680783333" role="forward"/>
  <member type="way" ref="26987990" role="forward"/>
  <member type="way" ref="479850694" role="backward"/>
  <member type="way" ref="1012994252" role="forward"/>
  <member type="way" ref="85644937" role="forward"/>
  <member type="way" ref="27041250" role="forward"/>
  <member type="way" ref="43250798" role="forward"/>
  <member type="way" ref="419643721" role="forward"/>
  <member type="way" ref="43250797" role="forward"/>
  <member type="way" ref="417103319" role="forward"/>
  <member type="way" ref="254968956" role="forward"/>
  <member type="way" ref="27040657" role="forward"/>
  <member type="way" ref="8916287" role="forward"/>
  <member type="way" ref="431375109" role="forward"/>
  <member type="way" ref="417103323" role="forward"/>
  <member type="way" ref="254968959" role="forward"/>
  <member type="way" ref="1497167835" role="forward"/>
  <member type="way" ref="283537317" role="forward"/>
  <member type="way" ref="398133144" role="forward"/>
  <member type="way" ref="1241894253" role="backward"/>
  <member type="way" ref="425516656" role="forward"/>
  <member type="way" ref="1483125883" role="forward"/>
  <member type="way" ref="517260068" role="forward"/>
  <member type="way" ref="28808425" role="forward"/>
  <member type="way" ref="416877246" role="forward"/>
  <member type="way" ref="87376669" role="forward"/>
  <member type="way" ref="30030101" role="forward"/>
  <member type="way" ref="416878315" role="forward"/>
  <member type="way" ref="91185877" role="forward"/>
  <member type="way" ref="408572568" role="forward"/>
  <member type="way" ref="397094227" role="forward"/>
  <member type="way" ref="417099340" role="forward"/>
  <member type="way" ref="417099335" role="forward"/>
  <member type="way" ref="91182062" role="forward"/>
  <member type="way" ref="513676821" role="forward"/>
  <member type="way" ref="425516642" role="forward"/>
  <member type="way" ref="1041363479" role="forward"/>
  <member type="way" ref="461084154" role="forward"/>
  <member type="way" ref="1466871688" role="forward"/>
  <member type="way" ref="91182069" role="forward"/>
  <member type="way" ref="91182068" role="forward"/>
  <member type="way" ref="513676833" role="forward"/>
  <member type="way" ref="91182066" role="forward"/>
  <member type="way" ref="620169744" role="forward"/>
  <member type="way" ref="27166421" role="forward"/>
  <member type="way" ref="1432730526" role="forward"/>
  <member type="way" ref="91181760" role="forward"/>
  <member type="way" ref="1175773365" role="forward"/>
  <member type="way" ref="1373369088" role="forward"/>
  <member type="way" ref="674757876" role="forward"/>
  <member type="way" ref="100400946" role="forward"/>
  <member type="way" ref="1201621437" role="forward"/>
  <member type="way" ref="91181759" role="forward"/>
  <member type="way" ref="414948593" role="forward"/>
  <member type="way" ref="29023741" role="forward"/>
  <member type="way" ref="1041351161" role="forward"/>
  <member type="way" ref="1041351160" role="forward"/>
  <member type="way" ref="721174652" role="forward"/>
  <member type="way" ref="28841122" role="forward"/>
  <member type="way" ref="721174653" role="forward"/>
  <member type="way" ref="111586254" role="forward"/>
  <member type="way" ref="111586257" role="forward"/>
  <member type="way" ref="417101713" role="forward"/>
  <member type="way" ref="417947134" role="forward"/>
  <member type="way" ref="417947135" role="forward"/>
  <member type="way" ref="667569395" role="forward"/>
  <member type="way" ref="417101714" role="forward"/>
  <member type="way" ref="417101716" role="forward"/>
  <member type="way" ref="968937449" role="forward"/>
  <member type="way" ref="1032777740" role="forward"/>
  <member type="way" ref="440486297" role="forward"/>
  <member type="way" ref="1032777739" role="forward"/>
  <member type="way" ref="1112271472" role="forward"/>
  <member type="way" ref="1032777738" role="forward"/>
  <member type="way" ref="1032777737" role="forward"/>
  <member type="way" ref="1032777736" role="forward"/>
  <member type="way" ref="1032777734" role="forward"/>
  <member type="way" ref="1112250557" role="forward"/>
  <member type="way" ref="1112250559" role="forward"/>
  <member type="way" ref="86303763" role="forward"/>
  <member type="way" ref="1112250556" role="forward"/>
  <member type="way" ref="1112250555" role="forward"/>
  <member type="way" ref="86303747" role="forward"/>
  <member type="way" ref="1036842274" role="forward"/>
  <member type="way" ref="30831490" role="forward"/>
  <member type="way" ref="224200969" role="forward"/>
  <member type="way" ref="91181763" role="forward"/>
  <member type="way" ref="1016783293" role="forward"/>
  <member type="way" ref="525614246" role="forward"/>
  <member type="way" ref="525614248" role="forward"/>
  <member type="way" ref="91181765" role="forward"/>
  <member type="way" ref="1071850540" role="forward"/>
  <member type="way" ref="23880810" role="forward"/>
  <member type="way" ref="1312702021" role="forward"/>
  <member type="way" ref="1131473542" role="forward"/>
  <member type="way" ref="1312702022" role="forward"/>
  <member type="way" ref="84733284" role="forward"/>
  <member type="way" ref="1050281169" role="forward"/>
  <member type="way" ref="84654229" role="forward"/>
  <member type="way" ref="483197410" role="forward"/>
  <member type="way" ref="1111713269" role="forward"/>
  <member type="way" ref="398675753" role="forward"/>
  <member type="way" ref="1111713267" role="forward"/>
  <member type="way" ref="1111713266" role="forward"/>
  <member type="way" ref="502795941" role="forward"/>
  <member type="way" ref="1120144354" role="forward"/>
  <member type="way" ref="225847517" role="forward"/>
  <member type="way" ref="513704711" role="forward"/>
  <member type="way" ref="91181767" role="forward"/>
  <member type="way" ref="980893266" role="forward"/>
  <member type="way" ref="1520496804" role="forward"/>
  <member type="way" ref="398675749" role="forward"/>
  <member type="way" ref="254448248" role="forward"/>
  <member type="way" ref="254759936" role="forward"/>
  <member type="way" ref="399138123" role="forward"/>
  <member type="way" ref="27167302" role="forward"/>
  <member type="way" ref="1362958115" role="forward"/>
  <member type="way" ref="26988030" role="forward"/>
  <member type="way" ref="225847523" role="forward"/>
  <member type="way" ref="8920338" role="forward"/>
  <member type="way" ref="571428733" role="forward"/>
  <member type="way" ref="530038011" role="forward"/>
  <member type="way" ref="619568403" role="forward"/>
  <member type="way" ref="88572943" role="forward"/>
  <member type="way" ref="1349027896" role="forward"/>
  <member type="way" ref="91181769" role="forward"/>
  <member type="way" ref="417087368" role="forward"/>
  <member type="way" ref="1409584817" role="forward"/>
  <member type="way" ref="1409584818" role="forward"/>
  <member type="way" ref="91181771" role="forward"/>
  <member type="way" ref="1121644083" role="forward"/>
  <member type="way" ref="1469149564" role="forward"/>
  <member type="way" ref="620728095" role="forward"/>
  <member type="way" ref="515486307" role="forward"/>
  <member type="way" ref="417400722" role="forward"/>
  <member type="way" ref="1050267029" role="forward"/>
  <member type="way" ref="513701878" role="forward"/>
  <member type="way" ref="1081219362" role="forward"/>
  <member type="way" ref="417400750" role="forward"/>
  <member type="way" ref="1081219359" role="forward"/>
  <member type="way" ref="1040509548" role="forward"/>
  <member type="way" ref="406944767" role="forward"/>
  <member type="way" ref="406944774" role="forward"/>
  <member type="way" ref="406944771" role="forward"/>
  <member type="way" ref="406944765" role="forward"/>
  <member type="way" ref="706532923" role="forward"/>
  <member type="way" ref="417400734" role="forward"/>
  <member type="way" ref="706532925" role="forward"/>
  <member type="way" ref="850228676" role="forward"/>
  <member type="way" ref="417400728" role="forward"/>
  <member type="way" ref="1349027890" role="forward"/>
  <member type="way" ref="1051004023" role="forward"/>
  <member type="way" ref="406944764" role="forward"/>
  <member type="way" ref="417101699" role="forward"/>
  <member type="way" ref="1111954648" role="forward"/>
  <member type="way" ref="175507523" role="forward"/>
  <member type="way" ref="742702373" role="forward"/>
  <member type="way" ref="175507524" role="forward"/>
  <member type="way" ref="88572905" role="forward"/>
  <member type="way" ref="417101700" role="forward"/>
  <member type="way" ref="417101701" role="forward"/>
  <member type="way" ref="8919020" role="forward"/>
  <member type="way" ref="1076419799" role="forward"/>
  <member type="way" ref="91181774" role="forward"/>
  <member type="way" ref="417099324" role="forward"/>
  <member type="way" ref="397269728" role="forward"/>
  <member type="way" ref="1126161510" role="forward"/>
  <member type="way" ref="1126161508" role="forward"/>
  <member type="way" ref="27054213" role="forward"/>
  <member type="way" ref="1030276935" role="forward"/>
  <member type="way" ref="775393065" role="forward"/>
  <member type="way" ref="1377413505" role="forward"/>
  <member type="way" ref="91181775" role="forward"/>
  <member type="way" ref="780006784" role="forward"/>
  <member type="way" ref="27146036" role="forward"/>
  <member type="way" ref="620728119" role="forward"/>
  <member type="way" ref="32931798" role="forward"/>
  <member type="way" ref="619535676" role="forward"/>
  <member type="way" ref="1241894252" role="forward"/>
  <member type="way" ref="1459358514" role="forward"/>
  <member type="way" ref="1241894250" role="forward"/>
  <member type="way" ref="396980341" role="forward"/>
  <member type="way" ref="396980344" role="forward"/>
  <member type="way" ref="673500610" role="forward"/>
  <member type="way" ref="8916435" role="forward"/>
  <member type="way" ref="255166634" role="forward"/>
  <member type="way" ref="397169009" role="forward"/>
  <member type="way" ref="408589707" role="forward"/>
  <member type="way" ref="255166635" role="forward"/>
  <member type="way" ref="32928798" role="forward"/>
  <member type="way" ref="30897687" role="forward"/>
  <member type="way" ref="1453705277" role="forward"/>
  <member type="way" ref="8922015" role="forward"/>
  <member type="way" ref="1343571452" role="forward"/>
  <member type="way" ref="137812985" role="forward"/>
  <member type="way" ref="137812984" role="forward"/>
  <member type="way" ref="444491365" role="forward"/>
  <member type="way" ref="137812981" role="forward"/>
  <member type="way" ref="444491367" role="forward"/>
  <member type="way" ref="444491375" role="forward"/>
  <member type="way" ref="444116277" role="forward"/>
  <member type="way" ref="513937858" role="forward"/>
  <member type="way" ref="137812997" role="forward"/>
  <member type="way" ref="1060530335" role="forward"/>
  <member type="way" ref="514610065" role="forward"/>
  <member type="way" ref="137813001" role="forward"/>
  <member type="way" ref="602454410" role="forward"/>
  <member type="way" ref="370954792" role="forward"/>
  <member type="way" ref="370954791" role="forward"/>
  <member type="way" ref="28136777" role="forward"/>
  <member type="way" ref="1555368407" role="forward"/>
  <member type="way" ref="28136772" role="forward"/>
  <member type="way" ref="133733584" role="forward"/>
  <member type="way" ref="32928893" role="forward"/>
  <member type="way" ref="27167713" role="forward"/>
  <member type="way" ref="1123730388" role="forward"/>
  <member type="way" ref="970239611" role="forward"/>
  <member type="way" ref="781807339" role="forward"/>
  <member type="way" ref="781807337" role="forward"/>
  <member type="way" ref="44671299" role="forward"/>
  <member type="way" ref="254759957" role="forward"/>
  <member type="way" ref="396983131" role="forward"/>
  <member type="way" ref="44671300" role="forward"/>
  <member type="way" ref="417384991" role="forward"/>
  <member type="way" ref="417384976" role="forward"/>
  <member type="way" ref="32928954" role="forward"/>
  <member type="way" ref="417384984" role="forward"/>
  <member type="way" ref="513702148" role="forward"/>
  <member type="way" ref="513702147" role="forward"/>
  <member type="way" ref="417384996" role="forward"/>
  <member type="way" ref="930170937" role="forward"/>
  <member type="way" ref="469952153" role="forward"/>
  <member type="way" ref="469952152" role="forward"/>
  <member type="way" ref="32928980" role="forward"/>
  <member type="way" ref="417384957" role="forward"/>
  <member type="way" ref="32928982" role="forward"/>
  <member type="way" ref="396976194" role="forward"/>
  <member type="way" ref="133735888" role="forward"/>
  <member type="way" ref="254982315" role="forward"/>
  <member type="way" ref="136844195" role="forward"/>
  <member type="way" ref="1163867100" role="forward"/>
  <member type="way" ref="49847744" role="forward"/>
  <member type="way" ref="515871770" role="forward"/>
  <member type="way" ref="676285191" role="forward"/>
  <member type="way" ref="262935937" role="forward"/>
  <member type="way" ref="286003025" role="forward"/>
  <member type="way" ref="397156903" role="forward"/>
  <member type="way" ref="1208192884" role="forward"/>
  <member type="way" ref="1159782444" role="forward"/>
  <member type="way" ref="247329517" role="forward"/>
  <member type="way" ref="417388061" role="forward"/>
  <member type="way" ref="247329527" role="forward"/>
  <member type="way" ref="133743863" role="forward"/>
  <member type="way" ref="503825191" role="forward"/>
  <member type="way" ref="8919507" role="forward"/>
  <member type="way" ref="311430145" role="forward"/>
  <member type="way" ref="311430148" role="forward"/>
  <member type="way" ref="437550899" role="forward"/>
  <member type="way" ref="311430150" role="forward"/>
  <member type="way" ref="396986026" role="forward"/>
  <member type="way" ref="311430146" role="forward"/>
  <member type="way" ref="254982314" role="forward"/>
  <member type="way" ref="110365000" role="forward"/>
  <member type="way" ref="32929105" role="forward"/>
  <member type="way" ref="254982308" role="forward"/>
  <member type="way" ref="417957564" role="forward"/>
  <member type="way" ref="396985654" role="forward"/>
  <member type="way" ref="60501619" role="forward"/>
  <member type="way" ref="60501618" role="forward"/>
  <member type="way" ref="970235557" role="forward"/>
  <member type="way" ref="916495048" role="forward"/>
  <member type="way" ref="917310153" role="forward"/>
  <member type="way" ref="8917611" role="forward"/>
  <member type="way" ref="970235555" role="forward"/>
  <member type="way" ref="917310152" role="forward"/>
  <member type="way" ref="1238141408" role="forward"/>
  <member type="way" ref="917310150" role="forward"/>
  <member type="way" ref="215848128" role="forward"/>
  <member type="way" ref="162931668" role="forward"/>
  <member type="way" ref="8917609" role="forward"/>
  <member type="way" ref="978912139" role="forward"/>
  <member type="way" ref="528123633" role="forward"/>
  <member type="way" ref="32929414" role="forward"/>
  <member type="way" ref="417314590" role="forward"/>
  <member type="way" ref="417314587" role="forward"/>
  <member type="way" ref="970234630" role="forward"/>
  <member type="way" ref="514601814" role="forward"/>
  <member type="way" ref="32929423" role="forward"/>
  <member type="way" ref="397161355" role="forward"/>
  <member type="way" ref="24335220" role="forward"/>
  <member type="way" ref="91011090" role="forward"/>
  <member type="way" ref="91011091" role="forward"/>
  <member type="way" ref="215848124" role="forward"/>
  <member type="way" ref="143612432" role="forward"/>
  <member type="way" ref="27397715" role="forward"/>
  <tag k="name" v="49 Mile Scenic Drive"/>
  <tag k="network" v="US:CA:San_Francisco:49_Mile_Scenic_Drive"/>
  <tag k="operator" v="San Francisco Department of Public Works"/>
  <tag k="operator:wikidata" v="Q7413995"/>
  <tag k="route" v="road"/>
  <tag k="type" v="route"/>
  <tag k="wikidata" v="Q237360"/>
  <tag k="wikipedia" v="en:49-Mile Scenic Drive"/>
 </relation>
 <relation id="1559340" visible="true" version="83" changeset="186565538" timestamp="2026-07-29T06:50:03Z" user="KindredCoda" uid="14293">
  <member type="way" ref="159831985" role=""/>
  <member type="way" ref="619568429" role=""/>
  <member type="way" ref="792996592" role=""/>
  <member type="way" ref="91190524" role=""/>
  <member type="way" ref="910361858" role=""/>
  <member type="way" ref="396980344" role=""/>
  <member type="way" ref="396980341" role=""/>
  <member type="way" ref="224200971" role=""/>
  <member type="way" ref="680243312" role=""/>
  <member type="way" ref="1090200059" role=""/>
  <member type="way" ref="417105397" role=""/>
  <member type="way" ref="417105387" role=""/>
  <member type="way" ref="254396718" role=""/>
  <member type="way" ref="254396717" role=""/>
  <member type="way" ref="539214096" role=""/>
  <member type="way" ref="224200970" role=""/>
  <member type="way" ref="286003784" role=""/>
  <member type="way" ref="133856274" role=""/>
  <member type="way" ref="396973463" role=""/>
  <member type="way" ref="133856232" role="forward"/>
  <member type="way" ref="396968570" role="forward"/>
  <member type="way" ref="23848314" role="forward"/>
  <member type="way" ref="214037668" role="forward"/>
  <member type="way" ref="739601027" role="forward"/>
  <member type="way" ref="27167652" role="forward"/>
  <member type="way" ref="1062057312" role="forward"/>
  <member type="way" ref="396969676" role="forward"/>
  <member type="way" ref="396969674" role="forward"/>
  <member type="way" ref="24335286" role="forward"/>
  <member type="way" ref="396973462" role="forward"/>
  <member type="way" ref="101153936" role="forward"/>
  <member type="way" ref="101153941" role="forward"/>
  <member type="way" ref="514729106" role="forward"/>
  <member type="way" ref="739601039" role="forward"/>
  <member type="way" ref="739601038" role="forward"/>
  <member type="way" ref="101153943" role="forward"/>
  <member type="way" ref="932297475" role="forward"/>
  <member type="way" ref="762202749" role="forward"/>
  <member type="way" ref="101153937" role="forward"/>
  <member type="way" ref="976290002" role="forward"/>
  <member type="way" ref="396986934" role="forward"/>
  <member type="way" ref="738000224" role="forward"/>
  <member type="way" ref="1018460468" role="forward"/>
  <member type="way" ref="1120428725" role="forward"/>
  <member type="way" ref="738000223" role="forward"/>
  <member type="way" ref="1117317598" role="forward"/>
  <member type="way" ref="738000222" role="forward"/>
  <member type="way" ref="738000221" role="forward"/>
  <member type="way" ref="738000220" role="forward"/>
  <member type="way" ref="738000219" role="forward"/>
  <member type="way" ref="739601031" role="forward"/>
  <member type="way" ref="739601030" role="forward"/>
  <member type="way" ref="1121164081" role="forward"/>
  <member type="way" ref="8922962" role="forward"/>
  <member type="way" ref="1121164080" role="forward"/>
  <member type="way" ref="1117317597" role="forward"/>
  <member type="way" ref="396969675" role="forward"/>
  <member type="way" ref="133856233" role="forward"/>
  <member type="way" ref="396968575" role="forward"/>
  <member type="way" ref="30831502" role="forward"/>
  <member type="way" ref="738000218" role="forward"/>
  <member type="way" ref="224316524" role=""/>
  <member type="way" ref="224316523" role=""/>
  <member type="way" ref="1017046698" role=""/>
  <member type="way" ref="1436653514" role=""/>
  <member type="way" ref="30831533" role=""/>
  <member type="way" ref="620169741" role=""/>
  <member type="way" ref="27041340" role=""/>
  <member type="way" ref="417104571" role=""/>
  <member type="way" ref="1441953039" role=""/>
  <member type="way" ref="8917062" role=""/>
  <member type="way" ref="1017046697" role=""/>
  <member type="way" ref="910361863" role=""/>
  <member type="way" ref="396980345" role=""/>
  <member type="way" ref="529800263" role="forward"/>
  <member type="way" ref="28532878" role="forward"/>
  <member type="way" ref="529793463" role="forward"/>
  <member type="way" ref="133856324" role=""/>
  <member type="way" ref="884004315" role=""/>
  <member type="way" ref="133856214" role=""/>
  <member type="way" ref="133856214" role="forward"/>
  <member type="way" ref="87559150" role=""/>
  <member type="way" ref="367478554" role="backward"/>
  <member type="way" ref="529800253" role="forward"/>
  <member type="way" ref="884004327" role=""/>
  <member type="way" ref="120257665" role="forward"/>
  <member type="way" ref="262935286" role="forward"/>
  <member type="way" ref="120257661" role="forward"/>
  <member type="way" ref="8921028" role="forward"/>
  <member type="way" ref="133856290" role="forward"/>
  <member type="way" ref="566870808" role="forward"/>
  <member type="way" ref="44671099" role="forward"/>
  <member type="way" ref="529800256" role=""/>
  <member type="way" ref="884004336" role=""/>
  <member type="way" ref="133856213" role=""/>
  <member type="way" ref="32929419" role=""/>
  <member type="way" ref="417314587" role=""/>
  <member type="way" ref="417314590" role=""/>
  <member type="way" ref="32929414" role=""/>
  <member type="way" ref="1453738768" role=""/>
  <member type="way" ref="133735880" role=""/>
  <member type="way" ref="27028678" role=""/>
  <member type="way" ref="196816082" role=""/>
  <member type="way" ref="8918914" role="forward"/>
  <member type="way" ref="133743882" role="forward"/>
  <member type="way" ref="1063489073" role="forward"/>
  <member type="way" ref="396985441" role="forward"/>
  <member type="way" ref="396985434" role="forward"/>
  <member type="way" ref="468547462" role="forward"/>
  <member type="way" ref="133743881" role="forward"/>
  <member type="way" ref="148899325" role="forward"/>
  <member type="way" ref="396985415" role="forward"/>
  <member type="way" ref="310458109" role="forward"/>
  <member type="way" ref="1196004723" role="forward"/>
  <member type="way" ref="133743884" role="forward"/>
  <member type="way" ref="110365000" role="forward"/>
  <member type="way" ref="8916364" role="forward"/>
  <member type="way" ref="148310043" role="forward"/>
  <member type="way" ref="110365009" role="forward"/>
  <member type="way" ref="417957564" role="forward"/>
  <member type="way" ref="553361914" role="forward"/>
  <member type="way" ref="32929106" role="forward"/>
  <member type="way" ref="417957563" role="forward"/>
  <member type="way" ref="110365011" role="forward"/>
  <member type="way" ref="396985425" role="forward"/>
  <member type="way" ref="396985416" role="forward"/>
  <member type="way" ref="110365004" role="forward"/>
  <member type="way" ref="995485057" role="forward"/>
  <member type="way" ref="133743886" role="forward"/>
  <member type="way" ref="254982307" role="forward"/>
  <member type="way" ref="148899332" role="forward"/>
  <member type="way" ref="468547467" role="forward"/>
  <member type="way" ref="1082646521" role="forward"/>
  <member type="way" ref="408586842" role="forward"/>
  <member type="way" ref="396985421" role="forward"/>
  <member type="way" ref="310458108" role="forward"/>
  <member type="way" ref="8919540" role="forward"/>
  <member type="way" ref="148899327" role="forward"/>
  <member type="way" ref="110365002" role=""/>
  <member type="way" ref="417975682" role=""/>
  <member type="way" ref="417975685" role=""/>
  <member type="way" ref="1208185544" role=""/>
  <member type="way" ref="397124526" role=""/>
  <member type="way" ref="397124527" role=""/>
  <member type="way" ref="276338269" role=""/>
  <member type="way" ref="397123569" role=""/>
  <member type="way" ref="8919013" role=""/>
  <member type="way" ref="397123567" role=""/>
  <member type="way" ref="148310037" role=""/>
  <member type="way" ref="1545577985" role="forward"/>
  <member type="way" ref="286505858" role="forward"/>
  <member type="way" ref="397136359" role="forward"/>
  <member type="way" ref="30758121" role="forward"/>
  <member type="way" ref="220137959" role="forward"/>
  <member type="way" ref="397136361" role="forward"/>
  <member type="way" ref="397136360" role="forward"/>
  <member type="way" ref="286505857" role="forward"/>
  <member type="way" ref="936545620" role="forward"/>
  <member type="way" ref="1545577986" role=""/>
  <member type="way" ref="910361859" role=""/>
  <member type="way" ref="910361857" role=""/>
  <member type="way" ref="910361861" role=""/>
  <tag k="cycle_network" v="US:CA:SF"/>
  <tag k="fixme" v="verify north end"/>
  <tag k="network" v="lcn"/>
  <tag k="ref" v="55"/>
  <tag k="route" v="bicycle"/>
  <tag k="type" v="route"/>
 </relation>
 <relation id="3335696" visible="true" version="139" changeset="187417252" timestamp="2026-08-14T00:43:16Z" user="KindredCoda" uid="14293">
  <member type="node" ref="5854734902" role="stop"/>
  <member type="node" ref="6382255531" role="platform"/>
  <member type="node" ref="6922018746" role="stop"/>
  <member type="node" ref="6389731693" role="platform"/>
  <member type="node" ref="6922018750" role="stop"/>
  <member type="node" ref="6389731695" role="platform"/>
  <member type="node" ref="6922018752" role="stop"/>
  <member type="node" ref="6389731697" role="platform"/>
  <member type="node" ref="6922018754" role="stop"/>
  <member type="node" ref="6389731700" role="platform"/>
  <member type="node" ref="6922018755" role="stop"/>
  <member type="node" ref="6389731701" role="platform"/>
  <member type="node" ref="6922018757" role="stop"/>
  <member type="node" ref="6389731703" role="platform"/>
  <member type="node" ref="6922018759" role="stop"/>
  <member type="node" ref="6389731705" role="platform"/>
  <member type="node" ref="6922018775" role="stop"/>
  <member type="node" ref="6389731708" role="platform"/>
  <member type="node" ref="6922018780" role="stop"/>
  <member type="node" ref="6389731711" role="platform"/>
  <member type="node" ref="6922018782" role="stop"/>
  <member type="node" ref="6389731712" role="platform"/>
  <member type="node" ref="6922018784" role="stop"/>
  <member type="node" ref="6389731713" role="platform"/>
  <member type="node" ref="6909809602" role="stop"/>
  <member type="node" ref="6382255526" role="platform"/>
  <member type="node" ref="6630501098" role="stop"/>
  <member type="node" ref="6382255525" role="platform"/>
  <member type="node" ref="6906452400" role="stop"/>
  <member type="node" ref="527449604" role="platform"/>
  <member type="node" ref="6906452403" role="stop"/>
  <member type="node" ref="6382255521" role="platform"/>
  <member type="node" ref="5854734675" role="stop"/>
  <member type="node" ref="1712553667" role="platform"/>
  <member type="node" ref="6909809604" role="stop"/>
  <member type="node" ref="6382255523" role="platform"/>
  <member type="node" ref="6179425501" role="stop"/>
  <member type="node" ref="1712536513" role="platform"/>
  <member type="node" ref="6921488400" role="stop"/>
  <member type="node" ref="6389731716" role="platform"/>
  <member type="node" ref="6921488405" role="stop"/>
  <member type="node" ref="6389731718" role="platform"/>
  <member type="node" ref="6921488406" role="stop"/>
  <member type="node" ref="6389731720" role="platform"/>
  <member type="node" ref="6921488407" role="stop"/>
  <member type="node" ref="6389731721" role="platform"/>
  <member type="node" ref="1735947618" role="stop"/>
  <member type="node" ref="6389731464" role="platform"/>
  <member type="node" ref="6913979357" role="stop"/>
  <member type="node" ref="2868868965" role="platform"/>
  <member type="node" ref="2449296888" role="stop"/>
  <member type="node" ref="2542333094" role="platform"/>
  <member type="node" ref="6913979356" role="stop"/>
  <member type="node" ref="6389731467" role="platform"/>
  <member type="node" ref="6913979364" role="stop"/>
  <member type="node" ref="6389731468" role="platform"/>
  <member type="node" ref="6921488398" role="stop"/>
  <member type="node" ref="6389731471" role="platform"/>
  <member type="node" ref="2315676239" role="stop"/>
  <member type="node" ref="6389731472" role="platform"/>
  <member type="node" ref="6921488394" role="stop"/>
  <member type="node" ref="6389731474" role="platform"/>
  <member type="node" ref="6921488389" role="stop"/>
  <member type="node" ref="6389731476" role="platform"/>
  <member type="node" ref="6921488387" role="stop"/>
  <member type="node" ref="6389731478" role="platform"/>
  <member type="node" ref="6921482284" role="stop"/>
  <member type="node" ref="6389731481" role="platform"/>
  <member type="node" ref="2317760312" role="stop"/>
  <member type="node" ref="6389731482" role="platform"/>
  <member type="node" ref="6921482282" role="stop"/>
  <member type="node" ref="6389731484" role="platform"/>
  <member type="node" ref="6913489049" role="stop"/>
  <member type="node" ref="6389294180" role="platform"/>
  <member type="node" ref="6913489050" role="stop"/>
  <member type="node" ref="6389294182" role="platform"/>
  <member type="node" ref="6913489033" role="stop"/>
  <member type="node" ref="6389732287" role="platform"/>
  <member type="node" ref="65312897" role="stop"/>
  <member type="node" ref="6389732289" role="platform"/>
  <member type="node" ref="6913489036" role="stop"/>
  <member type="node" ref="6389732291" role="platform"/>
  <member type="node" ref="6907578102" role="stop"/>
  <member type="node" ref="6389552848" role="platform"/>
  <member type="node" ref="1501115022" role="stop"/>
  <member type="node" ref="1260547062" role="platform"/>
  <member type="node" ref="6913489064" role="stop"/>
  <member type="node" ref="6389552849" role="platform"/>
  <member type="node" ref="6913489060" role="stop"/>
  <member type="node" ref="6389552852" role="platform"/>
  <member type="node" ref="6913489057" role="stop"/>
  <member type="node" ref="1684410030" role="platform"/>
  <member type="node" ref="6909511582" role="stop"/>
  <member type="node" ref="6389552854" role="platform"/>
  <member type="node" ref="6909532287" role="stop"/>
  <member type="node" ref="6374754995" role="platform"/>
  <member type="node" ref="5854734894" role="stop"/>
  <member type="node" ref="6374754998" role="platform"/>
  <member type="node" ref="6909532290" role="stop"/>
  <member type="node" ref="6374754999" role="platform"/>
  <member type="node" ref="6909532292" role="stop"/>
  <member type="node" ref="6374755002" role="platform"/>
  <member type="node" ref="6909532293" role="stop"/>
  <member type="node" ref="6374755005" role="platform"/>
  <member type="node" ref="6909532296" role="stop"/>
  <member type="node" ref="6374755004" role="platform"/>
  <member type="node" ref="6909532297" role="stop"/>
  <member type="node" ref="6909532299" role="stop"/>
  <member type="node" ref="6374754952" role="platform"/>
  <member type="node" ref="6909532301" role="stop"/>
  <member type="node" ref="6374754954" role="platform"/>
  <member type="node" ref="6909532305" role="stop"/>
  <member type="node" ref="6374754956" role="platform"/>
  <member type="node" ref="6909532308" role="stop"/>
  <member type="node" ref="6374754958" role="platform"/>
  <member type="node" ref="6909532310" role="stop"/>
  <member type="node" ref="974267598" role="platform"/>
  <member type="node" ref="6907694688" role="stop"/>
  <member type="node" ref="6386853709" role="platform"/>
  <member type="node" ref="6907694690" role="stop"/>
  <member type="node" ref="6386853710" role="platform"/>
  <member type="node" ref="6907694702" role="stop"/>
  <member type="node" ref="677290617" role="platform"/>
  <member type="node" ref="6384556802" role="stop"/>
  <member type="node" ref="1167768050" role="platform"/>
  <member type="node" ref="6917153274" role="stop"/>
  <member type="node" ref="1167768175" role="platform"/>
  <member type="node" ref="6918895967" role="stop"/>
  <member type="node" ref="6389732293" role="platform"/>
  <member type="node" ref="6918895969" role="stop"/>
  <member type="node" ref="1167768185" role="platform"/>
  <member type="node" ref="6913099432" role="stop"/>
  <member type="way" ref="739601029" role="platform"/>
  <member type="node" ref="6910900093" role="stop"/>
  <member type="node" ref="393730005" role="platform"/>
  <member type="node" ref="6907054370" role="stop"/>
  <member type="node" ref="393727798" role="platform"/>
  <member type="node" ref="6910878499" role="stop"/>
  <member type="node" ref="429653556" role="platform"/>
  <member type="node" ref="6389731724" role="stop"/>
  <member type="node" ref="1155766285" role="platform"/>
  <member type="node" ref="6910853779" role="stop"/>
  <member type="node" ref="6368211008" role="platform"/>
  <member type="node" ref="6910853777" role="stop"/>
  <member type="node" ref="6368211006" role="platform"/>
  <member type="node" ref="6918895970" role="stop"/>
  <member type="node" ref="6389731726" role="platform"/>
  <member type="node" ref="6918895973" role="stop"/>
  <member type="node" ref="6389731729" role="platform"/>
  <member type="node" ref="65325890" role="stop"/>
  <member type="node" ref="7253688528" role="platform"/>
  <member type="node" ref="8452202164" role="stop"/>
  <member type="node" ref="6388174685" role="platform"/>
  <member type="node" ref="6918895977" role="stop"/>
  <member type="node" ref="630748499" role="platform"/>
  <member type="node" ref="6918895978" role="stop"/>
  <member type="node" ref="3722672101" role="platform"/>
  <member type="node" ref="6918895979" role="stop"/>
  <member type="node" ref="630761980" role="platform"/>
  <member type="node" ref="6918895981" role="stop"/>
  <member type="node" ref="6389731730" role="platform"/>
  <member type="node" ref="6903838271" role="stop"/>
  <member type="node" ref="992609602" role="platform"/>
  <member type="node" ref="11965722175" role="stop"/>
  <member type="node" ref="992609607" role="platform"/>
  <member type="node" ref="6886578056" role="stop"/>
  <member type="node" ref="992609546" role="platform"/>
  <member type="node" ref="6918895983" role="stop"/>
  <member type="node" ref="6389731731" role="platform"/>
  <member type="node" ref="6918895982" role="stop"/>
  <member type="node" ref="6389731732" role="platform"/>
  <member type="node" ref="4305779213" role="stop"/>
  <member type="node" ref="725283830" role="platform"/>
  <member type="way" ref="681758084" role=""/>
  <member type="way" ref="619568434" role=""/>
  <member type="way" ref="30758170" role=""/>
  <member type="way" ref="8920772" role=""/>
  <member type="way" ref="254984075" role=""/>
  <member type="way" ref="254984060" role=""/>
  <member type="way" ref="254984064" role=""/>
  <member type="way" ref="254984062" role=""/>
  <member type="way" ref="254984069" role=""/>
  <member type="way" ref="188964538" role=""/>
  <member type="way" ref="188964532" role=""/>
  <member type="way" ref="255178109" role=""/>
  <member type="way" ref="254984067" role=""/>
  <member type="way" ref="419643710" role=""/>
  <member type="way" ref="464926131" role=""/>
  <member type="way" ref="30758162" role=""/>
  <member type="way" ref="106963928" role=""/>
  <member type="way" ref="254968939" role=""/>
  <member type="way" ref="243834646" role=""/>
  <member type="way" ref="408610939" role=""/>
  <member type="way" ref="286436511" role=""/>
  <member type="way" ref="417389860" role=""/>
  <member type="way" ref="514550014" role=""/>
  <member type="way" ref="514550021" role=""/>
  <member type="way" ref="243834647" role=""/>
  <member type="way" ref="619568402" role=""/>
  <member type="way" ref="705655282" role=""/>
  <member type="way" ref="397138671" role=""/>
  <member type="way" ref="1059809667" role=""/>
  <member type="way" ref="30642925" role=""/>
  <member type="way" ref="159154464" role=""/>
  <member type="way" ref="264872662" role=""/>
  <member type="way" ref="1052930665" role=""/>
  <member type="way" ref="397138663" role=""/>
  <member type="way" ref="397138668" role=""/>
  <member type="way" ref="479587333" role=""/>
  <member type="way" ref="255178078" role=""/>
  <member type="way" ref="133748397" role=""/>
  <member type="way" ref="247329536" role=""/>
  <member type="way" ref="1041361117" role=""/>
  <member type="way" ref="240301451" role=""/>
  <member type="way" ref="755805061" role=""/>
  <member type="way" ref="1281319224" role=""/>
  <member type="way" ref="1281319221" role=""/>
  <member type="way" ref="1499741583" role=""/>
  <member type="way" ref="1281319223" role=""/>
  <member type="way" ref="1281319222" role=""/>
  <member type="way" ref="254299127" role=""/>
  <member type="way" ref="1505423247" role=""/>
  <member type="way" ref="437559082" role=""/>
  <member type="way" ref="514608333" role=""/>
  <member type="way" ref="505591745" role=""/>
  <member type="way" ref="159024965" role=""/>
  <member type="way" ref="1083461396" role=""/>
  <member type="way" ref="567614428" role=""/>
  <member type="way" ref="1078526527" role=""/>
  <member type="way" ref="247329526" role=""/>
  <member type="way" ref="247329522" role=""/>
  <member type="way" ref="1281319220" role=""/>
  <member type="way" ref="8921128" role=""/>
  <member type="way" ref="133743848" role=""/>
  <member type="way" ref="133743846" role=""/>
  <member type="way" ref="133743871" role=""/>
  <member type="way" ref="514606182" role=""/>
  <member type="way" ref="437558044" role=""/>
  <member type="way" ref="247329518" role=""/>
  <member type="way" ref="254984072" role=""/>
  <member type="way" ref="222818883" role=""/>
  <member type="way" ref="222818888" role=""/>
  <member type="way" ref="397128112" role=""/>
  <member type="way" ref="222818877" role=""/>
  <member type="way" ref="222818887" role=""/>
  <member type="way" ref="222832807" role=""/>
  <member type="way" ref="499772321" role=""/>
  <member type="way" ref="1346326566" role=""/>
  <member type="way" ref="247329529" role=""/>
  <member type="way" ref="397124980" role=""/>
  <member type="way" ref="247329528" role=""/>
  <member type="way" ref="738317886" role=""/>
  <member type="way" ref="397126882" role=""/>
  <member type="way" ref="136859849" role=""/>
  <member type="way" ref="468538791" role=""/>
  <member type="way" ref="419633770" role=""/>
  <member type="way" ref="136859851" role=""/>
  <member type="way" ref="397126878" role=""/>
  <member type="way" ref="286341727" role=""/>
  <member type="way" ref="133743907" role=""/>
  <member type="way" ref="542530407" role=""/>
  <member type="way" ref="247329524" role=""/>
  <member type="way" ref="503825192" role=""/>
  <member type="way" ref="28694998" role=""/>
  <member type="way" ref="136822045" role=""/>
  <member type="way" ref="397156902" role=""/>
  <member type="way" ref="247329532" role=""/>
  <member type="way" ref="286003022" role=""/>
  <member type="way" ref="934233582" role=""/>
  <member type="way" ref="468529560" role=""/>
  <member type="way" ref="133743861" role=""/>
  <member type="way" ref="468529566" role=""/>
  <member type="way" ref="949021579" role=""/>
  <member type="way" ref="417386857" role=""/>
  <member type="way" ref="515871771" role=""/>
  <member type="way" ref="676285189" role=""/>
  <member type="way" ref="254982293" role=""/>
  <member type="way" ref="136844195" role=""/>
  <member type="way" ref="254982315" role=""/>
  <member type="way" ref="254982294" role=""/>
  <member type="way" ref="255178097" role=""/>
  <member type="way" ref="619568412" role=""/>
  <member type="way" ref="148885252" role=""/>
  <member type="way" ref="27092551" role=""/>
  <member type="way" ref="417386467" role=""/>
  <member type="way" ref="255178093" role=""/>
  <member type="way" ref="417384964" role=""/>
  <member type="way" ref="417384957" role=""/>
  <member type="way" ref="32928980" role=""/>
  <member type="way" ref="469952152" role=""/>
  <member type="way" ref="469952153" role=""/>
  <member type="way" ref="930170937" role=""/>
  <member type="way" ref="417384996" role=""/>
  <member type="way" ref="513702147" role=""/>
  <member type="way" ref="513702148" role=""/>
  <member type="way" ref="417384984" role=""/>
  <member type="way" ref="32928954" role=""/>
  <member type="way" ref="417384976" role=""/>
  <member type="way" ref="417384991" role=""/>
  <member type="way" ref="254984071" role=""/>
  <member type="way" ref="255351714" role=""/>
  <member type="way" ref="8919656" role=""/>
  <member type="way" ref="566870809" role=""/>
  <member type="way" ref="120257662" role=""/>
  <member type="way" ref="417979722" role=""/>
  <member type="way" ref="44671094" role=""/>
  <member type="way" ref="417979723" role=""/>
  <member type="way" ref="994909756" role=""/>
  <member type="way" ref="27398133" role=""/>
  <member type="way" ref="133856261" role=""/>
  <member type="way" ref="87559150" role=""/>
  <member type="way" ref="738000224" role=""/>
  <member type="way" ref="1018460468" role=""/>
  <member type="way" ref="1120428725" role=""/>
  <member type="way" ref="738000223" role=""/>
  <member type="way" ref="1117317598" role=""/>
  <member type="way" ref="738000222" role=""/>
  <member type="way" ref="738000221" role=""/>
  <member type="way" ref="738000220" role=""/>
  <member type="way" ref="738000219" role=""/>
  <member type="way" ref="738000218" role=""/>
  <member type="way" ref="738000217" role=""/>
  <member type="way" ref="739601030" role=""/>
  <member type="way" ref="1121164081" role=""/>
  <member type="way" ref="8922962" role=""/>
  <member type="way" ref="1121164080" role=""/>
  <member type="way" ref="1117317597" role=""/>
  <member type="way" ref="396969675" role=""/>
  <member type="way" ref="133856233" role=""/>
  <member type="way" ref="396968575" role=""/>
  <member type="way" ref="30831502" role=""/>
  <member type="way" ref="396973463" role=""/>
  <member type="way" ref="133856274" role=""/>
  <member type="way" ref="286003784" role=""/>
  <member type="way" ref="224200970" role=""/>
  <member type="way" ref="539214096" role=""/>
  <member type="way" ref="254396717" role=""/>
  <member type="way" ref="254396718" role=""/>
  <member type="way" ref="417105387" role=""/>
  <member type="way" ref="417105397" role=""/>
  <member type="way" ref="1090200059" role=""/>
  <member type="way" ref="680243312" role=""/>
  <member type="way" ref="224200971" role=""/>
  <member type="way" ref="224316524" role=""/>
  <member type="way" ref="224316523" role=""/>
  <member type="way" ref="1017046698" role=""/>
  <member type="way" ref="1436653514" role=""/>
  <member type="way" ref="30831533" role=""/>
  <member type="way" ref="620169741" role=""/>
  <member type="way" ref="27041340" role=""/>
  <member type="way" ref="417104571" role=""/>
  <member type="way" ref="1441953039" role=""/>
  <member type="way" ref="8917062" role=""/>
  <member type="way" ref="1017046697" role=""/>
  <member type="way" ref="910361863" role=""/>
  <member type="way" ref="396980345" role=""/>
  <member type="way" ref="396980345" role=""/>
  <member type="way" ref="910361863" role=""/>
  <member type="way" ref="1017046697" role=""/>
  <member type="way" ref="8917062" role=""/>
  <member type="way" ref="1441953039" role=""/>
  <member type="way" ref="8920946" role=""/>
  <member type="way" ref="399883466" role=""/>
  <member type="way" ref="399883474" role=""/>
  <member type="way" ref="27041291" role=""/>
  <member type="way" ref="31780013" role=""/>
  <member type="way" ref="31780017" role=""/>
  <member type="way" ref="8922429" role=""/>
  <member type="way" ref="85562522" role=""/>
  <member type="way" ref="1121693209" role=""/>
  <member type="way" ref="85562572" role=""/>
  <member type="way" ref="85562507" role=""/>
  <member type="way" ref="514527342" role=""/>
  <member type="way" ref="85562596" role=""/>
  <member type="way" ref="85562583" role=""/>
  <member type="way" ref="91190524" role=""/>
  <member type="way" ref="396980340" role=""/>
  <member type="way" ref="396980342" role=""/>
  <member type="way" ref="396980342" role=""/>
  <member type="way" ref="396980340" role=""/>
  <member type="way" ref="91190524" role=""/>
  <member type="way" ref="910361858" role=""/>
  <member type="way" ref="396980344" role=""/>
  <member type="way" ref="396980341" role=""/>
  <member type="way" ref="396980341" role=""/>
  <member type="way" ref="396980344" role=""/>
  <member type="way" ref="910361859" role=""/>
  <member type="way" ref="133856257" role=""/>
  <member type="way" ref="133856257" role=""/>
  <member type="way" ref="777349729" role=""/>
  <member type="way" ref="777349727" role=""/>
  <member type="way" ref="338332682" role=""/>
  <member type="way" ref="777349725" role=""/>
  <member type="way" ref="777349724" role=""/>
  <member type="way" ref="777349732" role=""/>
  <member type="way" ref="777349728" role=""/>
  <member type="way" ref="777349729" role=""/>
  <member type="way" ref="85562503" role=""/>
  <member type="way" ref="85562585" role=""/>
  <member type="way" ref="85562604" role=""/>
  <member type="way" ref="85562568" role=""/>
  <member type="way" ref="85562494" role=""/>
  <member type="way" ref="27041172" role=""/>
  <member type="way" ref="26938702" role=""/>
  <member type="way" ref="417103296" role=""/>
  <member type="way" ref="398129725" role=""/>
  <member type="way" ref="552616118" role=""/>
  <member type="way" ref="417103323" role=""/>
  <member type="way" ref="431375109" role=""/>
  <member type="way" ref="910361861" role=""/>
  <member type="way" ref="910361857" role=""/>
  <tag k="fee" v="yes"/>
  <tag k="from" v="Munich Street &amp; Geneva Avenue"/>
  <tag k="name" v="Muni 43 inbound: The Excelsior =&gt; The Marina"/>
  <tag k="network" v="Muni"/>
  <tag k="network:wikidata" v="Q1140138"/>
  <tag k="nextbus:agency" v="sf-muni"/>
  <tag k="nextbus:route" v="43"/>
  <tag k="operator" v="San Francisco Municipal Transportation Agency"/>
  <tag k="operator:short" v="SFMTA"/>
  <tag k="operator:wikidata" v="Q7414072"/>
  <tag k="payment:cash" v="yes"/>
  <tag k="payment:clipper" v="yes"/>
  <tag k="payment:prepaid_ticket" v="yes"/>
  <tag k="public_transport:version" v="2"/>
  <tag k="ref" v="43"/>
  <tag k="route" v="bus"/>
  <tag k="to" v="Marina Boulevard &amp; Laguna Street"/>
  <tag k="type" v="route"/>
 </relation>
 <relation id="3414951" visible="true" version="134" changeset="187417252" timestamp="2026-08-14T00:43:16Z" user="KindredCoda" uid="14293">
  <member type="node" ref="4305779213" role="stop"/>
  <member type="node" ref="725283830" role="platform"/>
  <member type="node" ref="6918895984" role="stop"/>
  <member type="node" ref="1221046412" role="platform"/>
  <member type="node" ref="6886578057" role="stop"/>
  <member type="node" ref="992609595" role="platform"/>
  <member type="node" ref="11965722174" role="stop"/>
  <member type="node" ref="992609570" role="platform"/>
  <member type="node" ref="6903838272" role="stop"/>
  <member type="node" ref="992609591" role="platform"/>
  <member type="node" ref="6918895980" role="stop"/>
  <member type="node" ref="669137756" role="platform"/>
  <member type="node" ref="6918895977" role="stop"/>
  <member type="node" ref="6388174687" role="platform"/>
  <member type="node" ref="65325890" role="stop"/>
  <member type="node" ref="7253688528" role="platform"/>
  <member type="node" ref="8452202164" role="stop"/>
  <member type="node" ref="6388174685" role="platform"/>
  <member type="node" ref="6918895972" role="stop"/>
  <member type="node" ref="2525056955" role="platform"/>
  <member type="node" ref="6918895971" role="stop"/>
  <member type="node" ref="6389731727" role="platform"/>
  <member type="node" ref="6910853776" role="stop"/>
  <member type="node" ref="6389731725" role="platform"/>
  <member type="node" ref="6910853778" role="stop"/>
  <member type="node" ref="6368211007" role="platform"/>
  <member type="node" ref="6369291412" role="stop"/>
  <member type="node" ref="1155766286" role="platform"/>
  <member type="node" ref="6910878500" role="stop"/>
  <member type="node" ref="429653392" role="platform"/>
  <member type="node" ref="6907054369" role="stop"/>
  <member type="node" ref="393728329" role="platform"/>
  <member type="node" ref="6910900092" role="stop"/>
  <member type="way" ref="739601019" role="platform"/>
  <member type="node" ref="6913099431" role="stop"/>
  <member type="node" ref="1167768258" role="platform"/>
  <member type="node" ref="6918895968" role="stop"/>
  <member type="way" ref="739601037" role="platform"/>
  <member type="node" ref="6918895966" role="stop"/>
  <member type="node" ref="1167768078" role="platform"/>
  <member type="node" ref="6917153273" role="stop"/>
  <member type="node" ref="1167768159" role="platform"/>
  <member type="node" ref="6389731723" role="stop"/>
  <member type="node" ref="6389731722" role="platform"/>
  <member type="node" ref="6907694703" role="stop"/>
  <member type="node" ref="677290614" role="platform"/>
  <member type="node" ref="6907694689" role="stop"/>
  <member type="node" ref="6386853711" role="platform"/>
  <member type="node" ref="6907694687" role="stop"/>
  <member type="node" ref="6386853708" role="platform"/>
  <member type="node" ref="6909532309" role="stop"/>
  <member type="node" ref="6386853707" role="platform"/>
  <member type="node" ref="6909532307" role="stop"/>
  <member type="node" ref="6374754959" role="platform"/>
  <member type="node" ref="6909532306" role="stop"/>
  <member type="node" ref="6374754957" role="platform"/>
  <member type="node" ref="6909532300" role="stop"/>
  <member type="node" ref="6374754955" role="platform"/>
  <member type="node" ref="6909532298" role="stop"/>
  <member type="node" ref="6374754953" role="platform"/>
  <member type="node" ref="6909532297" role="stop"/>
  <member type="node" ref="6374755007" role="platform"/>
  <member type="node" ref="6909532295" role="stop"/>
  <member type="node" ref="6374755003" role="platform"/>
  <member type="node" ref="6909532294" role="stop"/>
  <member type="node" ref="6374755006" role="platform"/>
  <member type="node" ref="6909532291" role="stop"/>
  <member type="node" ref="6374755001" role="platform"/>
  <member type="node" ref="6909532289" role="stop"/>
  <member type="node" ref="6374755000" role="platform"/>
  <member type="node" ref="6384556382" role="stop"/>
  <member type="node" ref="6374754997" role="platform"/>
  <member type="node" ref="6909532286" role="stop"/>
  <member type="node" ref="6374754996" role="platform"/>
  <member type="node" ref="6909532285" role="stop"/>
  <member type="node" ref="2563650396" role="platform"/>
  <member type="node" ref="6913489058" role="stop"/>
  <member type="node" ref="1684410062" role="platform"/>
  <member type="node" ref="6913489061" role="stop"/>
  <member type="node" ref="6389552853" role="platform"/>
  <member type="node" ref="6913489062" role="stop"/>
  <member type="node" ref="6389552851" role="platform"/>
  <member type="node" ref="6913489063" role="stop"/>
  <member type="node" ref="6389552850" role="platform"/>
  <member type="node" ref="315433565" role="stop"/>
  <member type="node" ref="2542333091" role="platform"/>
  <member type="node" ref="6913489037" role="stop"/>
  <member type="node" ref="6389732292" role="platform"/>
  <member type="node" ref="6913489036" role="stop"/>
  <member type="node" ref="6389732290" role="platform"/>
  <member type="node" ref="6913489035" role="stop"/>
  <member type="node" ref="6389732288" role="platform"/>
  <member type="node" ref="6913489034" role="stop"/>
  <member type="node" ref="6389732286" role="platform"/>
  <member type="node" ref="6913489051" role="stop"/>
  <member type="node" ref="6389294181" role="platform"/>
  <member type="node" ref="6921482283" role="stop"/>
  <member type="node" ref="6389732285" role="platform"/>
  <member type="node" ref="2317760367" role="stop"/>
  <member type="node" ref="6389731483" role="platform"/>
  <member type="node" ref="6921488385" role="stop"/>
  <member type="node" ref="6389731480" role="platform"/>
  <member type="node" ref="6921488386" role="stop"/>
  <member type="node" ref="6389731479" role="platform"/>
  <member type="node" ref="6921488388" role="stop"/>
  <member type="node" ref="6389731477" role="platform"/>
  <member type="node" ref="6921488393" role="stop"/>
  <member type="node" ref="6389731475" role="platform"/>
  <member type="node" ref="6921488395" role="stop"/>
  <member type="node" ref="6389731473" role="platform"/>
  <member type="node" ref="6921488397" role="stop"/>
  <member type="node" ref="6389731470" role="platform"/>
  <member type="node" ref="6913979362" role="stop"/>
  <member type="node" ref="6389731469" role="platform"/>
  <member type="node" ref="6913979360" role="stop"/>
  <member type="node" ref="6389731466" role="platform"/>
  <member type="node" ref="6913979359" role="stop"/>
  <member type="node" ref="2868868967" role="platform"/>
  <member type="node" ref="6913979358" role="stop"/>
  <member type="node" ref="6389731465" role="platform"/>
  <member type="node" ref="6921488408" role="stop"/>
  <member type="node" ref="2868868966" role="platform"/>
  <member type="node" ref="6921488404" role="stop"/>
  <member type="node" ref="6389731719" role="platform"/>
  <member type="node" ref="6921488401" role="stop"/>
  <member type="node" ref="6389731717" role="platform"/>
  <member type="node" ref="6921488399" role="stop"/>
  <member type="node" ref="1712536516" role="platform"/>
  <member type="node" ref="6909809603" role="stop"/>
  <member type="node" ref="6382255522" role="platform"/>
  <member type="node" ref="1718784222" role="stop"/>
  <member type="node" ref="1712553664" role="platform"/>
  <member type="node" ref="6906452402" role="stop"/>
  <member type="node" ref="6382255520" role="platform"/>
  <member type="node" ref="6906452401" role="stop"/>
  <member type="node" ref="1229920615" role="platform"/>
  <member type="node" ref="6630501097" role="stop"/>
  <member type="node" ref="6382255524" role="platform"/>
  <member type="node" ref="6909809601" role="stop"/>
  <member type="node" ref="6382255527" role="platform"/>
  <member type="node" ref="6922057285" role="stop"/>
  <member type="node" ref="6389731715" role="platform"/>
  <member type="node" ref="6922018783" role="stop"/>
  <member type="node" ref="6389731714" role="platform"/>
  <member type="node" ref="6922018781" role="stop"/>
  <member type="node" ref="6389731710" role="platform"/>
  <member type="node" ref="6922018774" role="stop"/>
  <member type="node" ref="6389731709" role="platform"/>
  <member type="node" ref="6922018763" role="stop"/>
  <member type="node" ref="6389731707" role="platform"/>
  <member type="node" ref="6922018760" role="stop"/>
  <member type="node" ref="6389731706" role="platform"/>
  <member type="node" ref="6922018758" role="stop"/>
  <member type="node" ref="6389731704" role="platform"/>
  <member type="node" ref="6922018756" role="stop"/>
  <member type="node" ref="6389731702" role="platform"/>
  <member type="node" ref="2450003333" role="stop"/>
  <member type="node" ref="6389731699" role="platform"/>
  <member type="node" ref="6922018753" role="stop"/>
  <member type="node" ref="6389731698" role="platform"/>
  <member type="node" ref="6922018751" role="stop"/>
  <member type="node" ref="6389731696" role="platform"/>
  <member type="node" ref="6922018747" role="stop"/>
  <member type="node" ref="6389731694" role="platform"/>
  <member type="node" ref="6922018745" role="stop"/>
  <member type="node" ref="6389731692" role="platform"/>
  <member type="node" ref="5854734902" role="stop"/>
  <member type="node" ref="6382255531" role="platform"/>
  <member type="way" ref="8916287" role=""/>
  <member type="way" ref="27040657" role=""/>
  <member type="way" ref="254968956" role=""/>
  <member type="way" ref="417103319" role=""/>
  <member type="way" ref="43250797" role=""/>
  <member type="way" ref="26938706" role=""/>
  <member type="way" ref="27041172" role=""/>
  <member type="way" ref="85562494" role=""/>
  <member type="way" ref="85562528" role=""/>
  <member type="way" ref="85562580" role=""/>
  <member type="way" ref="1120580318" role=""/>
  <member type="way" ref="85562588" role=""/>
  <member type="way" ref="85562608" role=""/>
  <member type="way" ref="85562498" role=""/>
  <member type="way" ref="514527343" role=""/>
  <member type="way" ref="85562505" role=""/>
  <member type="way" ref="85562564" role=""/>
  <member type="way" ref="1121690295" role=""/>
  <member type="way" ref="398467248" role=""/>
  <member type="way" ref="85562562" role=""/>
  <member type="way" ref="24007958" role=""/>
  <member type="way" ref="85562552" role=""/>
  <member type="way" ref="31780013" role=""/>
  <member type="way" ref="27041291" role=""/>
  <member type="way" ref="399883474" role=""/>
  <member type="way" ref="399883466" role=""/>
  <member type="way" ref="8920946" role=""/>
  <member type="way" ref="1441953039" role=""/>
  <member type="way" ref="8917062" role=""/>
  <member type="way" ref="1017046697" role=""/>
  <member type="way" ref="910361863" role=""/>
  <member type="way" ref="396980345" role=""/>
  <member type="way" ref="396980345" role=""/>
  <member type="way" ref="910361863" role=""/>
  <member type="way" ref="1017046697" role=""/>
  <member type="way" ref="8917062" role=""/>
  <member type="way" ref="1441953039" role=""/>
  <member type="way" ref="417104571" role=""/>
  <member type="way" ref="27041340" role=""/>
  <member type="way" ref="620169741" role=""/>
  <member type="way" ref="30831533" role=""/>
  <member type="way" ref="1436653514" role=""/>
  <member type="way" ref="1017046698" role=""/>
  <member type="way" ref="224316523" role=""/>
  <member type="way" ref="224316524" role=""/>
  <member type="way" ref="224200971" role=""/>
  <member type="way" ref="680243312" role=""/>
  <member type="way" ref="1090200059" role=""/>
  <member type="way" ref="417105397" role=""/>
  <member type="way" ref="417105387" role=""/>
  <member type="way" ref="254396718" role=""/>
  <member type="way" ref="254396717" role=""/>
  <member type="way" ref="539214096" role=""/>
  <member type="way" ref="224200970" role=""/>
  <member type="way" ref="286003784" role=""/>
  <member type="way" ref="396980341" role=""/>
  <member type="way" ref="396980341" role=""/>
  <member type="way" ref="396980344" role=""/>
  <member type="way" ref="396980344" role=""/>
  <member type="way" ref="133856257" role=""/>
  <member type="way" ref="777349729" role=""/>
  <member type="way" ref="777349727" role=""/>
  <member type="way" ref="338332682" role=""/>
  <member type="way" ref="777349725" role=""/>
  <member type="way" ref="777349724" role=""/>
  <member type="way" ref="777349732" role=""/>
  <member type="way" ref="777349728" role=""/>
  <member type="way" ref="777349729" role=""/>
  <member type="way" ref="133856257" role=""/>
  <member type="way" ref="396980342" role=""/>
  <member type="way" ref="396980340" role=""/>
  <member type="way" ref="91190524" role=""/>
  <member type="way" ref="91190524" role=""/>
  <member type="way" ref="396980340" role=""/>
  <member type="way" ref="396980342" role=""/>
  <member type="way" ref="133856274" role=""/>
  <member type="way" ref="396973463" role=""/>
  <member type="way" ref="133856232" role=""/>
  <member type="way" ref="396968570" role=""/>
  <member type="way" ref="23848314" role=""/>
  <member type="way" ref="214037668" role=""/>
  <member type="way" ref="739601026" role=""/>
  <member type="way" ref="27167652" role=""/>
  <member type="way" ref="1062057312" role=""/>
  <member type="way" ref="396969676" role=""/>
  <member type="way" ref="396969674" role=""/>
  <member type="way" ref="24335286" role=""/>
  <member type="way" ref="396973462" role=""/>
  <member type="way" ref="101153936" role=""/>
  <member type="way" ref="101153941" role=""/>
  <member type="way" ref="514729106" role=""/>
  <member type="way" ref="514412270" role=""/>
  <member type="way" ref="739601038" role=""/>
  <member type="way" ref="101153943" role=""/>
  <member type="way" ref="932297475" role=""/>
  <member type="way" ref="762202749" role=""/>
  <member type="way" ref="101153937" role=""/>
  <member type="way" ref="976290002" role=""/>
  <member type="way" ref="396986934" role=""/>
  <member type="way" ref="87559150" role=""/>
  <member type="way" ref="133856261" role=""/>
  <member type="way" ref="27398133" role=""/>
  <member type="way" ref="994909756" role=""/>
  <member type="way" ref="417979723" role=""/>
  <member type="way" ref="44671094" role=""/>
  <member type="way" ref="417979722" role=""/>
  <member type="way" ref="120257662" role=""/>
  <member type="way" ref="566870809" role=""/>
  <member type="way" ref="8919656" role=""/>
  <member type="way" ref="255351714" role=""/>
  <member type="way" ref="254984071" role=""/>
  <member type="way" ref="417384991" role=""/>
  <member type="way" ref="417384976" role=""/>
  <member type="way" ref="32928954" role=""/>
  <member type="way" ref="417384984" role=""/>
  <member type="way" ref="513702148" role=""/>
  <member type="way" ref="513702147" role=""/>
  <member type="way" ref="417384996" role=""/>
  <member type="way" ref="930170937" role=""/>
  <member type="way" ref="469952153" role=""/>
  <member type="way" ref="469952152" role=""/>
  <member type="way" ref="32928980" role=""/>
  <member type="way" ref="417384957" role=""/>
  <member type="way" ref="417384964" role=""/>
  <member type="way" ref="255178093" role=""/>
  <member type="way" ref="417386467" role=""/>
  <member type="way" ref="27092551" role=""/>
  <member type="way" ref="148885252" role=""/>
  <member type="way" ref="619568412" role=""/>
  <member type="way" ref="255178097" role=""/>
  <member type="way" ref="254982294" role=""/>
  <member type="way" ref="254982315" role=""/>
  <member type="way" ref="136844195" role=""/>
  <member type="way" ref="1163867100" role=""/>
  <member type="way" ref="49847744" role=""/>
  <member type="way" ref="515871770" role=""/>
  <member type="way" ref="676285191" role=""/>
  <member type="way" ref="262935937" role=""/>
  <member type="way" ref="286003025" role=""/>
  <member type="way" ref="247329515" role=""/>
  <member type="way" ref="681758082" role=""/>
  <member type="way" ref="417388061" role=""/>
  <member type="way" ref="247329527" role=""/>
  <member type="way" ref="133743863" role=""/>
  <member type="way" ref="503825191" role=""/>
  <member type="way" ref="8917211" role=""/>
  <member type="way" ref="969696050" role=""/>
  <member type="way" ref="1159782443" role=""/>
  <member type="way" ref="397126878" role=""/>
  <member type="way" ref="136859851" role=""/>
  <member type="way" ref="419633770" role=""/>
  <member type="way" ref="468538791" role=""/>
  <member type="way" ref="136859849" role=""/>
  <member type="way" ref="397126882" role=""/>
  <member type="way" ref="738317886" role=""/>
  <member type="way" ref="247329519" role=""/>
  <member type="way" ref="715454444" role=""/>
  <member type="way" ref="310458111" role=""/>
  <member type="way" ref="397124979" role=""/>
  <member type="way" ref="222832809" role=""/>
  <member type="way" ref="222818887" role=""/>
  <member type="way" ref="222818881" role=""/>
  <member type="way" ref="247329534" role=""/>
  <member type="way" ref="222818883" role=""/>
  <member type="way" ref="254984072" role=""/>
  <member type="way" ref="8917679" role=""/>
  <member type="way" ref="161625023" role=""/>
  <member type="way" ref="247329513" role=""/>
  <member type="way" ref="514606179" role=""/>
  <member type="way" ref="8916239" role=""/>
  <member type="way" ref="247329526" role=""/>
  <member type="way" ref="159024976" role=""/>
  <member type="way" ref="660001491" role=""/>
  <member type="way" ref="159024972" role=""/>
  <member type="way" ref="505591745" role=""/>
  <member type="way" ref="514608333" role=""/>
  <member type="way" ref="437559082" role=""/>
  <member type="way" ref="1505423247" role=""/>
  <member type="way" ref="254299127" role=""/>
  <member type="way" ref="1281319222" role=""/>
  <member type="way" ref="1281319223" role=""/>
  <member type="way" ref="1499741583" role=""/>
  <member type="way" ref="1281319221" role=""/>
  <member type="way" ref="1281319224" role=""/>
  <member type="way" ref="755805061" role=""/>
  <member type="way" ref="240301451" role=""/>
  <member type="way" ref="240301452" role=""/>
  <member type="way" ref="1518519211" role=""/>
  <member type="way" ref="159154465" role=""/>
  <member type="way" ref="247329525" role=""/>
  <member type="way" ref="660088934" role=""/>
  <member type="way" ref="442153004" role=""/>
  <member type="way" ref="255178079" role=""/>
  <member type="way" ref="264872663" role=""/>
  <member type="way" ref="30642929" role=""/>
  <member type="way" ref="619535699" role=""/>
  <member type="way" ref="159766611" role=""/>
  <member type="way" ref="619568401" role=""/>
  <member type="way" ref="681660472" role=""/>
  <member type="way" ref="417390893" role=""/>
  <member type="way" ref="243834647" role=""/>
  <member type="way" ref="514550021" role=""/>
  <member type="way" ref="514550014" role=""/>
  <member type="way" ref="417389860" role=""/>
  <member type="way" ref="286436511" role=""/>
  <member type="way" ref="408610939" role=""/>
  <member type="way" ref="243834646" role=""/>
  <member type="way" ref="30757789" role=""/>
  <member type="way" ref="397105106" role=""/>
  <member type="way" ref="106963935" role=""/>
  <member type="way" ref="464926130" role=""/>
  <member type="way" ref="283537864" role=""/>
  <member type="way" ref="419643712" role=""/>
  <member type="way" ref="419643711" role=""/>
  <member type="way" ref="397105266" role=""/>
  <member type="way" ref="254984070" role=""/>
  <member type="way" ref="188964538" role=""/>
  <member type="way" ref="8920854" role=""/>
  <member type="way" ref="47183773" role=""/>
  <member type="way" ref="254984073" role=""/>
  <member type="way" ref="254984064" role=""/>
  <member type="way" ref="254984060" role=""/>
  <member type="way" ref="254984075" role=""/>
  <member type="way" ref="758042481" role=""/>
  <member type="way" ref="8920797" role=""/>
  <member type="way" ref="619568435" role=""/>
  <member type="way" ref="910361861" role=""/>
  <member type="way" ref="910361857" role=""/>
  <member type="way" ref="910361859" role=""/>
  <member type="way" ref="910361858" role=""/>
  <tag k="fee" v="yes"/>
  <tag k="from" v="Marina Boulevard &amp; Laguna Street"/>
  <tag k="name" v="Muni 43 outbound: The Marina =&gt; The Excelsior"/>
  <tag k="network" v="Muni"/>
  <tag k="network:wikidata" v="Q1140138"/>
  <tag k="nextbus:agency" v="sf-muni"/>
  <tag k="nextbus:route" v="43"/>
  <tag k="operator" v="San Francisco Municipal Transportation Agency"/>
  <tag k="operator:short" v="SFMTA"/>
  <tag k="operator:wikidata" v="Q7414072"/>
  <tag k="payment:cash" v="yes"/>
  <tag k="payment:clipper" v="yes"/>
  <tag k="payment:prepaid_ticket" v="yes"/>
  <tag k="public_transport:version" v="2"/>
  <tag k="ref" v="43"/>
  <tag k="route" v="bus"/>
  <tag k="to" v="Munich Street &amp; Geneva Avenue"/>
  <tag k="type" v="route"/>
 </relation>
 <relation id="3414952" visible="true" version="5" changeset="116888226" timestamp="2022-02-01T22:34:46Z" user="Note Control" uid="10953870">
  <member type="relation" ref="3335696" role=""/>
  <member type="relation" ref="3414951" role=""/>
  <member type="relation" ref="12737995" role=""/>
  <member type="relation" ref="12737994" role=""/>
  <tag k="name" v="Muni 43-Masonic"/>
  <tag k="network" v="Muni"/>
  <tag k="network:wikidata" v="Q1140138"/>
  <tag k="network:wikipedia" v="en:San Francisco Municipal Railway"/>
  <tag k="nextbus:agency" v="sf-muni"/>
  <tag k="nextbus:route" v="43"/>
  <tag k="operator" v="San Francisco Municipal Transportation Agency"/>
  <tag k="operator:short" v="SFMTA"/>
  <tag k="operator:wikidata" v="Q7414072"/>
  <tag k="operator:wikipedia" v="en:San Francisco Municipal Transportation Agency"/>
  <tag k="ref" v="43"/>
  <tag k="route_master" v="bus"/>
  <tag k="type" v="route_master"/>
 </relation>
 <relation id="8610469" visible="true" version="52" changeset="188124012" timestamp="2026-08-28T01:00:10Z" user="carlosguerrero_lyft" uid="22944683">
  <member type="node" ref="6387019321" role="stop"/>
  <member type="node" ref="6387019322" role="platform"/>
  <member type="node" ref="8452202164" role="stop"/>
  <member type="node" ref="6388174685" role="platform"/>
  <member type="node" ref="6918895977" role="stop"/>
  <member type="node" ref="630748499" role="platform"/>
  <member type="node" ref="6918895978" role="stop"/>
  <member type="node" ref="3722672101" role="platform"/>
  <member type="node" ref="6925718384" role="stop"/>
  <member type="node" ref="6388174686" role="platform"/>
  <member type="node" ref="6886578055" role="stop_exit_only"/>
  <member type="node" ref="381909960" role="platform_exit_only"/>
  <member type="node" ref="6886578058" role="stop_exit_only"/>
  <member type="node" ref="6378899548" role="platform_exit_only"/>
  <member type="node" ref="3999700911" role="stop_exit_only"/>
  <member type="node" ref="7253688536" role="platform_exit_only"/>
  <member type="way" ref="777349724" role=""/>
  <member type="way" ref="777349732" role=""/>
  <member type="way" ref="777349728" role=""/>
  <member type="way" ref="777349729" role=""/>
  <member type="way" ref="133856257" role=""/>
  <member type="way" ref="396980342" role=""/>
  <member type="way" ref="396980340" role=""/>
  <member type="way" ref="91190524" role=""/>
  <member type="way" ref="910361858" role=""/>
  <member type="way" ref="910361859" role=""/>
  <member type="way" ref="399883466" role=""/>
  <member type="way" ref="8920946" role=""/>
  <member type="way" ref="1441953039" role=""/>
  <member type="way" ref="8917062" role=""/>
  <member type="way" ref="1017046697" role=""/>
  <member type="way" ref="910361863" role=""/>
  <member type="way" ref="396980345" role=""/>
  <member type="way" ref="27041291" role=""/>
  <member type="way" ref="31780013" role=""/>
  <member type="way" ref="31780017" role=""/>
  <member type="way" ref="8922429" role=""/>
  <member type="way" ref="85562522" role=""/>
  <member type="way" ref="1121693209" role=""/>
  <member type="way" ref="85562572" role=""/>
  <member type="way" ref="85562507" role=""/>
  <member type="way" ref="514527342" role=""/>
  <member type="way" ref="85562596" role=""/>
  <member type="way" ref="85562583" role=""/>
  <member type="way" ref="399883474" role=""/>
  <member type="way" ref="85562503" role=""/>
  <member type="way" ref="85562585" role=""/>
  <member type="way" ref="85562604" role=""/>
  <member type="way" ref="85562541" role=""/>
  <member type="way" ref="85562490" role=""/>
  <member type="way" ref="1120570314" role=""/>
  <member type="way" ref="85562554" role=""/>
  <member type="way" ref="85562500" role=""/>
  <member type="way" ref="417091875" role=""/>
  <member type="way" ref="527829990" role=""/>
  <member type="way" ref="527829989" role=""/>
  <member type="way" ref="527829987" role=""/>
  <member type="way" ref="527829985" role=""/>
  <member type="way" ref="527829981" role=""/>
  <member type="way" ref="85644911" role=""/>
  <member type="way" ref="1071595560" role=""/>
  <member type="way" ref="85644923" role=""/>
  <member type="way" ref="1054649984" role=""/>
  <member type="way" ref="27050852" role=""/>
  <member type="way" ref="514667745" role=""/>
  <member type="way" ref="26938354" role=""/>
  <member type="way" ref="514669003" role=""/>
  <member type="way" ref="85644944" role=""/>
  <member type="way" ref="87297166" role=""/>
  <member type="way" ref="26938250" role=""/>
  <member type="way" ref="8921173" role=""/>
  <member type="way" ref="417092428" role=""/>
  <member type="way" ref="1553078910" role=""/>
  <member type="way" ref="514671065" role=""/>
  <member type="way" ref="514671063" role=""/>
  <member type="way" ref="87376660" role=""/>
  <member type="way" ref="588724745" role=""/>
  <member type="way" ref="87376695" role=""/>
  <member type="way" ref="87376682" role=""/>
  <member type="way" ref="87376679" role=""/>
  <member type="way" ref="406580281" role=""/>
  <member type="way" ref="514675663" role=""/>
  <member type="way" ref="87376703" role=""/>
  <member type="way" ref="598020853" role=""/>
  <member type="way" ref="263819574" role=""/>
  <member type="way" ref="598020854" role=""/>
  <member type="way" ref="598020855" role=""/>
  <member type="way" ref="598020852" role=""/>
  <member type="way" ref="87376675" role=""/>
  <member type="way" ref="224384010" role=""/>
  <member type="way" ref="793161110" role=""/>
  <member type="way" ref="850156333" role=""/>
  <member type="way" ref="797750843" role=""/>
  <member type="way" ref="850156334" role=""/>
  <member type="way" ref="48211230" role=""/>
  <member type="way" ref="850158700" role=""/>
  <member type="way" ref="91181775" role=""/>
  <member type="way" ref="1377413505" role=""/>
  <member type="way" ref="775393065" role=""/>
  <member type="way" ref="775393066" role=""/>
  <member type="way" ref="27398048" role=""/>
  <member type="way" ref="513729745" role=""/>
  <member type="way" ref="254756520" role=""/>
  <member type="way" ref="619378866" role=""/>
  <member type="way" ref="737711010" role=""/>
  <member type="way" ref="737711011" role=""/>
  <member type="way" ref="254396710" role=""/>
  <member type="way" ref="619593086" role=""/>
  <member type="way" ref="88597563" role=""/>
  <member type="way" ref="417099304" role=""/>
  <member type="way" ref="397150140" role=""/>
  <member type="way" ref="417099307" role=""/>
  <member type="way" ref="1052690680" role=""/>
  <member type="way" ref="256400244" role=""/>
  <member type="way" ref="780981030" role=""/>
  <member type="way" ref="619378853" role=""/>
  <member type="way" ref="619378852" role=""/>
  <member type="way" ref="242940298" role=""/>
  <member type="way" ref="417099315" role=""/>
  <member type="way" ref="397148934" role=""/>
  <member type="way" ref="910361857" role=""/>
  <member type="way" ref="910361861" role=""/>
  <member type="way" ref="396980344" role=""/>
  <member type="way" ref="396980341" role=""/>
  <tag k="fee" v="no"/>
  <tag k="from" v="Presidio Transit Center"/>
  <tag k="name" v="PresidiGo Downtown Shuttle: Presidio Transit Center =&gt; Main &amp; Howard"/>
  <tag k="network" v="PresidiGo"/>
  <tag k="operator" v="Presidio Trust"/>
  <tag k="public_transport:version" v="2"/>
  <tag k="ref" v="DT"/>
  <tag k="route" v="bus"/>
  <tag k="to" v="Howard Street &amp; Beale Street"/>
  <tag k="type" v="route"/>
 </relation>
 <relation id="9463377" visible="true" version="25" changeset="188124012" timestamp="2026-08-28T01:00:10Z" user="carlosguerrero_lyft" uid="22944683">
  <member type="node" ref="3999700911" role="stop_entry_only"/>
  <member type="node" ref="7253688536" role="platform_entry_only"/>
  <member type="node" ref="6397160803" role="stop_entry_only"/>
  <member type="node" ref="6378899547" role="platform_entry_only"/>
  <member type="node" ref="6886578054" role="stop_entry_only"/>
  <member type="node" ref="387239538" role="platform_entry_only"/>
  <member type="node" ref="6925736085" role="stop"/>
  <member type="node" ref="6388174688" role="platform"/>
  <member type="node" ref="6918895977" role="stop"/>
  <member type="node" ref="6388174687" role="platform"/>
  <member type="node" ref="6388101146" role="platform"/>
  <member type="node" ref="6387019321" role="stop"/>
  <member type="node" ref="6387019322" role="platform"/>
  <member type="way" ref="397148933" role=""/>
  <member type="way" ref="1349027885" role=""/>
  <member type="way" ref="684030185" role=""/>
  <member type="way" ref="99231475" role=""/>
  <member type="way" ref="99231463" role=""/>
  <member type="way" ref="1349027886" role=""/>
  <member type="way" ref="680402688" role=""/>
  <member type="way" ref="397152177" role=""/>
  <member type="way" ref="408586838" role=""/>
  <member type="way" ref="680402687" role=""/>
  <member type="way" ref="224373751" role=""/>
  <member type="way" ref="512984875" role=""/>
  <member type="way" ref="28319343" role=""/>
  <member type="way" ref="254756521" role=""/>
  <member type="way" ref="1168164483" role=""/>
  <member type="way" ref="417101703" role=""/>
  <member type="way" ref="262943779" role=""/>
  <member type="way" ref="28843496" role=""/>
  <member type="way" ref="682030990" role=""/>
  <member type="way" ref="8922024" role=""/>
  <member type="way" ref="399156530" role=""/>
  <member type="way" ref="777349734" role=""/>
  <member type="way" ref="224384010" role=""/>
  <member type="way" ref="87376675" role=""/>
  <member type="way" ref="598020852" role=""/>
  <member type="way" ref="598020855" role=""/>
  <member type="way" ref="598020854" role=""/>
  <member type="way" ref="263819574" role=""/>
  <member type="way" ref="598020853" role=""/>
  <member type="way" ref="87376703" role=""/>
  <member type="way" ref="514675663" role=""/>
  <member type="way" ref="406580281" role=""/>
  <member type="way" ref="87376679" role=""/>
  <member type="way" ref="87376682" role=""/>
  <member type="way" ref="87376695" role=""/>
  <member type="way" ref="588724745" role=""/>
  <member type="way" ref="87376660" role=""/>
  <member type="way" ref="514671063" role=""/>
  <member type="way" ref="514671065" role=""/>
  <member type="way" ref="26938247" role=""/>
  <member type="way" ref="133376103" role=""/>
  <member type="way" ref="8921175" role=""/>
  <member type="way" ref="26938401" role=""/>
  <member type="way" ref="1553078909" role=""/>
  <member type="way" ref="87297169" role=""/>
  <member type="way" ref="85644934" role=""/>
  <member type="way" ref="514667727" role=""/>
  <member type="way" ref="27050852" role=""/>
  <member type="way" ref="527857393" role=""/>
  <member type="way" ref="527857392" role=""/>
  <member type="way" ref="527857390" role=""/>
  <member type="way" ref="527857388" role=""/>
  <member type="way" ref="85644931" role=""/>
  <member type="way" ref="1218658432" role=""/>
  <member type="way" ref="1218658431" role=""/>
  <member type="way" ref="417091905" role=""/>
  <member type="way" ref="23876482" role=""/>
  <member type="way" ref="85644942" role=""/>
  <member type="way" ref="85562534" role=""/>
  <member type="way" ref="1059871311" role=""/>
  <member type="way" ref="85562592" role=""/>
  <member type="way" ref="85562514" role=""/>
  <member type="way" ref="85562528" role=""/>
  <member type="way" ref="85562580" role=""/>
  <member type="way" ref="1120580318" role=""/>
  <member type="way" ref="85562588" role=""/>
  <member type="way" ref="85562608" role=""/>
  <member type="way" ref="85562498" role=""/>
  <member type="way" ref="514527343" role=""/>
  <member type="way" ref="85562505" role=""/>
  <member type="way" ref="85562564" role=""/>
  <member type="way" ref="1121690295" role=""/>
  <member type="way" ref="398467248" role=""/>
  <member type="way" ref="85562562" role=""/>
  <member type="way" ref="24007958" role=""/>
  <member type="way" ref="85562552" role=""/>
  <member type="way" ref="31780013" role=""/>
  <member type="way" ref="27041291" role=""/>
  <member type="way" ref="399883474" role=""/>
  <member type="way" ref="399883466" role=""/>
  <member type="way" ref="8920946" role=""/>
  <member type="way" ref="1441953039" role=""/>
  <member type="way" ref="8917062" role=""/>
  <member type="way" ref="1017046697" role=""/>
  <member type="way" ref="910361863" role=""/>
  <member type="way" ref="396980345" role=""/>
  <member type="way" ref="396980341" role=""/>
  <member type="way" ref="396980344" role=""/>
  <member type="way" ref="910361858" role=""/>
  <member type="way" ref="91190524" role=""/>
  <member type="way" ref="396980340" role=""/>
  <member type="way" ref="396980342" role=""/>
  <member type="way" ref="133856257" role=""/>
  <member type="way" ref="777349729" role=""/>
  <member type="way" ref="777349727" role=""/>
  <member type="way" ref="338332682" role=""/>
  <member type="way" ref="777349725" role=""/>
  <member type="way" ref="910361859" role=""/>
  <member type="way" ref="910361857" role=""/>
  <member type="way" ref="910361861" role=""/>
  <tag k="fee" v="no"/>
  <tag k="from" v="Main Street &amp; Howard Street"/>
  <tag k="name" v="PresidiGo Downtown Shuttle: Main &amp; Howard =&gt; Presidio Transit Center"/>
  <tag k="network" v="PresidiGo"/>
  <tag k="operator" v="Presidio Trust"/>
  <tag k="public_transport:version" v="2"/>
  <tag k="ref" v="DT"/>
  <tag k="route" v="bus"/>
  <tag k="to" v="Presidio Transit Center"/>
  <tag k="type" v="route"/>
 </relation>
 <relation id="9463381" visible="true" version="3" changeset="188386741" timestamp="2026-09-01T19:56:34Z" user="mapadu" uid="9755853">
  <member type="relation" ref="8610469" role=""/>
  <member type="relation" ref="9463377" role=""/>
  <tag k="name" v="PresidiGo Downtown Shuttle"/>
  <tag k="network" v="PresidiGo"/>
  <tag k="network:wikidata" v="Q7241517"/>
  <tag k="operator" v="Presidio Trust"/>
  <tag k="ref" v="DT"/>
  <tag k="route_master" v="bus"/>
  <tag k="type" v="route_master"/>
 </relation>
 <relation id="10219637" visible="true" version="2" changeset="81910819" timestamp="2020-03-07T22:21:40Z" user="clay_c" uid="119881">
  <member type="node" ref="6918895971" role="stop"/>
  <member type="node" ref="6389731727" role="platform"/>
  <member type="node" ref="6918895970" role="stop"/>
  <member type="node" ref="6389731726" role="platform"/>
  <tag k="alt_name" v="Presidio Boulevard &amp; Simonds Loop"/>
  <tag k="name" v="Presidio Boulevard &amp; Sumner Avenue"/>
  <tag k="network" v="Muni"/>
  <tag k="operator" v="San Francisco Municipal Railway"/>
  <tag k="public_transport" v="stop_area"/>
  <tag k="short_name" v="Presidio &amp; Sumner"/>
  <tag k="type" v="public_transport"/>
 </relation>
 <relation id="10219638" visible="true" version="1" changeset="76250580" timestamp="2019-10-26T19:00:15Z" user="clay_c" uid="119881">
  <member type="node" ref="6918895973" role="stop"/>
  <member type="node" ref="6389731729" role="platform"/>
  <member type="node" ref="6918895972" role="stop"/>
  <member type="node" ref="2525056955" role="platform"/>
  <tag k="name" v="Presidio Boulevard &amp; Letterman Drive"/>
  <tag k="network" v="Muni"/>
  <tag k="operator" v="San Francisco Municipal Railway"/>
  <tag k="public_transport" v="stop_area"/>
  <tag k="type" v="public_transport"/>
 </relation>
 <relation id="10219642" visible="true" version="1" changeset="76250580" timestamp="2019-10-26T19:00:15Z" user="clay_c" uid="119881">
  <member type="node" ref="6918895977" role="stop"/>
  <member type="node" ref="630748499" role="platform"/>
  <member type="node" ref="6388174687" role="platform"/>
  <tag k="name" v="Tide Building"/>
  <tag k="network" v="Muni;PresidiGo"/>
  <tag k="operator" v="San Francisco Municipal Railway"/>
  <tag k="public_transport" v="stop_area"/>
  <tag k="type" v="public_transport"/>
 </relation>
 <relation id="10219643" visible="true" version="2" changeset="76318304" timestamp="2019-10-28T23:05:17Z" user="clay_c" uid="119881">
  <member type="node" ref="6918895978" role="stop"/>
  <member type="node" ref="3722672101" role="platform"/>
  <member type="node" ref="6925736085" role="stop"/>
  <member type="node" ref="6388174688" role="platform"/>
  <tag k="name" v="Letterman Digital Arts Center"/>
  <tag k="network" v="Muni;PresidiGo"/>
  <tag k="operator" v="San Francisco Municipal Railway"/>
  <tag k="public_transport" v="stop_area"/>
  <tag k="type" v="public_transport"/>
 </relation>
 <relation id="13712744" visible="true" version="1" changeset="116527395" timestamp="2022-01-24T07:15:56Z" user="willkmis" uid="11523236">
  <member type="way" ref="773683473" role="outer"/>
  <member type="way" ref="867188016" role="inner"/>
  <member type="way" ref="867188015" role="inner"/>
  <tag k="name" v="MacArthur Meadow"/>
  <tag k="natural" v="wetland"/>
  <tag k="type" v="multipolygon"/>
  <tag k="wetland" v="wet_meadow"/>
 </relation>
 <relation id="18544121" visible="true" version="6" changeset="183000357" timestamp="2026-05-22T01:46:14Z" user="DaveSchweisguth" uid="21613413">
  <member type="way" ref="620169742" role=""/>
  <member type="way" ref="133376112" role=""/>
  <member type="way" ref="399883474" role=""/>
  <member type="way" ref="27041291" role=""/>
  <member type="way" ref="31780013" role=""/>
  <member type="way" ref="85562552" role=""/>
  <member type="way" ref="24007958" role=""/>
  <member type="way" ref="85562562" role=""/>
  <member type="way" ref="398467248" role=""/>
  <member type="way" ref="1121690295" role=""/>
  <member type="way" ref="85562564" role=""/>
  <member type="way" ref="85562505" role=""/>
  <member type="way" ref="514527343" role=""/>
  <member type="way" ref="85562498" role=""/>
  <member type="way" ref="85562608" role=""/>
  <member type="way" ref="85562588" role=""/>
  <member type="way" ref="1120580318" role=""/>
  <member type="way" ref="85562580" role=""/>
  <member type="way" ref="85562528" role=""/>
  <member type="way" ref="85562514" role=""/>
  <member type="way" ref="85562592" role=""/>
  <member type="way" ref="1059871311" role=""/>
  <member type="way" ref="85562534" role=""/>
  <member type="way" ref="85644942" role=""/>
  <member type="way" ref="23876482" role=""/>
  <member type="way" ref="542267274" role=""/>
  <member type="way" ref="417091875" role=""/>
  <member type="way" ref="85562500" role=""/>
  <member type="way" ref="85562554" role=""/>
  <member type="way" ref="1120570314" role=""/>
  <member type="way" ref="85562490" role=""/>
  <member type="way" ref="85562541" role=""/>
  <member type="way" ref="85562604" role=""/>
  <member type="way" ref="85562585" role=""/>
  <member type="way" ref="85562503" role=""/>
  <member type="way" ref="85562583" role=""/>
  <member type="way" ref="85562596" role=""/>
  <member type="way" ref="514527342" role=""/>
  <member type="way" ref="85562507" role=""/>
  <member type="way" ref="85562572" role=""/>
  <member type="way" ref="1121693209" role=""/>
  <member type="way" ref="85562522" role=""/>
  <member type="way" ref="8922429" role=""/>
  <member type="way" ref="31780017" role=""/>
  <member type="way" ref="542173788" role=""/>
  <member type="way" ref="1232644146" role=""/>
  <member type="way" ref="198877615" role=""/>
  <member type="way" ref="198877612" role=""/>
  <member type="way" ref="23157849" role=""/>
  <member type="way" ref="402111597" role=""/>
  <member type="way" ref="1346452166" role=""/>
  <member type="way" ref="331111652" role=""/>
  <member type="way" ref="1346452236" role=""/>
  <member type="way" ref="446598043" role=""/>
  <member type="way" ref="91185870" role=""/>
  <member type="way" ref="148846999" role=""/>
  <member type="way" ref="91185869" role=""/>
  <member type="way" ref="23924508" role=""/>
  <member type="way" ref="8921164" role=""/>
  <member type="way" ref="793183572" role=""/>
  <member type="way" ref="88142685" role=""/>
  <tag k="name" v="Lombard Street"/>
  <tag k="route" v="street"/>
  <tag k="type" v="route"/>
  <tag k="wikidata" v="Q930276"/>
 </relation>
 <relation id="20348156" visible="true" version="1" changeset="180073315" timestamp="2026-03-18T18:08:49Z" user="oscarm_lyft" uid="22944464">
  <member type="way" ref="620169742" role="from"/>
  <member type="node" ref="5241967569" role="via"/>
  <member type="way" ref="542173788" role="to"/>
  <tag k="implicit" v="yes"/>
  <tag k="restriction" v="no_left_turn"/>
  <tag k="type" v="restriction"/>
 </relation>
</osm>
